question,answer,chapter,explanation
気候が温暖になり、農耕と牧畜が始まったことで、人類は狩猟と採集にのみ依存する生活から脱した。,◯,第1章　古代文明の出現,テキストにある通り、氷期が終わり気候が温暖になると、人類は狩猟・採集から農耕・牧畜という新しい生活形態を獲得した。
余剰生産物の蓄積が可能になったが、社会組織や分業が生まれるまでには至らなかった。,×,第1章　古代文明の出現,間違った文章である。余剰生産物の蓄積が可能になったことは、分業や社会組織を生み出すことにつながった。
古代文明は、大河流域だけでなく高原地域においても、農耕を軸として発達することがあった。,◯,第1章　古代文明の出現,テキストには、農耕を軸とした社会が「世界各地の大河流域、あるいは高原地域で発達していく」と記述されている。
本章で扱うメソポタミア文明は、ナイル川の流域において成立した文明である。,×,第1章　古代文明の出現,間違った文章である。メソポタミア文明は、ティグリス川とユーフラテス川の流域に生じた文明である。
エーゲ文明は、メソポタミア文明の強い影響を受けて成立した文明として紹介されている。,×,第1章　古代文明の出現,間違った文章である。テキストでは、エーゲ文明は「エジプト文明の影響を受けた」と記されている。
古代における人類の生活形態は農耕がすべてであり、遊牧などの形態をとる社会は存在しなかった。,×,第1章　古代文明の出現,間違った文章である。農耕を軸としない、遊牧などの生活形態をとった社会も存在したことが明記されている。
約1万年前に氷期が終わって温暖化が進むと、人々は平地の小屋を離れ、より安全な山地の洞窟へと移り住んだ。,×,第1章　古代文明の出現,間違った文章である。石斧の発明などにより森林の伐採が容易になったため、人々は山地の洞窟を離れて、平地に小屋を建てて住むようになった。
食料獲得経済から食料生産経済への飛躍は、食料生産革命（新石器革命）ともよばれる。,◯,第1章　古代文明の出現,テキストにある通り、狩猟・採集・漁撈から家畜飼育や農耕へ転換したことは、食料生産段階への飛躍であり、食料生産革命とよばれる。
西アジアにおける農耕は、約1万年前にメソポタミア南部からナイル川流域にかけての地域で、稲の栽培から始まった。,×,第1章　古代文明の出現,間違った文章である。西アジアでは約1万年前に、メソポタミア北部からアナトリア高原にかけての地域で「麦」の栽培が開始された。
東アジアでは、黄河流域で約9000年前に稲が、長江流域で約8000年前にアワとキビが栽培されるようになった。,×,第1章　古代文明の出現,間違った文章である。正しくは、黄河流域で約8000年前にアワ・キビが、長江流域で約9000年前に稲が栽培されるようになった。
西アジアで始まった麦栽培や牧畜は、約7000年前ごろにヨーロッパへ伝播した。,◯,第1章　古代文明の出現,テキストの記述通り、西アジアの麦栽培や牧畜は、7000年前ごろにヨーロッパに伝播した。
日本列島で本格的な農耕が始まったのは前5世紀ごろと比較的遅いが、これは食料資源が乏しく農耕を開始する体力がなかったためとされる。,×,第1章　古代文明の出現,間違った文章である。農耕の開始が遅かったのは、農耕に頼らなくても（狩猟・採集などで）十分な食料を得られていたことを示唆している。
遊牧民は広大なステップで定住地をもちながら、家畜を小規模に移動させて生活し、農耕地域との接触を避けて自給自足を行った。,×,第1章　古代文明の出現,間違った文章である。遊牧民は遠距離移動のため「定住地をもたない」。また、近隣の農耕地域と密接な経済関係をもち、遠距離交易にも従事した。
東南アジアで開発されたバナナ、ヤムイモ、タロイモ、サトウキビの栽培技術は、オーストラリアにも広く伝播した。,×,第1章　古代文明の出現,間違った文章である。これらの農業技術は、オーストラリアには伝播していないと考えられている。
都市における文字の発明は、主に神意をうかがう祭祀や、財政・会計事務などの必要性から発達した。,◯,第1章　古代文明の出現,祭祀や財政・会計事務の記録のために文字が発達し、人類にとって大きな発明となった。
「前4千年紀」とは、紀元前3000年から紀元前2001年までの1000年間を指す。,×,第1章　古代文明の出現,間違った文章である。前4千年紀とは、紀元前4000年から紀元前3001年までの1000年間を指す。
青銅器は、当初から容器や装身具としてのみ使われ、武器として用いられることはなかった。,×,第1章　古代文明の出現,間違った文章である。当初は斧や刀剣として、やがて容器や装身具としても用いられるようになった。
文字記録が存在する時代を歴史時代とし、それ以前を先史時代として区分するのが歴史学の伝統である。,◯,第1章　古代文明の出現,歴史学では伝統的に文字記録の有無で時代を区分するが、現在は文字以外の資料を用いた再構築も求められている。
アメリカ大陸では、ユーラシア大陸から伝わった麦や稲の栽培技術をもとに、独自の農耕文化が発展した。,×,第1章　古代文明の出現,間違った文章である。アメリカ大陸は農耕成立以前にユーラシアから切り離されており、トウモロコシやジャガイモなどの独自の農耕文化が生まれた。
トマト、ジャガイモ、トウガラシなどは、アメリカ大陸で栽培化され、古アメリカ文明の基礎となった。,◯,第1章　古代文明の出現,これらはアメリカ大陸で独自に栽培化された作物であり、古アメリカ文明の基盤となった。
アフリカ大陸や南北アメリカ大陸は、ユーラシア大陸よりも地形の制約が少なく、農耕の伝播が容易であった。,×,第1章　古代文明の出現,間違った文章である。ユーラシア大陸は、アフリカや南北アメリカ大陸よりも地形の制約が少なく、農耕の伝播が比較的容易であった。
東アジアでは、丸みをおびたジャポニカ種と、籾が長く粘り気が弱いインディカ種の両方が主に栽培された。,×,第1章　古代文明の出現,間違った文章である。東アジアで多く栽培されたのはジャポニカ種であり、インディカ種はインド東部のガンジス川デルタ地帯などで栽培された。
オリエントの地理的特徴として、中心地域には肥沃な大河流域があり、南と西には巨大な山岳地帯が広がっている。,×,第1章　古代文明の出現,間違った文章である。山岳地帯があるのは「東と北」であり、南と西には巨大な砂漠地帯が広がっている。
メソポタミアは周囲を砂漠と海に囲まれた閉鎖的な地形で、外部勢力の侵入を受けにくい環境であった。,×,第1章　古代文明の出現,間違った文章である。外部からの侵入を受けにくく閉鎖的だったのは「エジプト」であり、メソポタミアは移住や侵入に対して開かれた地域であった。
エーゲ海沿岸は地中海性気候で平地が狭いため、穀物生産よりもオリーヴやブドウの栽培、羊の牧畜に適している。,◯,第1章　古代文明の出現,石灰岩質のやせた土壌であるため、穀物よりも果樹栽培や牧畜が盛んであり、不足する穀物は海上交通で補っていた。
シュメール人によって形成された都市国家では、中心部に守護神をまつる神殿があり、王が宗教的な祭儀を担っていた。,◯,第1章　古代文明の出現,ウルやウルクなどの都市国家では、神殿を中心に王が祭儀を行い、階級分化の進んだ社会が築かれていた。
メソポタミアでは、天体観測にもとづく太陽暦や、十進法による時間や方位の区分が早くから発達した。,×,第1章　古代文明の出現,間違った文章である。メソポタミアで発達したのは「太陰暦（のちに太陰太陽暦）」および「六十進法」である。
前24世紀、セム語系のアッカド人を率いたサルゴン1世は、シュメール人の都市国家を征服して覇権をふるった。,◯,第1章　古代文明の出現,サルゴン1世率いるアッカド人は、シュメール諸都市を征服し、広大な地域を支配した。
古バビロニア王国のハンムラビ王が発布したハンムラビ法典は、各地の法慣習をまとめたものである。,◯,第1章　古代文明の出現,メソポタミア全土を支配したハンムラビ王は、各地の慣習法をまとめ、多民族から権威を認められる法典を確立した。
インド・ヨーロッパ語系のヒッタイトは、強力な青銅製武器を用いて、前16世紀に古バビロニア王国を滅ぼした。,×,第1章　古代文明の出現,間違った文章である。ヒッタイトが用いたのは「鉄製武器」と「馬にひかせた戦車」である。
エジプトでは、ナイル川流域の部族国家がまとめられ、前3000年ごろには上下エジプトを統一した王国が成立した。,◯,第1章　古代文明の出現,ナイル河谷の上エジプトとデルタ地帯の下エジプトが統一され、メンフィスを都とする王国が誕生した。
古王国時代のエジプトは、ヒクソスなど外部勢力との交流が盛んで、初期から馬と戦車を軍事に活用していた。,×,第1章　古代文明の出現,間違った文章である。古王国時代は外部から孤立しており、馬と戦車をもつヒクソスが侵入したのは中王国時代の末である。
アメンホテプ4世は、アメン神を唯一神とする宗教改革を断行し、自らをイクナートンと称して都をテーベに移した。,×,第1章　古代文明の出現,間違った文章である。アメンホテプ4世が唯一神としたのは「アトン神」であり、都はテーベから「アマルナ」に移された。
エジプト新王国のラメス2世の死後、オリエントが鉄器時代に入ると、エジプトは鉄資源の不足により衰退していった。,◯,第1章　古代文明の出現,繁栄を誇ったエジプトも、鉄資源の不足から鉄器時代への適応が難しくなり、勢力を弱めていった。
エジプト人は太陽暦を用い、1年を365日とした。これは今日の暦のもととなっている。,◯,第1章　古代文明の出現,実用的な学識に優れていたエジプト人は、ナイル川の増水周期などから太陽暦を生み出した。
エジプトの象形文字のうち、ヒエログリフ（神聖文字）を簡略化したものは、楔形文字とよばれる。,×,第1章　古代文明の出現,間違った文章である。ヒエログリフを簡略化したものは「デモティック（民衆文字）」である。楔形文字はメソポタミアで生まれた別の体系の文字である。
イギリスのローリンソンらは、ペルセポリス碑文などの研究を通じて、アッシリア語の楔形文字を解読した。,◯,第1章　古代文明の出現,古代ペルシア語の解読を足がかりに、ローリンソンらによってアッシリア語の楔形文字が解読された。
シャンポリオンによるヒエログリフ解読の鍵となったロゼッタ石には、ヒエログリフ、楔形文字、ギリシア語の三種の文字が記されていた。,×,第1章　古代文明の出現,間違った文章である。ロゼッタ石に記されていた三種の文字は、ヒエログリフ、デモティック、ギリシア語である。
クレタ文明（ミノア文明）のクノッソス宮殿は、強固な城壁に囲まれており、常に外敵に備えた閉鎖的な性格をもっていた。,×,第1章　古代文明の出現,間違った文章である。クノッソス宮殿には城壁がなく、彩色壁画の内容からも平和で開放的な性格だったと考えられている。
ミケーネ文明は、ミケーネやティリンスなどに巨石の城塞をもつ王宮を築き、貢納組織と官僚制をもつ国家を形成した。,◯,第1章　古代文明の出現,前16世紀ごろにギリシア系の人々によって生み出されたミケーネ文明は、強力な城塞を中心とした国家体制をもっていた。
前12世紀にミケーネ文明が崩壊した後の約400年間は、鉄器時代へ移行しながらも混乱が続いた「暗黒時代」とよばれる。,◯,第1章　古代文明の出現,この時期は「海の民」の襲撃などで激動期を迎え、方言の差異が目立つようになった混乱の時代である。
ドイツ人のシュリーマンは、ホメロスの叙事詩を史実と信じてトロヤを発掘し、エヴァンズはクノッソス宮殿跡を発掘した。,◯,第1章　古代文明の出現,両考古学者の功績により、エーゲ文明の実態が明らかになった。
ミケーネ文明で使用された線文字Aは、イギリス人のヴェントリスらによって解読された。,×,第1章　古代文明の出現,間違った文章である。解読されたのは「線文字B」であり、線文字Aは現在も未解読である。
「エジプトはナイルの賜物」という言葉は、メソポタミアの王ハンムラビが残した有名な法典の一節である。,×,第1章　古代文明の出現,間違った文章である。これはギリシアの歴史家ヘロドトスが残した言葉である。
ヒッタイトとエジプト新王国はシリアをめぐって戦ったのち、世界最古の現存する国際条約を結んだ。,◯,第1章　古代文明の出現,カデシュの戦いの後、両国間で国際条約が結ばれたことが記されている。
南アジアの生活に大きな影響を与えるモンスーン（季節風）は、夏は北東から、秋は南西から吹く。,×,第1章　古代文明の出現,間違った文章である。正しくは、夏は南西から、秋は北東から吹く。
デカン高原は湿潤な地域であり、大量の水を必要とする稲作農業が古くから盛んに行われてきた。,×,第1章　古代文明の出現,間違った文章である。デカン高原は半乾燥地域であり、水の使用を抑えた夏作雑穀や綿花の栽培が盛んである。
インダス川流域は乾燥地域だが、イラン高原を通じて西アジアから伝わった麦作や牧畜が前3500年ごろまでに定着した。,◯,第1章　古代文明の出現,西アジアと南アジアを結ぶ回廊であったインダス川流域では、早くから麦作や牧畜が本格的に営まれていた。
インダス文明の都市、ハラッパーやモヘンジョ・ダロは、整然と区画された道路や下水道をもつ計画都市であった。,◯,第1章　古代文明の出現,焼成煉瓦の建物や沐浴場、公共建築などが整備されており、高度な都市計画がなされていた。
インダス文明の遺跡からは巨大な宮殿や王の陵墓が発見されており、メソポタミアのような強大な支配者の存在が証明されている。,×,第1章　古代文明の出現,間違った文章である。宮殿や陵墓は発見されておらず、強大な支配者のいない社会であったと考えられている。
インダス文字が刻まれた印章や紅玉髄のビーズは、メソポタミアでも発見されており、両地域間の交流を物語っている。,◯,第1章　古代文明の出現,凍石製印章やビーズなどの出土品から、インダス文明とメソポタミア文明の間に活発な交易があったことがわかる。
インダス文明の衰退の主な原因は、ヒッタイトによる鉄製武器を用いた大規模な軍事侵攻である。,×,第1章　古代文明の出現,間違った文章である。衰退の要因は、河川流路の変更や気象の変化によるものと考えられている。
インダス文明を担った民族はドラヴィダ人であることが確定しており、すでにこの時期にカースト制度が完成していた。,×,第1章　古代文明の出現,間違った文章である。文明を担った民族が確定しているわけではない。
アーリヤ人はインド・ヨーロッパ語系の人々であり、前1500年ごろにカイバル峠を越えてパンジャーブ地方に移住してきた。,◯,第1章　古代文明の出現,アーリヤ人は北西から二輪戦車を駆使して進出し、先住民と戦いながら各地へ広がった。
アーリヤ人の最古の聖典である『リグ・ヴェーダ』は、現代の英語に近い言語で書かれている。,×,第1章　古代文明の出現,間違った文章である。ヴェーダには古い形のサンスクリット語が用いられている。
ガンジス川中流域に進出したアーリヤ人は、前1000年ごろから鉄器を使用し、森林を切り拓いて稲作を開始した。,◯,第1章　古代文明の出現,鉄器の使用とともに森林の開拓が進み、牧畜社会から定着農耕社会へと移行した。
バラモン教の祭儀が複雑化するなかで、軍事指導者たちは最高位の司祭階級であるバラモンを形成した。,×,第1章　古代文明の出現,間違った文章である。軍事指導者が形成したのは武人階層である「クシャトリヤ」であり、祭儀をつかさどるのは「バラモン」である。
ヴァルナのうち、一般庶民はヴァイシャ、隷属民はシュードラとよばれる。,◯,第1章　古代文明の出現,バラモン、クシャトリヤ、ヴァイシャ、シュードラの四つがヴァルナの基本構成である。
ヴァルナによる身分差別の原点は「富の多寡」という考えにあり、最も裕福な王族が最高の存在とされた。,×,第1章　古代文明の出現,間違った文章である。身分差別の原点は「浄・不浄」という考えにあり、最も清浄な存在とされるバラモンが最高の権威をもった。
インダス文字は現在までにその大部分が解読されており、アーリヤ人の言語との共通性が証明されている。,×,第1章　古代文明の出現,間違った文章である。インダス文字はいまだに解読されておらず、言語についてもはっきりしたことはわかっていない。
インダス文明の主要都市であるドーラーヴィーラーは、20世紀末からの調査でモヘンジョ・ダロ級の大都市であることが判明した。,◯,第1章　古代文明の出現,近年の発掘調査により、ドーラーヴィーラーが広大な遺跡をもつ重要な都市であったことが明らかになった。
黄河流域（華北）は温帯から熱帯に属し、一年を通じて降雨量が多いため、古くから稲作が中心であった。,×,第1章　古代文明の出現,間違った文章である。黄河流域は冷帯から温帯に属し、乾燥度が強い地域であるため、アワやキビなどの栽培が行われた。
華北の新石器時代の仰韶文化は、明るい彩色文様の土器を特徴とすることから、彩陶文化ともいわれる。,◯,第1章　古代文明の出現,前5000年〜前3000年ごろに黄河中流域に現れた文化で、彩陶を伴うのが特徴である。
長江中流域では前7000年ごろには稲作が定着しており、湿潤な環境を活かした農耕が行われていた。,◯,第1章　古代文明の出現,華中は照葉樹林と湖沼が広がる湿潤な地域で、早期に稲作が定着した。
前3000年ごろに出現した竜山文化は、良質の研磨土器である黒陶を特徴とし、周辺の邑を組織化して都市国家へ発展した。,◯,第1章　古代文明の出現,竜山文化は灰陶や黒陶を特徴とし、城壁をめぐらす都市国家（大邑）を形成していった。
殷（商）は、強力な中央集権国家であり、周辺の集落をすべて直接支配する領土国家であった。,×,第1章　古代文明の出現,間違った文章である。殷は、商という大邑を中心とした都市国家の連合組織（邑制国家）であった。
殷墟から出土した甲骨文字は、エジプトのヒエログリフの影響を受けて成立した文字である。,×,第1章　古代文明の出現,間違った文章である。甲骨文字は、殷王が神意を占った記録であり、漢字の原型となった独自の文字である。
殷代は本格的な青銅器時代であり、武器や工具のほか、複雑な造形をもつ祭器もつくられた。,◯,第1章　古代文明の出現,複数の鋳型を組み合わせる高度な技術で、多様な青銅器が製作されていた。
二里頭文化期から東周にいたる宮殿の遺跡は、黄河の河道が安定していた長江下流域に集中している。,×,第1章　古代文明の出現,間違った文章である。これらの宮殿遺跡は、黄河の渓谷と平原の境に位置する「洛陽」に集中している。
周は殷を滅ぼした後、都を鎬京に置き、一族や功臣に土地を分与して統治させる封建制を構築した。,◯,第1章　古代文明の出現,前1100年ごろ、周は殷を滅ぼして鎬京（西安）を都とし、世襲の諸侯に統治をまかせる支配体制を確立した。
周の封建制において、王から土地を与えられた家臣の階層は、上から「士・大夫・卿」の順である。,×,第1章　古代文明の出現,間違った文章である。正しくは、上から「卿（けい）・大夫（たいふ）・士（し）」の順である。
易姓革命とは、天命が革まり天子の姓が易わるという考え方で、王朝が交代することを意味する。,◯,第1章　古代文明の出現,天帝から与えられた使命（天命）が変化することで王朝が変わるという考え方である。
周の支配者層は、宗法とよばれる規範を立て、血縁集団である「宗族」の結束を固めた。,◯,第1章　古代文明の出現,父系の血縁集団を基礎とした宗族社会は、宗法によって厳格に秩序づけられていた。
前770年、周は犬戎の攻撃を受けて首都を失い、都を西方の鎬京からさらに西へと移した。,×,第1章　古代文明の出現,間違った文章である。都は「東方」の洛邑（洛陽）に移された。これを東周と呼ぶ。
二里頭遺跡は、のちの中国王朝の宮殿建築の原型とみられる遺構があり、夏王朝のものとみなす学説もある。,◯,第1章　古代文明の出現,河南省の二里頭遺跡は、文献上の最初の王朝とされる夏との関連が議論されている。
浙江省の河姆渡遺跡は、前5000年ごろにさかのぼる遺跡であり、稲籾や骨製の鋤が出土している。,◯,第1章　古代文明の出現,長江下流域の河姆渡遺跡は、早期の稲作文化を象徴する重要な遺跡である。
前2000年前後に各地の農耕文化が衰退した要因として、急激な地球の温暖化があったとする説が有力である。,×,第1章　古代文明の出現,間違った文章である。要因の一つとして説かれているのは、気候の急激な「寒冷化」である。
アケメネス朝ペルシアは、メソポタミアからエジプトにいたる諸地域を統合し、多民族を支配下に置く大帝国を築いた。,◯,第2章　西アジアと地中海周辺,アッシリアやアケメネス朝は、オリエント諸地域のつながりを深め、広大な地域を統合する大帝国となった。
オリエントと東地中海地域は、マケドニアによるアケメネス朝の征服を機に、ヘレニズム世界として一体性を得た。,◯,第2章　西アジアと地中海周辺,マケドニアの征服によって両地域が結びつき、ヘレニズム世界という新たな文化圏が形成された。
マケドニアによる支配は千年以上続き、その間ヘレニズム世界が分裂することはなかった。,×,第2章　西アジアと地中海周辺,間違った文章である。マケドニアの支配はすぐに瓦解し、その後はプトレマイオス朝やパルティアなどの後継国家に受け継がれた。
ローマ帝国は、自らが支配していた西地中海地域とともに、ヘレニズム世界の後継国家をも支配下に置いていった。,◯,第2章　西アジアと地中海周辺,台頭したローマ帝国は、西地中海からヘレニズム世界にわたる広大な地域を統合した。
ローマ帝国とササン朝ペルシアが並び立っていた時代、両国では多神教が全盛を極め、一神教は完全に途絶えた。,×,第2章　西アジアと地中海周辺,間違った文章である。両国の足もとではキリスト教をはじめとした一神教が勢いを強め、周囲に広がっていた。
イスラームはアラビア半島で生まれ、かつてローマやペルシアが支配していた地域に覇権を築いた。,◯,第2章　西アジアと地中海周辺,アラブ人たちはイスラームを奉じて急速に発展し、広大な地域を支配下に置いた。
ローマ帝国はゲルマン人の侵入に対応するため、帝国の重心を西方のガリア地域へと移した。,×,第2章　西アジアと地中海周辺,間違った文章である。ローマ帝国はゲルマン人の侵入に対応するなかで、その重心を「東」に移した。
オリエントと地中海周辺地域は、政治勢力の交代を経て、一神教を基盤とした世界へと変容していった。,◯,第2章　西アジアと地中海周辺,大局的には、神話や聖典の一部を共有する一神教的な世界観が、この地域全体の基盤となった。
ヒッタイトが滅亡した後の混乱期を経て、鉄器の製作技術はオリエント各地に広まった。,◯,第2章　西アジアと地中海周辺,「海の民」の活動による混乱でヒッタイトが滅亡した後、独占されていた鉄器技術が普及した。
フェニキア人はダマスカスを拠点に内陸交易を行い、ラクダを用いた大規模な隊商を組織した。,×,第2章　西アジアと地中海周辺,間違った文章である。内陸交易と隊商組織で知られるのは「アラム人」である。フェニキア人はシドンやティルスを拠点とした海上交易を主とした。
北アフリカの植民市カルタゴは、前6世紀ごろから西地中海の交易網を握り、母国から自立して大勢力を誇った。,◯,第2章　西アジアと地中海周辺,フェニキア人が建設したカルタゴは、貴金属交易を独占してめざましく発展した。
アラム語は国際商業の共通語として西アジア一帯で用いられ、その文字はアラビア文字などの源となった。,◯,第2章　西アジアと地中海周辺,内陸交易の広がりとともにアラム語・アラム文字は国際的な広まりを見せた。
ヘブライ人の王国は、ソロモン王の死後も統一を維持し、新バビロニアを滅ぼすほどの大帝国となった。,×,第2章　西アジアと地中海周辺,間違った文章である。ヘブライ人の王国は前10世紀末にイスラエル王国とユダ王国に分裂し、のちにアッシリアや新バビロニアによって滅ぼされた。
ユダヤ教は、ユダヤ人だけが救われるという選民思想や、救世主（メシア）を待望する信仰を特徴とする。,◯,第2章　西アジアと地中海周辺,バビロン捕囚などの苦難の歴史の中で、預言者たちによってこうした信仰が形成された。
フェニキア人が作成した表音文字は、現在のアルファベットのもととなった。,◯,第2章　西アジアと地中海周辺,交易活動における通信や簿記の必要性から、実用的な表音文字が作り上げられた。
ユダヤ教の聖典は、キリスト教では「新約聖書」と呼ばれ、イスラームとも共通の聖典となっている。,×,第2章　西アジアと地中海周辺,間違った文章である。キリスト教で呼ばれる名称は「旧約聖書」である。
アッシリア帝国は、鉄製の武器や戦車、騎馬隊を駆使して、前7世紀前半にオリエント全土を初めて統一した。,◯,第2章　西アジアと地中海周辺,アッシリアは強力な軍事力を背景に、エジプトを含むオリエント全域を支配する最初の帝国となった。
アッシリアは、征服地の宗教や法を尊重する寛容な政策をとったため、長期間にわたって安定した統治を実現した。,×,第2章　西アジアと地中海周辺,間違った文章である。アッシリアは強制移住や重税などの高圧的な統治を行ったため被征服民の反感を招き、短期間で滅亡した。
リディアは、アナトリア西部に建国された王国で、世界で初めて打刻による貨幣をつくったことで知られる。,◯,第2章　西アジアと地中海周辺,リディアの貨幣鋳造技術は、のちにギリシア人にも受け継がれることになった。
アケメネス朝のダレイオス1世は、中央から「王の目」「王の耳」と呼ばれる巡察使を派遣して、地方行政を監視させた。,◯,第2章　西アジアと地中海周辺,サトラップ（総督）を監視し、中央集権体制を維持するためにこれらの巡察使が活用された。
アケメネス朝ペルシアでは、アッシリアと同様に被征服民に対して強制移住を命じ、他民族の宗教を固く禁じた。,×,第2章　西アジアと地中海周辺,間違った文章である。アケメネス朝はアッシリアとは異なり、義務を果たす限りにおいて異民族の法や宗教を尊重する寛容な政策をとった。
ゾロアスター教は、善の神アフラ・マズダと悪の神アーリマンの対立を説き、最後の審判や天国の観念をもっていた。,◯,第2章　西アジアと地中海周辺,この宗教観は、のちのユダヤ教、キリスト教、イスラームなどの一神教にも大きな影響を与えた。
アケメネス朝は、「王の道」と呼ばれる公道を整備し、駅伝制を設けることで王都と地方を直結させた。,◯,第2章　西アジアと地中海周辺,交通網の整備は、行政情報の迅速な伝達だけでなく、商業交易の発展にも大きく貢献した。
アケメネス朝は前5世紀のペルシア戦争に勝利し、その後も勢力を伸ばして、前330年にギリシア全土を併合した。,×,第2章　西アジアと地中海周辺,間違った文章である。ペルシア戦争には失敗し、前330年には逆にアレクサンドロス大王の遠征軍によって滅ぼされた。
ギリシア人は自らをバルバロイと呼び、他民族をヘレネスと呼んで、同一民族としての自覚を強めた。,×,第2章　西アジアと地中海周辺,間違った文章である。自らを「ヘレネス」、他民族を「バルバロイ」と呼んで区別した。
ポリスは、アクロポリス（城塞）やアゴラ（広場）を中心に人々が集住（シノイキスモス）することで形成された。,◯,第2章　西アジアと地中海周辺,前8世紀ごろ、有力貴族の指導のもとで都市国家としてのポリスが誕生した。
貨幣の普及により富裕になった市民は、自費で武装を整えて騎馬隊を組織し、ポリス軍の主力となった。,×,第2章　西アジアと地中海周辺,間違った文章である。富裕になった市民は「重装歩兵」となり、軍隊の主力を担った。
アテネのソロンは、負債による平民の奴隷化を禁止し、財産に応じて参政権を定める改革を行った。,◯,第2章　西アジアと地中海周辺,貴族と平民の対立を調停するため、身体を抵当とする借財の禁止などを断行した。
クレイステネスは、僭主の出現を防ぐために、オストラキスモス（陶片追放）の制度を定めた。,◯,第2章　西アジアと地中海周辺,独裁的な僭主があらわれるのを防ぎ、民主政の基礎を築くための制度として導入された。
スパルタの市民は、商工業に従事するヘイロータイと、隷属農民であるペリオイコイを支配した。,×,第2章　西アジアと地中海周辺,間違った文章である。正しくは、商工業に従事するのが「ペリオイコイ」、隷属農民が「ヘイロータイ」である。
スパルタでは、少数の市民が多数の隷属民を支配するため、リュクルゴス体制と呼ばれる厳しい軍国主義がとられた。,◯,第2章　西アジアと地中海周辺,厳しい訓練を課すとともに、貧富の差を抑えるための土地管理や鎖国体制が敷かれた。
アテネでは、ソロンの改革後すぐに貴族と平民の抗争が終結したため、僭主が現れることはなかった。,×,第2章　西アジアと地中海周辺,間違った文章である。改革後も抗争は収まらず、平民の不満を背景にペイシストラトスのような僭主があらわれた。
ペルシア戦争において、アテネはテミストクレスの指揮下でサラミスの海戦を戦い、ペルシア海軍を撃破した。,◯,第2章　西アジアと地中海周辺,前480年のサラミスの海戦は、テミストクレスの指導によってギリシア側が勝利した重要な戦いである。
ペリクレス時代のアテネでは、下層市民も軍船の漕ぎ手として活躍したことで発言力を増し、直接民主政が実現された。,◯,第2章　西アジアと地中海周辺,成年男性市民による民会を中心とした徹底した民主政が確立され、公職の多くは籤引きで選ばれた。
ペロポネソス戦争において、アテネはペルシアの支援を背景に、スパルタを圧倒して全ギリシアの覇権を握った。,×,第2章　西アジアと地中海周辺,間違った文章である。ペルシアの支援を得て勝利したのは「スパルタ」であり、アテネは敗北した。
前4世紀前半のギリシアでは、市民自らがポリスを自衛する原則が強まり、傭兵の使用は厳格に禁止された。,×,第2章　西アジアと地中海周辺,間違った文章である。土地を失う市民が増えたことで、市民による自衛の原則は失われ、むしろ傭兵が盛んに用いられるようになった。
マケドニアのフィリッポス2世は、カイロネイアの戦いでアテネ・テーベ連合軍を破り、ギリシアの諸ポリスを服属させた。,◯,第2章　西アジアと地中海周辺,前338年のこの勝利により、マケドニアはコリントス同盟を通じてギリシアの主導権を握った。
アレクサンドロス大王は、東方遠征の途上でペルシア帝国を滅ぼし、さらに黄河流域にまで達する大帝国を建設した。,×,第2章　西アジアと地中海周辺,間違った文章である。大王の遠征は「インダス川流域」までであり、黄河流域（中国）には達していない。
アレクサンドロス大王はペルシアを征服した後、ペルシアの宮廷儀礼や官僚制度を否定し、すべてギリシア式に統一した。,×,第2章　西アジアと地中海周辺,間違った文章である。大王はペルシア帝国の後継者を自任し、その宮廷や官僚制度を継承した。
ヘレニズム時代には、エジプトのアレクサンドリアなどの都市が建設され、ギリシア風の文化がオリエント各地に広がった。,◯,第2章　西アジアと地中海周辺,ギリシア人の移住とともにヘレニズム文化が受容され、アレクサンドリアはその中心地として繁栄した。
ホメロスがまとめた叙事詩『イーリアス』には、トロヤ戦争の英雄とともに、感情豊かなオリンポスの神々が登場する。,◯,第2章　西アジアと地中海周辺,ギリシアの神々は人間の姿をし、喜怒哀楽をあらわに人間に働きかける存在として描かれた。
万物の根源を数とみなしたタレスは「医学の父」と呼ばれ、ピタゴラスは万物の根源を水であると唱えた。,×,第2章　西アジアと地中海周辺,間違った文章である。万物の根源を水としたのはタレス、数としたのはピタゴラスである。また、「医学の父」はヒッポクラテスである。
アテネの演劇は、単なる娯楽ではなく、政治や裁判に参加する市民への教育として重要な役割をもっていた。,◯,第2章　西アジアと地中海周辺,国家の定例行事として上演され、富裕市民が費用を負担し、多くの市民が直接参加する公的行事であった。
ソフィストのプロタゴラスは、真理の絶対性を主張し、「人間は万物の尺度である」とするプラトンの思想を批判した。,×,第2章　西アジアと地中海周辺,間違った文章である。「人間は万物の尺度である」と唱えたのはプロタゴラス自身であり、彼は相対主義の立場をとった。
アリストテレスは諸学を集大成し、その思想はのちのイスラーム世界や中世ヨーロッパのスコラ学に大きな影響を与えた。,◯,第2章　西アジアと地中海周辺,哲学、論理学、政治学、自然科学などを体系化した彼の学問は、後世の広範な地域で受容された。
ヘレニズム時代には、地球の自転と公転を指摘したアリスタルコスや、エウクレイデス（ユークリッド）などの科学者が輩出した。,◯,第2章　西アジアと地中海周辺,ギリシアとオリエントの科学が融合し、アレクサンドリアのムセイオンなどを中心に自然科学が大きく発展した。
ヘレニズム時代の哲学であるストア派は精神的快楽を求め、エピクロス派は厳格な禁欲こそが幸福であると説いた。,×,第2章　西アジアと地中海周辺,間違った文章である。禁欲を説いたのが「ストア派」、精神的快楽を説いたのが「エピクロス派」である。
歴史家のヘロドトスはペロポネソス戦争を批判的に記述し、トゥキディデスはペルシア戦争を物語風に描いた。,×,第2章　西アジアと地中海周辺,間違った文章である。ペルシア戦争を物語風に描いたのが「ヘロドトス」、ペロポネソス戦争を批判的に記述したのが「トゥキディデス」である。
イタリア半島の先住民であるエトルリア人は、前7世紀から前6世紀にかけて、多数の都市国家を築き最盛期を迎えた。,◯,第2章　西アジアと地中海周辺,エトルリア人はギリシア文化を受容し、工芸や建築技術を磨いてイタリア半島に最初の文明を花開かせた。
ローマは建国当初からラテン人による独立した共和政国家であり、エトルリア人の影響を受けることはなかった。,×,第2章　西アジアと地中海周辺,間違った文章である。ローマははじめエトルリア人の支配下にあり、政治や土木建築などの面で大きな影響を受けていた。
ローマ共和政の最高決定機関である元老院は、主に平民から選出された議員によって構成されていた。,×,第2章　西アジアと地中海周辺,間違った文章である。元老院は、公職経験者である貴族（パトリキ）によって構成されていた。
ローマ最古の成文法である十二表法は、貴族が独占していた法の知識を公開し、平民の権利を守る一助となった。,◯,第2章　西アジアと地中海周辺,前5世紀半ばに制定され、それまで慣習的に貴族が握っていた法を成文化したものである。
ホルテンシウス法の制定により、平民会の議決が元老院の承認なしに国法として認められるようになった。,◯,第2章　西アジアと地中海周辺,この法の制定によって、平民の権利が尊重され、身分闘争は一応の終結を見た。
ローマはイタリア半島を統一する際、支配した都市の処遇をすべて均一にすることで、都市間の連帯を強化させた。,×,第2章　西アジアと地中海周辺,間違った文章である。ローマは都市ごとに異なる処遇をほどこし、都市同士の連帯を禁じる「分割統治」を行った。
第2回ポエニ戦争では、カルタゴのハンニバルとローマのスキピオが争い、最終的にローマが勝利した。,◯,第2章　西アジアと地中海周辺,ポエニ戦争の勝利によって、ローマは西地中海の制海権を確固たるものにした。
ローマは前146年までにマケドニアやギリシア諸都市をも征服し、地中海全域の覇者となった。,◯,第2章　西アジアと地中海周辺,西地中海のみならず東方へも進出し、地中海世界を一つの文化圏として統合する勢力となった。
ラティフンディア（大所領）では、没落した中小農民が雇われ、主に自給自足用の穀物生産が行われた。,×,第2章　西アジアと地中海周辺,間違った文章である。ラティフンディアでは「戦争捕虜（奴隷）」が使役され、収益性の高いブドウやオリーヴなどの商品作物が栽培された。
グラックス兄弟は、中小農民を再建するために公有地の占有を制限しようとしたが、元老院の反対にあい改革は挫折した。,◯,第2章　西アジアと地中海周辺,この挫折を機に「内乱の1回」と呼ばれる、閥族派と平民派による約100年の混乱期に突入した。
カエサルは内乱を制して事実上の独裁者となったが、前44年に共和政信奉派によって暗殺された。,◯,第2章　西アジアと地中海周辺,独裁を強めたカエサルは、共和政の伝統を守ろうとする勢力によって殺害され、政情は再び混乱した。
オクタウィアヌスはアクティウムの海戦でアントニウスとクレオパトラの連合軍を破り、地中海世界の政治的統一を達成した。,◯,第2章　西アジアと地中海周辺,前31年のこの勝利と翌年のプトレマイオス朝滅亡により、長きにわたる内戦が終結した。
アウグストゥス（オクタウィアヌス）は、元老院を廃止して絶対的な君主として君臨する専制君主政を創始した。,×,第2章　西アジアと地中海周辺,間違った文章である。彼は「共和政の伝統を尊重」し、元老院と協調しながら「第一人者（プリンケプス）」として統治する元首政（帝政）を始めた。
カエサルが導入したユリウス暦は、エジプトの暦を参考にした太陽暦であり、現在の暦の基礎となっている。,◯,第2章　西アジアと地中海周辺,季節と暦のずれを正すために導入された太陽暦で、16世紀に修正されるまで長く用いられた。
「ローマの平和（パックス・ローマーナ）」と呼ばれた約200年間、ローマの版図は拡大し、交易は南インドにまで及んだ。,◯,第2章　西アジアと地中海周辺,帝国が安定し、商人の往来が活発になったこの時期、ローマは空前の繁栄を享受した。
「パンとサーカス」とは、貧しい市民を弾圧して娯楽を禁止し、社会不安を力で押さえつける政策のことである。,×,第2章　西アジアと地中海周辺,間違った文章である。有力者が民衆に「食料（穀物）」や「娯楽（見世物）」を提供することで不満を和らげ、自らの権威を認めさせる社会習俗であった。
ローマ法は当初から帝国内の全自由民を対象とする万民法であり、他国の慣習法を一切排除していた。,×,第2章　西アジアと地中海周辺,間違った文章である。当初はローマ市民権者を対象とする市民法であったが、のちに各地の慣習法などを取り入れ、212年のカラカラ帝による市民権付与などを経て万民法としての性格を強めた。
6世紀にユスティニアヌス帝が編纂させた『ローマ法大全』は、近代ヨーロッパ諸国の法や日本の民法典にも影響を与えている。,◯,第2章　西アジアと地中海周辺,中世ヨーロッパで法学研究の重要素材となり、フランスやドイツ、さらには日本の民法典にもその流れが汲まれている。
ローマ人はアーチ構造を用いた石積み建築に優れ、各地に公衆浴場や円形闘技場、上水道施設などの公共施設を建設した。,◯,第2章　西アジアと地中海周辺,高度な土木建築技術は、帝国全土の都市化と文明の普及を支えた。
ラテン文学の黄金時代には、ウェルギリウスやホラティウス、また『博物誌』を著したプリニウスらが出現した。,◯,第2章　西アジアと地中海周辺,紀元前後を中心に、ラテン語による多様な文学・科学的著作が生み出された。
ローマ帝国の全域において、ラテン語は唯一の公用語として普及し、ギリシア語は完全に消滅した。,×,第2章　西アジアと地中海周辺,間違った文章である。帝国の西半ではラテン語が普及したが、東半では依然としてギリシア語が優勢であった。
『ゲルマニア』を著したタキトゥスや、『対比列伝』を著したプルタルコスは、いずれもラテン語で執筆した歴史家である。,×,第2章　西アジアと地中海周辺,間違った文章である。タキトゥスはラテン語で執筆したが、プルタルコスはギリシア語を用いて執筆した。
ストア派の哲学はローマ人にも影響を与え、セネカやマルクス・アウレリウス・アントニヌス帝などの思想家を輩出した。,◯,第2章　西アジアと地中海周辺,実践哲学としてのストア派は、ローマの知識人や指導者層に広く受け入れられた。
天動説の体系を説いたプトレマイオスや、『地理誌』を著したストラボンは、帝国の西半で活躍したラテン系の学者である。,×,第2章　西アジアと地中海周辺,間違った文章である。彼らはギリシア語を用いて学問を行い、帝国の東半を中心に活躍した。
3世紀のローマ帝国では、軍隊が勝手に皇帝を立てる軍人皇帝時代となり、外敵の侵入も重なって「3世紀の危機」と呼ばれる混乱に陥った。,◯,第2章　西アジアと地中海周辺,ササン朝ペルシアやゲルマン人の侵入、財政の混乱などにより、帝国の安定が大きく揺らいだ時期である。
ディオクレティアヌス帝は、帝国を4分割して統治するテトラルキア（四帝統治）を導入し、帝権の強化を図った。,◯,第2章　西アジアと地中海周辺,広大な帝国を効率的に管理し、社会の混乱を収めるために正帝2人・副帝2人による分担統治を行った。
コンスタンティヌス帝は、地中海貿易の安定のためにソリドゥス金貨を創設し、都をコンスタンティノープルに移した。,◯,第2章　西アジアと地中海周辺,東方の重要性を考慮して遷都を行い、経済や軍事の改革を推進して専制君主政を確立した。
コロナートゥス（小作制）において、コロヌス（小作人）は完全に自由な身分であり、いつでも好きな時に土地を離れることができた。,×,第2章　西アジアと地中海周辺,間違った文章である。コロヌスは自由身分ではあったが、コンスタンティヌス帝の時代には農地からの移動が禁止され、土地に縛り付けられた。
専制君主政（ドミナトゥス）とは、共和政の伝統を重んじ、元老院と皇帝が権力を分け合う初期の帝政スタイルのことである。,×,第2章　西アジアと地中海周辺,間違った文章である。それは「元首政（プリンキパトゥス）」の説明である。専制君主政は、皇帝が絶対的な権威をもつ強権的な統治を指す。
イエスは、ユダヤ教の戒律主義を批判して神の愛を説いたが、反逆者として十字架刑に処せられた。,◯,第2章　西アジアと地中海周辺,イエスの処刑後、その復活を信じる人々によってキリスト教が成立し、各地に広まった。
パウロはイエスの弟子ではなかったが、イエスの死は全人類を救うための贖罪であると説き、宣教に大きく貢献した。,◯,第2章　西アジアと地中海周辺,使徒ペテロらとともに、パウロの活動はキリスト教が世界宗教へと発展する基礎を築いた。
テオドシウス帝の死後も、ローマ帝国は一人の皇帝によって統治され続け、地中海世界の一体性は保たれた。,×,第2章　西アジアと地中海周辺,間違った文章である。テオドシウス帝の死後、帝国は東西に分裂し、二度と一つの政権によって統治されることはなかった。
ディオクレティアヌス帝は313年に「ミラノ勅令」を出し、キリスト教を帝国全土で公認した。,×,第2章　西アジアと地中海周辺,間違った文章である。313年にミラノ勅令を出してキリスト教を公認したのは「コンスタンティヌス帝」である。
325年のニケーア公会議では、アタナシウス派が正統とされ、アリウス派は異端とされた。,◯,第2章　西アジアと地中海周辺,神とイエスの同質性を主張するアタナシウス派が正統となり、三位一体説の確立へとつながった。
ネストリウス派はエフェソス公会議で異端とされたが、のちにササン朝を経て中国に伝わり「景教」と呼ばれた。,◯,第2章　西アジアと地中海周辺,異端とされた教派の一部は東方へ広がり、アジアの文化にも影響を与えた。
教父アウグスティヌスは『神の国』や『告白』を著し、後世の中世スコラ学などに多大な影響を及ぼした。,◯,第2章　西アジアと地中海周辺,アウグスティヌスの著作は、キリスト教神学や西洋哲学の重要な基礎となった。
フン人のアッティラは、カタラウヌムの戦いでローマとゲルマン人の連合軍に勝利し、西ローマ帝国を滅ぼした。,×,第2章　西アジアと地中海周辺,間違った文章である。アッティラはこの戦いで「敗北」しており、西ローマ帝国を滅ぼしたのは傭兵隊長オドアケルである。
476年、ゲルマン人のオドアケルによって西の皇帝が退位させられた出来事が「西ローマ帝国の滅亡」とされる。,◯,第2章　西アジアと地中海周辺,これにより、地中海世界を一つの政権が支配する時代は完全に終わりを迎えた。
東ローマ帝国のユスティニアヌス帝は、アフリカ北岸やイタリア半島を奪回し、一時的に帝国領の大半を回復した。,◯,第2章　西アジアと地中海周辺,地中海を再び「ローマの海」に近づけるほどの旧領回復を成し遂げた。
7世紀以降、東ローマ帝国はランゴバルド人やササン朝ペルシアの攻勢を受け、その勢力は拡大し続けた。,×,第2章　西アジアと地中海周辺,間違った文章である。これらの侵攻やスラヴ人の移住などにより、帝国の勢力は「後退ぎみ」となった。
パルティア王国は、中国の史書ではその建国者の名前から「安息」という名で記録されている。,◯,第2章　西アジアと地中海周辺,建国者アルサケスの音訳から「安息」と呼ばれ、東西交易路の要所として繁栄した。
パルティアは前2世紀にメソポタミアを奪い、都をペルセポリスに置いてアケメネス朝の伝統を完全に復活させた。,×,第2章　西アジアと地中海周辺,間違った文章である。パルティアが建設した都は「クテシフォン」である。
ササン朝のアルデシール1世は、224年にパルティアを倒して建国し、ゾロアスター教を国教とした。,◯,第2章　西アジアと地中海周辺,ペルシア人のアイデンティティを掲げ、パルティアに代わってイラン高原を支配した。
シャープール1世は、東方のクシャーナ朝を圧迫し、西方ではローマ皇帝を捕虜にするなど、ローマ帝国と対抗した。,◯,第2章　西アジアと地中海周辺,ローマ帝国への進攻やクシャーナ朝の衰退など、初期ササン朝の国力を誇示した。
6世紀のホスロー1世は、北方の突厥と結んで、長年ササン朝を苦しめていたエフタルを滅ぼした。,◯,第2章　西アジアと地中海周辺,突厥との同盟によりエフタルを挟み撃ちにして滅ぼし、中央アジアの交易路を確保した。
ローマ帝国が金貨を用いたのに対し、ササン朝は銅貨を主軸としたため、西アジアに広大な銅経済圏が成立した。,×,第2章　西アジアと地中海周辺,間違った文章である。ササン朝が用いたのは「銀貨」であり、広大な「銀経済圏」が成立した。
ササン朝は、7世紀に東ローマ帝国のエジプトなどを占領したが、最終的にモンゴル帝国の侵攻を受けて滅亡した。,×,第2章　西アジアと地中海周辺,間違った文章である。ササン朝を滅ぼしたのは、新たに台頭した「アラブ・イスラーム勢力」である。
3世紀にマニが創始したマニ教は、ゾロアスター教、仏教、キリスト教を融合したものであり、中央アジアや中国にも広まった。,◯,第2章　西アジアと地中海周辺,混合宗教的な性格をもつマニ教は、厳しい弾圧を受けながらもユーラシア各地へ伝播した。
ササン朝美術の特色である華麗なガラス器や銀製品は、日本の正倉院などにも伝わっており、東アジアの文化に影響を与えた。,◯,第2章　西アジアと地中海周辺,ササン朝の高度な工芸技術は、シルクロードを通じて中国や日本にももたらされた。
イラン高原では、天水のみに頼る農業が行われ、灌漑施設であるカナートはイスラーム時代になって初めて作られた。,×,第2章　西アジアと地中海周辺,間違った文章である。カナート（地下水路）はササン朝以前から整備されており、乾燥地での集約農業を支えていた。
ササン朝支配下のメソポタミアではユダヤ教徒が活動しており、『タルムード』などの重要な聖典が編纂された。,◯,第2章　西アジアと地中海周辺,ローマ帝国から離散したユダヤ人共同体がササン朝下で繁栄し、ユダヤ教の発達に寄与した。
ローマで異端とされたネストリウス派はササン朝で弾圧され、ギリシア語の文献をすべて焼き払った。,×,第2章　西アジアと地中海周辺,間違った文章である。彼らはササン朝のもとで教勢を強め、ギリシア語の文献をシリア語に翻訳するなど、文化の保存と伝達に大きな役割を果たした。
イスラームの出現以前、アラビア半島の人々は全員が一貫して多神教徒であり、一神教の考えは全く知られていなかった。,×,第2章　西アジアと地中海周辺,間違った文章である。ササン朝や周辺地域の影響により、イスラーム以前からユダヤ教徒やキリスト教徒が活動しており、一神教の考えは知られていた。
ムハンマドは622年にメッカからメディナへ移住したが、この出来事はヒジュラ（聖遷）と呼ばれ、イスラーム暦の紀元となった。,◯,第2章　西アジアと地中海周辺,迫害を逃れてメディナに共同体（ウンマ）を建設したこの年は、イスラーム史上極めて重要な転換点である。
初代正統カリフのアブー・バクルは、ニハーヴァンドの戦いで東ローマ帝国を滅ぼし、全ヨーロッパを支配した。,×,第2章　西アジアと地中海周辺,間違った文章である。アブー・バクルはアラビア半島の統一に尽力した。ササン朝を破ったニハーヴァンドの戦いは第2代ウマルの時代である。
第2代カリフのウマルは、シリアやエジプトを征服し、さらにササン朝を破ってその領土を獲得した。,◯,第2章　西アジアと地中海周辺,「アラブの大征服」を主導し、イスラーム勢力をアラビア半島外へ大きく拡大させた。
ウマイヤ朝は都をメディナに置き、第4代カリフのアリーの一族が代々のカリフ位を世襲する体制をとった。,×,第2章　西アジアと地中海周辺,間違った文章である。都はダマスカスに置かれ、カリフ位を世襲したのはムアーウィヤ率いるウマイヤ家である。
ウマイヤ朝は西方へ進出し、イベリア半島の西ゴート王国を滅ぼして、さらに中央アジアにまで領土を広げた。,◯,第2章　西アジアと地中海周辺,イスラーム世界の版図は、この時期に大西洋から中央アジアに及ぶ広大なものとなった。
ウマイヤ朝の行政改革により、公用語はギリシア語に統一され、ローマ帝国の金貨がそのまま使い続けられた。,×,第2章　西アジアと地中海周辺,間違った文章である。公用語は「アラビア語」に統一され、独自の金貨・銀貨が鋳造された。
マワーリー（非アラブ人の改宗者）は、イスラームに改宗したことでアラブ人と全く同等の免税特権を与えられた。,×,第2章　西アジアと地中海周辺,間違った文章である。マワーリーは改宗してもなお重税を課されるなどの差別を受けており、これがアラブ人特権への不満につながった。
アッバース朝は、ウマイヤ家の支配を批判した人々がホラーサーンで反乱をおこして樹立された。,◯,第2章　西アジアと地中海周辺,同じクライシュ族のアッバース家が、ウマイヤ朝を打倒して成立した。
アッバース朝の第2代カリフ、マンスールは、ティグリス川沿いに新都バグダードを建設した。,◯,第2章　西アジアと地中海周辺,バグダードは「平安の都」として国際交易の中心地に発展した。
アッバース朝はアラブ人至上主義を継承したため、非アラブ人のイスラーム改宗者は要職から完全に排除された。,×,第2章　西アジアと地中海周辺,間違った文章である。アッバース朝はムスリム平等主義を掲げ、イラン人などの非アラブ人（マワーリー）も宰相などの要職に登用された。
ハールーン・アッラシードの時代、アッバース朝は繁栄の絶頂を迎え、イスラーム法の整備もすすめられた。,◯,第2章　西アジアと地中海周辺,宗教知識人であるウラマーによって法が体系化され、法の支配が目指された。
アッバース朝の税制では、改宗しても人頭税（ジズヤ）を払い続ける義務があり、アラブ人は常に地租が免除された。,×,第2章　西アジアと地中海周辺,間違った文章である。民族を問わずムスリムは人頭税を免除され、逆にアラブ人であっても土地を所有すれば地租（ハラージュ）を課されるようになった。
9世紀半ば、アッバース朝はトルコ人奴隷軍人（マムルーク）を導入したが、彼らの台頭がカリフ権力の弱体化の一因となった。,◯,第2章　西アジアと地中海周辺,親衛隊として導入されたマムルークが政治に介入し、中央政府の混乱を招いた。
イスラーム法（シャリーア）は、聖典『クルアーン』と、ムハンマドの言行録である『ハディース』を基盤としている。,◯,第2章　西アジアと地中海周辺,これらをもとに法学者が議論を重ね、信仰から社会規範までを網羅する体系が作られた。
イスラーム法における「五行」とは、神・天使・啓典・預言者・来世・天命を信じることを指す。,×,第2章　西アジアと地中海周辺,間違った文章である。それらは「六信」の内容である。「五行」は、信仰告白・礼拝・断食・喜捨・巡礼の実践を指す。
断食（ラマダーン）の規定は厳格であり、旅人や妊婦であっても例外なく1か月間の飲食を一切禁止される。,×,第2章　西アジアと地中海周辺,間違った文章である。断食には柔軟な規定があり、旅人や妊婦、病人などは免除される。また、夜間は飲食が認められている。
イスラーム化以前の西アジアで有力だったネストリウス派などのキリスト教諸派は、アッバース朝下で完全に絶滅した。,×,第2章　西アジアと地中海周辺,間違った文章である。彼らは「ジンミー（庇護民）」として信仰を守ることを許され、イスラーム科学の発展などに貢献する者もいた。
メッカのカーバ神殿は、イスラーム以前から多神教の巡礼地であったが、のちに偶像が破壊されイスラームの聖所となった。,◯,第2章　西アジアと地中海周辺,ムハンマドによるメッカ征服後、多神教の偶像は取り除かれ、「神の館」とされました。
イスラームには、一般信徒と神を仲介する「聖職者」という身分が厳格に定められており、カリフがその頂点に立つ。,×,第2章　西アジアと地中海周辺,間違った文章である。イスラームにおいて、すべてのムスリムは神の前に平等であり、神と人を仲介する「聖職者」は存在しません。
イスラーム暦（ヒジュラ暦）は、閏月を入れて季節のずれを調整する「太陰太陽暦」である。,×,第2章　西アジアと地中海周辺,間違った文章である。イスラーム暦は閏月を入れない「純粋な太陰暦」であり、1年は太陽暦より約11日短くなります。
正統カリフとは、世襲によらず選出された4人のカリフを指し、後代に理想化されて呼ばれるようになった名称である。,◯,第2章　西アジアと地中海周辺,アブー・バクルからアリーまでの4代を指し、「正しく導かれた者」という意味があります。
ムスリム軍に降伏し、貢納（税）を支払うことに同意した住民は、生命・財産の安全や信教の自由が保障された。,◯,第2章　西アジアと地中海周辺,この寛容な対応により、多くの都市が大きな抵抗なしにムスリムの支配を受け入れたとされます。
ササン朝ペルシアは、642年のニハーヴァンドの戦いの直後、国王が自害したため即座に滅亡した。,×,第2章　西アジアと地中海周辺,間違った文章である。ニハーヴァンドの戦いで大敗しましたが、最後の皇帝が殺害され、正式に滅亡したのは651年のことです。
アラブ帝国と呼ばれるウマイヤ朝に対し、アラブ人の特権を廃止したアッバース朝は「イスラーム帝国」と呼ばれることもある。,◯,第2章　西アジアと地中海周辺,民族を問わないムスリムの平等が確立されたため、このように区別して呼ばれます。
イスラームは、ゾロアスター教徒やマニ教徒を「啓典の民」として尊重し、キリスト教徒よりも優遇した。,×,第2章　西アジアと地中海周辺,間違った文章である。「啓典の民」として保護の対象とされたのは、ユダヤ教徒とキリスト教徒です。ゾロアスター教徒などは差別を受けました。
ウマイヤ朝時代、アラブ人は征服者としての特権を独占していたため、現代の歴史学ではこの時期を「アラブ帝国」と呼ぶ。,◯,第2章　西アジアと地中海周辺,イスラームの平等主義よりもアラブ人の民族的優越が強かった実態を反映した呼び方です。
ユスティニアヌス帝の死後、ビザンツ帝国はササン朝やムスリムの侵攻を受け、領土のほとんどを維持し続けた。,×,第2章　西アジアと地中海周辺,間違った文章である。帝国は領土の大半を失い、一時はバルカン半島とアナトリアを残すのみとなる深刻な危機に陥った。
テマ制（軍管区制）では、管区の長官が軍事権のみを握り、行政権は中央から派遣された文官が独占した。,×,第2章　西アジアと地中海周辺,間違った文章である。テマ制の長官は、軍事と行政の両方の権限を合わせて担った。
テマ制のもとでは、兵士に軍役と引き換えに世襲の農地が与えられ、自作農が帝国軍の基盤となった。,◯,第2章　西アジアと地中海周辺,この仕組みにより軍事費を低く抑えつつ、農村社会に活力を与え、帝国の再建を支えた。
726年、皇帝レオン3世がイコン（聖像）の使用を推奨したため、これを禁止したローマ教会との対立が深まった。,×,第2章　西アジアと地中海周辺,間違った文章である。レオン3世はイコン崇敬に「反対（禁止）」し、聖像を活用していたローマ教会と激しく対立した。
ビザンツ帝国では皇帝が教会に対して強い影響力を持ち、コンスタンティノープル総主教の人事権も掌握していた。,◯,第2章　西アジアと地中海周辺,西欧の教皇権の自立に対し、ビザンツでは皇帝が宗教的権威をも統制する傾向が強かった。
ビザンツ帝国の公用語は、建国から滅亡まで一貫してラテン語であり、ギリシア語は庶民の間でのみ使われた。,×,第2章　西アジアと地中海周辺,間違った文章である。7世紀前半には、公用語はラテン語からギリシア語へと切り替わった。
10世紀までに、スラヴ人への布教を目的としてキリル文字が考案され、東欧の文化形成に大きな影響を与えた。,◯,第2章　西アジアと地中海周辺,正教会による布教活動を通じて、ビザンツ文化は周辺の諸民族へ広がっていった。
ビザンツ帝国の金貨（ソリドゥス）は質が悪かったため、帝国内でのみ流通し、国際的な信頼は低かった。,×,第2章　西アジアと地中海周辺,間違った文章である。ソリドゥス金貨は良質で信頼性が高く、ヨーロッパやアジアの広範な地域で国際通貨として流通した。
ビザンツ様式建築の特色は、見事なドーム構造と、内部を彩る鮮やかなモザイク画にある。,◯,第2章　西アジアと地中海周辺,ハギア・ソフィア大聖堂などに代表される、荘厳な建築様式を確立した。
ビザンツ帝国は、古代ギリシアの古典やローマ法を保存・継承し、のちに西ヨーロッパへ伝える役割を果たした。,◯,第2章　西アジアと地中海周辺,この文化の継承は、のちの西欧ルネサンスの重要な背景の一つとなった。
アルプス以北のヨーロッパは、古代ローマ時代から全域が広大な穀倉地帯であり、森はほとんど存在しなかった。,×,第2章　西アジアと地中海周辺,間違った文章である。当時のアルプス以北は大半が深い森に覆われており、農地での穀物生産と森の資源が生活を支えていた。
ケルト人は、前6世紀ごろから鉄製の武器や装身具の製造において高い技術を持ち、独自の神話体系を築いていた。,◯,第2章　西アジアと地中海周辺,ケルト文化は、のちのヨーロッパ人の精神文化や各地の伝承に大きな痕跡を残している。
ゲルマン人の大移動によって成立した諸王国では、多数のゲルマン人が少数の先住民（ローマ人など）を支配した。,×,第2章　西アジアと地中海周辺,間違った文章である。実際には「少数のゲルマン人」が、圧倒的多数の先住民（ケルト人やローマ人）を支配する形態であった。
フランク王国のクローヴィスは、ゲルマン諸王の中で初めてアリウス派に改宗し、ローマ教会と激しく対立した。,×,第2章　西アジアと地中海周辺,間違った文章である。彼は正統派の「カトリック」に改宗し、ローマ教会の支持を得ることで政治的優位を確立した。
カール・マルテルは宮宰として実権を握り、732年のトゥール・ポワティエ間の戦いでウマイヤ朝の軍を撃退した。,◯,第2章　西アジアと地中海周辺,この勝利により、イスラーム勢力の西欧へのさらなる侵攻が阻止された。
ピピン3世は、メロヴィング朝の王を追放し、教皇の承認を得てカロリング朝を創始した。,◯,第2章　西アジアと地中海周辺,教皇との密接な協力関係を築き、王権の正統性を確保した。
「ピピンの寄進」とは、ピピンが征服したラヴェンナ地方などを教皇に献上したことで、教皇領の起源となった。,◯,第2章　西アジアと地中海周辺,これにより教皇は世俗的な領土を持つようになり、フランク王国との結びつきがより強固になった。
ゲルマン人の社会には、戦士集団が族長のもとに集まる「従士制」と呼ばれる仕組みがあり、それが軍事力の基盤となった。,◯,第2章　西アジアと地中海周辺,族長と戦士の個人的な忠誠関係に基づくこの制度は、のちの封建制の源流の一つとなった。
ケルト人の言語や文化は現在完全に消滅しており、アイルランドやブルターニュ地方にもその痕跡は残っていない。,×,第2章　西アジアと地中海周辺,間違った文章である。ケルトの言語や文化はアイルランド、ウェールズ、ブルターニュなどに今も伝わり、地域主義の根拠となっている。
フランク王国が西ヨーロッパ世界の中核となった要因の一つは、早い段階でカトリックを受容し、教会と連携したことにある。,◯,第2章　西アジアと地中海周辺,宗教的な正統性を背景に、他のゲルマン諸王国を圧倒して長期的な発展を遂げた。
ローマ教会の教皇は、使徒パウロの後継者を自任し、キリスト教世界全体の首位権を主張した。,×,第2章　西アジアと地中海周辺,間違った文章である。ローマ教皇は「使徒ペテロ」の後継者を自任している。
ベネディクトゥスはモンテ・カッシーノに修道院を建て、「祈りと労働」を重視する戒律を定めた。,◯,第2章　西アジアと地中海周辺,この戒律はのちにカールの保護を受けて帝国内の修道院に広く普及し、西欧修道院の模範となった。
教皇グレゴリウス1世は、布教のために聖像（イコン）の使用を厳格に禁止し、ビザンツ皇帝と協調した。,×,第2章　西アジアと地中海周辺,間違った文章である。彼はゲルマン人への布教のために聖像を積極的に「活用」し、聖像を排斥したビザンツ皇帝とは対立を深めた。
カール大帝は、北方のザクセン人を制圧し、東方のアヴァール人を撃退するなどして、西ヨーロッパの統一を実現した。,◯,第2章　西アジアと地中海周辺,西ローマ帝国滅亡以来、失われていた西ヨーロッパの政治的統合を一時的に成し遂げた。
カール大帝は、イスラーム勢力である後ウマイヤ朝を滅ぼし、イベリア半島全土をキリスト教圏に奪還した。,×,第2章　西アジアと地中海周辺,間違った文章である。後ウマイヤ朝とは戦ったが、これを滅ぼすことはできず、イベリア半島は依然としてイスラーム勢力の支配下にあった。
「カロリング・ルネサンス」とは、古典ローマの文化にならい、ラテン語や神学、法律などの学芸を奨励した活動を指す。,◯,第2章　西アジアと地中海周辺,アルクインなどの学者が宮廷に招かれ、修道院や王宮を中心に文化的な復興が図られた。
カール大帝は、地方を統治するために「伯」を任命したが、その監督のために「巡察使」を派遣して中央集権を強めた。,◯,第2章　西アジアと地中海周辺,広大な領土を維持するために、伯の世俗的権力を監視するシステムを構築しようとした。
800年、カールは教皇レオ3世から「ローマ皇帝」の帝冠を受け、これにより西ヨーロッパ世界が文化・宗教的に自立した。,◯,第2章　西アジアと地中海周辺,ビザンツ帝国から自立した「カトリック的西ヨーロッパ」という独自の文明圏が明確になった瞬間である。
カール大帝（Karl der Grosse）は、フランス語では「シャルルマーニュ（Charlemagne）」と呼ばれている。,◯,第2章　西アジアと地中海周辺,言語によって呼び方は異なるが、同一の歴史人物を指している。
キリル文字は、ビザンツ帝国の宣教師がスラヴ人への布教のために考案した文字が改良されたものである。,◯,第2章　西アジアと地中海周辺,キリスト教（正教会）の布教活動が、周辺民族の文字文化の形成に大きな役割を果たした事例である。
ウパニシャッド哲学では、宇宙の根本原理（ブラフマン）と自己（アートマン）を合一させることで解脱できると説かれた。,◯,第3章　南アジア,輪廻の苦しみから逃れるための哲学的境地として「梵我一如（ぼんがいちにょ）」が追求されました。
仏教を創始したガウタマ・シッダールタは、正しい実践の方法として「八正道」を説き、バラモンの権威を全面的に認めた。,×,第3章　南アジア,間違った文章である。仏教は祭儀を重視するバラモンの権威を「批判」しており、それが商人や王侯の支持につながりました。
ジャイナ教の祖ヴァルダマーナは、マガダ国の商人出身であり、徹底した不殺生と禁欲を説いた。,×,第3章　南アジア,間違った文章である。彼は商人ではなく「クシャトリヤ（武士・王族階層）」の出身です。
マウリヤ朝を建てたチャンドラグプタは、アレクサンドロス大王が去った後のインダス川流域を制圧し、パータリプトラを都とした。,◯,第3章　南アジア,インド最初の大帝国を築き、ナンダ朝に代わって北インドを統一しました。
アショーカ王は、カリンガ征服後の反省から仏教に帰依し、統治理念として「ダルマ（法）」を掲げた。,◯,第3章　南アジア,詔勅を石柱などに刻ませ、不殺生や慈悲による統治を帝国内に広めようとしました。
クシャーナ朝のカニシカ王は、ガンジス川流域のデリーを都とし、南インドから東南アジアまでを支配した。,×,第3章　南アジア,間違った文章である。都は「プルシャプラ（ペシャワール）」であり、支配域は北インドから中央アジアにかけてです。
大乗仏教は、紀元前後におこり、自らの悟りよりも「衆生の救済」を重視し、菩薩信仰を広めた。,◯,第3章　南アジア,従来の部派仏教に対し、より広い人々を救済することを目指す教えとして発展しました。
ガンダーラ美術は、ギリシアのヘレニズム文明の影響を強く受けており、初めて仏像が制作される契機となった。,◯,第3章　南アジア,ギリシア彫刻の手法を取り入れた仏像様式は、中央アジアを経て日本を含む東アジアにまで伝わりました。
クシャーナ朝時代の東西交易では、中国から運ばれた絹の対価として、ローマから大量の銀貨がもたらされた。,×,第3章　南アジア,間違った文章である。ローマからもたらされたのは「金貨」です。
ナーガールジュナ（竜樹）は、マウリヤ朝の時代に活躍し、仏教を批判してジャイナ教の教理を理論化した。,×,第3章　南アジア,間違った文章である。彼は2世紀ごろに活躍した人物で、「大乗仏教」の教理の基礎を理論化しました。
1世紀ごろ、インド洋の季節風を利用した航海法が開発され、地中海世界との海上交易が活発になった。,◯,第3章　南アジア,季節風（モンスーン）の利用により、アラビア半島からインドへ直航することが可能になりました。
南インドから地中海へはローマ金貨が輸出され、地中海からは胡椒や綿布がインドへもたらされた。,×,第3章　南アジア,間違った文章である。正しくは「インドから胡椒・綿布」が輸出され、「ローマから金貨・ガラス」がもたらされました。
デカン高原のサータヴァーハナ朝は、北インドの文化を拒絶し、南インド独自のドラヴィダ宗教のみを保護した。,×,第3章　南アジア,間違った文章である。この王朝は積極的に北インドの文化を摂取し、バラモン教や仏教を根づかせました。
半島南端部ではタミル語の文化が栄え、スリランカにはシンハラ語を話す人々が渡来して王国を建設した。,◯,第3章　南アジア,南インドからスリランカにかけて、異なる言語・民族グループによる歴史が展開されました。
スリランカのシンハラ人の王国は、前3世紀ごろに仏教を取り入れ、のちに東南アジアへ広まる上座部仏教の拠点となった。,◯,第3章　南アジア,スリランカは「南伝仏教（上座部仏教）」の重要な中心地となりました。
乳香と没薬は、主に地中海沿岸で採掘される鉱石であり、建築材料として東西交易で珍重された。,×,第3章　南アジア,間違った文章である。これらはアラビア半島南部などで採集される「樹木の樹脂」であり、香料や薬として珍重されました。
アショーカ王は、仏典の編纂（結集）を行い、スリランカなど各地に伝道師を派遣したと伝えられている。,◯,第3章　南アジア,仏教側の伝承によれば、王の保護によって仏教は国際的な宗教へと発展する足がかりを得ました。
「大乗仏教」という呼称は、それ以前の部派仏教側が、自分たちの教えの正統性を示すために自称したものである。,×,第3章　南アジア,間違った文章である。「大乗（大きな乗り物）」は大乗仏教側の自称であり、以前の部派仏教を「小乗（小さな乗り物）」と卑下して呼んだのは大乗側です。
クシャーナ朝滅亡後も、北インドでは仏教が商人などの都市民に支持され、寺院や仏塔を中心に栄え続けた。,◯,第3章　南アジア,政治的混乱の中でも、経済力を背景とした都市民の支持が仏教の繁栄を支えました。
上座部仏教は主におもに中央アジアから東アジアに広まり、「北伝仏教」とも呼ばれる。,×,第3章　南アジア,間違った文章である。中央アジアから東アジアへ広まったのは「大乗仏教」です。上座部仏教はスリランカや東南アジアへ広まり「南伝仏教」と呼ばれます。
グプタ朝のチャンドラグプタ2世は、北インドの大部分を統一し、パータリプトラを都として栄えた。,◯,第3章　南アジア,マウリヤ朝と同じく、ガンジス川流域を拠点として北インドの統一を実現しました。
グプタ朝期にはサンスクリット語が公用語化され、カーリダーサによって戯曲『マハーバーラタ』が創作された。,×,第3章　南アジア,間違った文章である。カーリダーサが書いたのは『シャクンタラー』であり、『マハーバーラタ』は古くからの伝承をまとめた叙事詩です。
グプタ朝の文化は、天文学や数学、医学などの諸学問がサンスクリット語で確立された「インド古典文化」の黄金期である。,◯,第3章　南アジア,ゼロの概念の発見（数学）や、サンスクリット文学の隆盛など、後世のインド文化の模範となりました。
アジャンター石窟寺院の主要部はグプタ朝期につくられ、その仏像様式は「ガンダーラ様式」と呼ばれて優美さを特色とした。,×,第3章　南アジア,間違った文章である。この時期の様式は「グプタ様式」と呼ばれます。ガンダーラ様式はクシャーナ朝期に盛んでした。
ヒンドゥー教は、バラモン教がインド各地の民間信仰と融合して成立し、シヴァとヴィシュヌを主神とした。,◯,第3章　南アジア,仏教に対抗するように、土着の信仰を取り込んで大衆的な宗教へと発展しました。
『マヌ法典』は、仏教徒の生活規範をまとめたものであり、カースト（ヴァルナ）制度を厳格に否定している。,×,第3章　南アジア,間違った文章である。これは「ヒンドゥー教徒」の規範であり、ヴァルナ別の差別的な生活規定を正当化しています。
南インドで始まったバクティ（信愛）の思想は、神々への形式的な祭儀を何よりも重視し、カースト制度を強化した。,×,第3章　南アジア,間違った文章である。バクティは形式よりも「神への心の底からの帰依」を重視し、一部ではカーストを批判する動きもありました。
密教（タントリズム的仏教）の発展により、仏教はヒンドゥー教との違いが明確になり、インドで再び勢力を盛り返した。,×,第3章　南アジア,間違った文章である。密教化によりヒンドゥー教との区別が曖昧になり、結果として吸収・衰退する要因となりました。
グプタ朝は中央集権的な統治体制を築いたため、5世紀以降のフーナの侵入を完璧に退け、10世紀まで存続した。,×,第3章　南アジア,間違った文章である。グプタ朝は地方勢力の連合体（分権的）であり、フーナの侵入などで弱体化し、6世紀半ばに瓦解しました。
ジャイナ教は、仏教と同様にインドで一旦途絶えたが、20世紀に不可触民の支持を受けて復活した。,×,第3章　南アジア,間違った文章である。途絶えたのは仏教であり、ジャイナ教は少数派ながら現在まで連続して存在し続けています。
7世紀前半、ハルシャ・ヴァルダナはカナウジを都として北インドを一時統一したが、彼の死後に帝国は解体した。,◯,第3章　南アジア,ヴァルダナ朝の崩壊後、インドは再び諸王国が分立する時代（ラージプート時代など）に入りました。
8世紀にデカン高原で成立したラーシュトラクータ朝は、西海岸を支配し、北インドへも勢力を伸ばした。,◯,第3章　南アジア,南北インドの勢力争いにおいて重要な役割を果たした王朝です。
11世紀に全盛期を迎えたチョーラ朝は、海軍を派遣してスリランカやスマトラ島を攻め、インド洋東部の覇権を握った。,◯,第3章　南アジア,海上交易を重視し、中国の宋にも使節を派遣するなど、広域的な商業ネットワークを築きました。
インド各地の諸王国では、サンスクリット語のみが唯一の公用語として強制され、地域語による文学は一切禁止された。,×,第3章　南アジア,間違った文章である。サンスクリット語と並んで、さまざまな地域語による文学作品も書かれるようになり、地域色の強い文化が発展しました。
職業が世襲化され、特定の職業集団が固定化した仕組みを「ジャーティ」と呼び、これがカースト制度の基盤となった。,◯,第3章　南アジア,ヴァルナの概念と、職業集団であるジャーティが結びつき、インド社会独自の階層構造が定着しました。
5世紀初頭にインドを訪れた東晋の僧・法顕は、海路でインドに入り、帰国後は『大唐西域記』を著した。,×,第3章　南アジア,間違った文章である。法顕の著書は『仏国記』です。『大唐西域記』は7世紀に訪印した「玄奘」の記録です。
7世紀前半にナーランダー僧院で学んだ玄奘は、ハルシャ・ヴァルダナの宮廷も訪れ、陸路で唐へ経典を持ち帰った。,◯,第3章　南アジア,玄奘の訪印は、当時の北インドの情勢を詳しく伝える貴重な記録となっています。
7世紀後半に海路でインドへ渡った義浄は、ナーランダー僧院で学び、帰国後に『南海寄帰内法伝』を著した。,◯,第3章　南アジア,陸路をとった玄奘に対し、義浄は東南アジアを経由する海路を利用しました。
インドで確立したヒンドゥー教やサンスクリット語の文化は、主に中央アジアを経てヨーロッパに広まり、その伝統の一部となった。,×,第3章　南アジア,間違った文章である。これらの文化が特に強く伝わり、伝統文化の一部となったのは「東南アジア」です。
インドで仏教が衰退しヒンドゥー教が優位になった時期、ムスリム商人の台頭によってアジアの交流状況は大きく転換した。,◯,第3章　南アジア,イスラーム勢力の拡大により、それまでの仏教を中心としたネットワークが変容していきました。
ヒンドゥー教の女神ラクシュミーは、仏教とともに日本へ伝わり、七福神の一柱である弁財天となった。,×,第3章　南アジア,間違った文章である。ラクシュミーが日本でなったのは「吉祥天」である。弁財天になったのは、川の神サラスヴァティーである。
「韋駄天走り」の由来となった韋駄天は、もともとはシヴァ神の子であるスカンダという神である。,◯,第3章　南アジア,足の速いスカンダが、盗まれた仏舎利を追いかけて取り戻したという故事に基づいています。
日本語の「奈落」はサンスクリット語の「ナラカ」に由来し、「塔婆（とうば）」は「ストゥーパ」が語源である。,◯,第3章　南アジア,仏教を通じて、多くのサンスクリット語が日本語として定着しました。
8世紀の東大寺大仏（毘盧遮那仏）の開眼供養では、インド出身の僧・菩提僊那（ボーディセーナ）が導師を務めた。,◯,第3章　南アジア,当時の日本が仏教を通じてユーラシア広域のネットワークに繋がっていたことを示す象徴的な出来事です。
数字の「ゼロの概念」はグプタ朝期のインドで確立され、のちに中国を経て日本で近代数学として完成した。,×,第3章　南アジア,間違った文章である。ゼロの概念などのインド数学は、中国ではなく「イスラーム世界」を通じてヨーロッパに伝わり、近代数学の基礎となりました。
グプタ朝期に栄えたナーランダー僧院は、19世紀にイギリス人が建設するまで、インド最大のキリスト教神学校であった。,×,第3章　南アジア,間違った文章である。ナーランダー僧院は、5世紀から12世紀まで栄えた「仏教」の学問寺です。
「カースト」という言葉はポルトガル語の「カスタ」に由来し、インド現地では「生まれ」を意味する「ジャーティ」と呼ばれる。,◯,第3章　南アジア,外来語であるカーストに対し、現地では職業や血縁に基づいたジャーティという区分が使われてきました。
ヴァルナの枠外に置かれた不可触民（賤民）は、ヒンドゥー教の階層社会において最上位のバラモンに次ぐ権威を持った。,×,第3章　南アジア,間違った文章である。不可触民はヴァルナの枠外の「最下層」に位置づけられ、厳しい差別の対象となりました。
ハルシャ・ヴァルダナが死んだ後の北インドは、諸王が「ラージプート」を称して対立したため、ラージプート時代と呼ばれる。,◯,第3章　南アジア,強大な統一権力が消滅し、地方の武士勢力（ラージプート）が割拠する時代となりました。
柴又の帝釈天として知られる神は、もともとはヒンドゥー教の破壊神シヴァが日本に伝わった姿である。,×,第3章　南アジア,間違った文章である。帝釈天は、シヴァではなく雷神「インドラ」が仏教に取り込まれた姿です。
東南アジア大陸部の山地は照葉樹林に恵まれ、南側の平原には稲作に適した熱帯サバナ地帯が広がっている。,◯,第4章　東南アジア,豊かな雨量と熱量により、大陸部と島嶼部それぞれで異なる自然環境と産物が育まれました。
ベトナム北部を中心に成立したドンソン文化は、独特な鉄器を主とする文化で、前10世紀に最盛期を迎えた。,×,第4章　東南アジア,間違った文章である。ドンソン文化は「青銅器」を特徴とする文化であり、最盛期は「前3世紀〜後1世紀ごろ」です。
ドンソン文化の銅鼓には、高床式住居や米をつく農民の姿が描かれており、現代に続く文化の原型が見て取れる。,◯,第4章　東南アジア,銅鼓の文様は、当時の東南アジアの稲作文化や生活様式を伝える貴重な史料です。
漢の武帝はベトナム中部に日南郡を設置し、ここが南海交易の拠点となった。,◯,第4章　東南アジア,中国の勢力が南下したことで、東南アジア物産の中国への流入が加速しました。
2世紀半ばには、ローマ皇帝カエサルの使者を名乗る者が日南郡に到着し、東西の海の道がつながった。,×,第4章　東南アジア,間違った文章である。到着したのは「マルクス・アウレリウス・アントニヌス（大秦王安敦）」の使者を名乗る者です。
メコン川下流域に建国された扶南は、海上交易の中継地として栄えた初期の港市国家である。,◯,第4章　東南アジア,扶南は東西交易網の要所として、周辺地域から物産を集め、中国などへ輸出しました。
港市国家の発展にともない、ベトナム北部にはインド文明が、それ以外の地域には中華文明が主に伝わった。,×,第4章　東南アジア,間違った文章である。正しくは「ベトナム北部に中華文明」、「その他の地域にインド文明」が主に伝わりました。
5世紀、中国の北朝が繁栄したことにより、南海の香辛料需要が激減し、東南アジアの港市国家は一斉に崩壊した。,×,第4章　東南アジア,間違った文章である。中国の「南朝」が繁栄したことで南海物産の需要は「増大」し、交易網はさらに活発化しました。
サーフィン文化は、ベトナム北部の山岳地帯に住む農耕民によって生み出された内陸文化である。,×,第4章　東南アジア,間違った文章である。サーフィン文化は、南シナ海などの沿岸に広がった「漁撈民（ぎょろうみん）」の文化です。
チャンパー（林邑）は、ベトナム中部沿岸にチャム人によって建てられた港市国家である。,◯,第4章　東南アジア,チャンパーは背後の山地などから物産を集め、中国への貿易路を確保して繁栄しました。
唐は、海上交易を管理するために広州に「市舶司」を設置し、安南都護府を華南への玄関口とした。,◯,第4章　東南アジア,東西交易の活発化に対応し、管理と徴税を行う公的な機関が整備されました。
アッバース朝のバグダードと唐の諸都市が結ばれたことで、西アジアの商人が広州などに移住するようになった。,◯,第4章　東南アジア,海の道を通じて、東アジアと西アジアが直接的な交流をもつようになりました。
マラッカ海峡を支配したシュリーヴィジャヤは、パレンバンを拠点とし、ヒンドゥー教の国際的なセンターとなった。,×,第4章　東南アジア,間違った文章である。シュリーヴィジャヤは「仏教」を導入し、東南アジアにおける仏教研究の重要拠点となりました。
8世紀にジャワ島で成立したシャイレンドラ朝は、世界最大級の仏教寺院であるボロブドゥールを建設した。,◯,第4章　東南アジア,強大な海軍力と経済力を背景に、壮大な仏教建築を残しました。
カンボジアの真臘（クメール人）は、インドからイスラーム教を導入し、メコン川流域に勢力を広げた。,×,第4章　東南アジア,間違った文章である。真臘が受容したのは「ヒンドゥー教」です。
真臘が強大な国家となった背景には、南インドの技術を導入したサバナ平原での稲作農業の発展があった。,◯,第4章　東南アジア,農業生産力の向上が、内陸部における強力な権力の誕生を支えました。
チャオプラヤ川流域のドヴァーラヴァティやエーヤワディー川流域のピューは、インドから仏教を導入した。,◯,第4章　東南アジア,各地の港市国家群の連合体が、インド文明の影響を受けつつ成長しました。
ジャワ島中部の古マタラムは、仏教を保護し続け、シャイレンドラ朝と協力してボロブドゥールを完成させた。,×,第4章　東南アジア,間違った文章である。古マタラムは「ヒンドゥー教」を取り入れ、9世紀にはシャイレンドラ朝を「破って」支配を広げました。
マラッカ海峡のルートが主要になると、これに対応できなかったメコン川下流域の扶南は勢力を拡大させた。,×,第4章　東南アジア,間違った文章である。扶南はルート変更に対応できず、「衰退」しました。
7〜8世紀の東南アジアでは、各地の政治勢力が海と陸のルートを連結し、東西の国際市場と結びつくネットワークを構築した。,◯,第4章　東南アジア,東南アジア独自の物産が、世界規模の交易路に組み込まれていきました。
阿倍仲麻呂は遣唐使として唐に渡り、李白や王維などの詩人と交流したほか、安南都護府の長官も務めた。,◯,第4章　東南アジア,日本人でありながら唐の高級官僚として活躍し、現在のハノイにあたる地域の統治にも携わりました。
安南都護府の長官は、南海交易の利益で私財を蓄えるのが一般的だったが、阿倍仲麻呂は清廉潔白で財産を全く残さなかった。,◯,第4章　東南アジア,彼の没後、家族の窮状を知った日本の朝廷が援助の品を送ったというエピソードが残っています。
唐の広州などの港市では、来航したアラブ人やペルシア人のために「駅伝制」と呼ばれる居留地が設置された。,×,第4章　東南アジア,間違った文章である。外国人のための居留地は「蕃坊（ばんぼう）」と呼ばれました。
義浄はシュリーヴィジャヤのパレンバンに滞在し、この国の仏僧の学問水準はインド並みに高いと記録している。,◯,第4章　東南アジア,著書『南海寄帰内法伝』の中で、当時の東南アジアにおける仏教の隆盛を伝えています。
中国の史料において、真臘（クメール人）のうちメコン川流域の都市連合は「陸真臘」と呼ばれた。,×,第4章　東南アジア,間違った文章である。メコン川流域は「水真臘」と呼ばれ、サバナ平原の都市連合が「陸真臘」と呼ばれました。
7世紀ごろに伝わった南インド式の稲作は、籾を直接まき（直播）、雨水を溜めて灌漑する大規模な平原向きの手法であった。,◯,第4章　東南アジア,この新しい稲作技術の導入が、大陸部における内陸国家の経済的基盤を支えました。
阿倍仲麻呂は唐の官僚として高い地位に登り詰め、帰国後は平城京の右大臣として日本の政治を主導した。,×,第4章　東南アジア,間違った文章である。彼は帰国を試みたものの遭難して戻れず、最終的に長安で没しました。
シュリーヴィジャヤでは、義浄の記録によれば「小乗仏教」のみが信仰されており、大乗仏教は完全に排除されていた。,×,第4章　東南アジア,間違った文章である。義浄は、この国に「大乗仏教」が伝わっていると述べています。
安南都護府は、雲南連絡路の整備や南海交易の管理など、唐の南方支配において重要な役割を担っていた。,◯,第4章　東南アジア,経済・軍事の両面で、唐の南方への玄関口として機能していました。
阿倍仲麻呂の唐名は「朝衡（ちょうこう）」であり、彼は50代で皇帝直属の秘書監という大官にまで昇進した。,◯,第4章　東南アジア,異国人でありながら、唐の朝廷で異例の出世を果たしました。
ユーラシア東部では、黄河流域などの内陸部は温暖湿潤な稲作地帯であり、長江流域は乾燥した畑作地帯である。,×,第5章　東アジアと中央ユーラシア,間違った文章である。正しくは「黄河流域が乾燥した畑作地帯」で、「長江流域が温暖湿潤な稲作地帯」である。
春秋時代の中ごろ、斉の桓公や晋の文公などの有力諸侯は「覇者」として、尊王攘夷を掲げて活躍した。,◯,第5章　東アジアと中央ユーラシア,周王の権威を尊重しつつ、異民族の侵入を防ぐことを名目に勢力を拡大しました。
戦国時代に入ると、鉄製武器の普及とともに抗争が激化し、秦・楚・斉・燕・趙・魏・韓の「戦国の七雄」が分立した。,◯,第5章　東アジアと中央ユーラシア,諸侯はそれぞれ王を自称し、実力主義による富国強兵が進められました。
前4世紀ごろ、華北一帯には木製農具に代わって石製農具が普及し、馬に犂を引かせる馬耕が主流となった。,×,第5章　東アジアと中央ユーラシア,間違った文章である。普及したのは「鉄製農具」であり、牛に犂を引かせる「牛耕」が普及しました。
儒家の祖である孔子は、法による厳格な統治（法治主義）を理想とし、性悪説の立場から民を導くことを説いた。,×,第5章　東アジアと中央ユーラシア,間違った文章である。孔子は「徳治主義」を唱えました。法治主義は「法家」の思想であり、性悪説は「荀子」の立場です。
孟子は、人は生来善であるとする性善説に基づき、力による政治（覇道）よりも仁義による王道を重視した。,◯,第5章　東アジアと中央ユーラシア,儒教の倫理を政治の理想として掲げ、覇道を厳しく批判しました。
墨家は、自らの家族のみを愛する「差別愛」を説き、自衛のための積極的な侵略戦争を正当化した。,×,第5章　東アジアと中央ユーラシア,間違った文章である。墨家は博愛主義（兼愛）を説き、戦争を否定する「非攻」を主張しました。
道家の老子や荘子は、宇宙の原理である「道」に従う「無為自然」を理想とし、人為的な政治を否定した。,◯,第5章　東アジアと中央ユーラシア,儒家の道徳的な作為を批判し、あるがままの生き方を説きました。
秦の強国化に貢献した法家の商鞅や韓非は、法律による厳格な統治こそが平和をもたらすと主張した。,◯,第5章　東アジアと中央ユーラシア,信賞必罰に基づく統治は、のちに秦が中国を統一する強力な基盤となりました。
『詩経』は長江流域の詩歌をまとめたものであり、『楚辞』は黄河流域の民謡をまとめた作品である。,×,第5章　東アジアと中央ユーラシア,間違った文章である。正しくは「『詩経』が黄河流域（華北）」、「『楚辞』が長江流域（華中・江南）」の風土を反映しています。
秦の始皇帝は、全国を郡県制によって統治し、文字・度量衡・貨幣・車軌を統一した。,◯,第5章　東アジアと中央ユーラシア,中央集権化を進めるため、法家の李斯を丞相として強力な規格統一を行いました。
始皇帝は南方の匈奴を討つために万里の長城を修築し、華北に進出して南海郡など3郡を置いた。,×,第5章　東アジアと中央ユーラシア,間違った文章である。匈奴は「北方」の遊牧民であり、南海郡を置いたのは「華南（南方）」です。
漢の劉邦（高祖）は、秦の郡県制を完全に廃止し、すべての地域を周代のような封建制に戻した。,×,第5章　東アジアと中央ユーラシア,間違った文章である。高祖が採用したのは、郡県制と封建制を併用する「郡国制」です。
第7代武帝は、呉楚七国の乱を鎮圧した後、諸侯王の権力を弱体化させて中央集権化を推し進めた。,◯,第5章　東アジアと中央ユーラシア,これにより、漢は秦と同じような専制国家としての体制を確立しました。
武帝は財政を立て直すため、塩・鉄・酒の専売を開始し、物価の安定をはかる均輸・平準法を実施した。,◯,第5章　東アジアと中央ユーラシア,積極的な外征による軍事費増大を賄うため、強力な経済統制を行いました。
漢の官吏登用制度である「郷挙里選」は、中央から派遣された官吏が試験を行い、その成績順に採用する制度である。,×,第5章　東アジアと中央ユーラシア,間違った文章である。郷挙里選は「地方官の推薦」に基づく制度であり、試験によるのは後の「科挙」です。
武帝は、法家の意見を退けて儒教を官学化し、董仲舒の提案を受けて国家の統治理念とした。,◯,第5章　東アジアと中央ユーラシア,儒家の道徳的権威を利用することで、皇帝独裁体制の正当化をはかりました。
元号は、もともと漢の紀年と諸侯王国の紀年のズレを統一するために武帝が始めたものである。,◯,第5章　東アジアと中央ユーラシア,皇帝による時間の支配を示すものであり、のちに冊封体制下で周辺諸国にも使用が求められました。
秦は、始皇帝の死後に起きた黄巾の乱をきっかけとして、前206年にわずか15年で滅亡した。,×,第5章　東アジアと中央ユーラシア,間違った文章である。秦が滅びるきっかけとなったのは「陳勝・呉広の乱」です。黄巾の乱は後漢末期の反乱です。
前漢の都は長安に置かれたが、武帝が南越や衛氏朝鮮を滅ぼした後は洛陽に遷都された。,×,第5章　東アジアと中央ユーラシア,間違った文章である。前漢の都は一貫して「長安」です。洛陽が都となったのは「後漢」の時代です。
騎馬遊牧民は移動の便利さを最優先するため、住居には組み立て式のテントを用い、都市や村落を建設しなかった。,◯,第5章　東アジアと中央ユーラシア,定住地を持たない代わりに、圧倒的な機動力を持つ軍団を組織して広大な草原地帯を支配しました。
スキタイはモンゴル高原を中心に活動したイラン系の騎馬遊牧民で、漢の軍を大破して貢納を課した。,×,第5章　東アジアと中央ユーラシア,間違った文章である。スキタイの活動拠点は「黒海北岸」です。漢に貢納を課したのは「匈奴」です。
匈奴は前2世紀、冒頓単于の時代に全盛期を迎え、月氏を追ってタリム盆地を支配下に置いた。,◯,第5章　東アジアと中央ユーラシア,この時期、匈奴は東アジアから中央アジアに及ぶ広大な遊牧帝国を築いていました。
漢の武帝による攻撃を受けた匈奴は、前1世紀半ばに東西に分裂し、その一部はのちに「五胡」の一つとして華北に定住した。,◯,第5章　東アジアと中央ユーラシア,武帝の外征により東西交易の利を失った匈奴は弱体化し、分裂と定住の過程をたどりました。
カナートとは、草原地帯に組み立て式テントの村を作るための特別な建築技術のことである。,×,第5章　東アジアと中央ユーラシア,間違った文章である。カナートは、地下水を灌漑に利用するために掘削された「地下水路」のことです。
ソグド人はサマルカンドなどのオアシス都市を拠点に、隊商交易を行って「オアシスの道（シルクロード）」を形成した。,◯,第5章　東アジアと中央ユーラシア,イラン系のソグド人は、東西交易の中継者として言語や文化の伝播にも大きな役割を果たしました。
漢の武帝が西域に派遣した張騫は、当初の目的であった大月氏との軍事同盟を結ぶことに成功し、匈奴を滅ぼした。,×,第5章　東アジアと中央ユーラシア,間違った文章である。大月氏は匈奴への挟撃協力を「断った」ため、軍事同盟は成立しませんでした。
後漢の班超は西域都護としてタリム盆地を支配し、部下の甘英をシリア（大秦国の縁）まで派遣した。,◯,第5章　東アジアと中央ユーラシア,甘英によってもたらされた情報は、中国に初めてシルクロード西側の詳細な状況を伝えました。
騎馬遊牧民国家の行政組織は、百戸・千戸単位の十進法による軍事組織と一体化していた。,◯,第5章　東アジアと中央ユーラシア,「皆兵主義」ともいえるこの組織構造が、遊牧国家の強力な軍事力の源泉でした。
シルクロードは中国産の絹が主要商品であったことから命名されたが、実際には一本の舗装された道路を指す。,×,第5章　東アジアと中央ユーラシア,間違った文章である。シルクロード（オアシスの道）は一本の道路ではなく、点在するオアシスを結ぶ漠然とした「ルートの総称」です。
匈奴やスキタイなどの遊牧国家は、仏教やイスラームを最初から国教として厳格に強制し、文化的な統制を強めた。,×,第5章　東アジアと中央ユーラシア,間違った文章である。当初の遊牧国家はシャーマニズムを信仰し、外来宗教や文化の統制については極めて「ゆるやか」でした。
後漢末に起きた黄巾の乱は、張角が組織した道教の源流の一つである「太平道」によるものである。,◯,第5章　東アジアと中央ユーラシア,飢饉や政治腐敗に苦しむ農民を糾合し、後漢滅亡の決定的な引き金となりました。
後漢の光武帝は、新の王莽を倒した農民たちの支持のみを背景に、長安を都として漢を再興した。,×,第5章　東アジアと中央ユーラシア,間違った文章である。光武帝は「豪族」の支持を背景としており、都は「洛陽」に置かれました。
後漢の鄭玄らが大成した、儒教の字句の解釈を重んじる学問を「訓詁学」という。,◯,第5章　東アジアと中央ユーラシア,五経の解釈を固定化し、のちの官学としての儒教のあり方に大きな影響を与えました。
『史記』は後漢の班固によって著され、後世の歴史叙述の模範となった。,×,第5章　東アジアと中央ユーラシア,間違った文章である。『史記』は前漢の「司馬遷」による著書です。班固が著したのは『漢書』です。
三国時代の「魏」は、九品中正法（九品官人法）を導入して人材登用を行い、華北を支配した。,◯,第5章　東アジアと中央ユーラシア,地方に中正官を置き、郷里での評判に基づき9等級で人材を推薦する制度です。
西晋の司馬炎（武帝）は、占田・課田法を発布して土地の所有を制限し、自作農の保護をはかった。,◯,第5章　東アジアと中央ユーラシア,三国時代の戦乱で荒廃した農村の再建と、国家財政の安定を目的としました。
華北から江南へ逃れた東晋の司馬睿は、建業（建康）を都とし、門閥貴族に支えられた政権を樹立した。,◯,第5章　東アジアと中央ユーラシア,これ以降、江南では「六朝（りくちょう）」と呼ばれる華やかな貴族文化が栄えることになります。
北魏の孝文帝は、都を洛陽から平城に移し、鮮卑固有の風俗を強制する政策をとった。,×,第5章　東アジアと中央ユーラシア,間違った文章である。孝文帝は都を平城から「洛陽」に移し、中国の制度や風俗を推奨する「漢化政策」を進めました。
北魏が施行した「均田制」は、小農民に土地を割り当て、租・調の徴収や兵役を課す体制の基礎となった。,◯,第5章　東アジアと中央ユーラシア,土地を国家が管理し、農民に分配することで税収を確保する仕組みで、のちの隋・唐にも継承されました。
南北朝時代の南朝（宋・斉・梁・陳）は、いずれも長安を都とした長命な王朝である。,×,第5章　東アジアと中央ユーラシア,間違った文章である。南朝の都はいずれも「建康（南京）」であり、政権交代が激しい「短命」な王朝でした。
蔡倫は、後漢の時代に紙の製法を大幅に改良し、文化の普及に多大な貢献をした。,◯,第5章　東アジアと中央ユーラシア,蔡倫の改良した紙（蔡侯紙）は、従来の竹簡や木簡に代わって広く普及しました。
六朝文化は貴族が主導し、書の王羲之、絵画の顧愷之、詩の陶潜らがその代表とされる。,◯,第5章　東アジアと中央ユーラシア,南朝の建康を中心に、優雅で洗練された貴族文化が花開きました。
梁の昭明太子が編纂した『史記』は、古来の優れた詩文を集めた文集として日本にも大きな影響を与えた。,×,第5章　東アジアと中央ユーラシア,間違った文章である。昭明太子が編纂したのは『文選（もんぜん）』です。
北朝では実用的・現実的な文化が育ち、北魏では農業技術書である『斉民要術』が著された。,◯,第5章　東アジアと中央ユーラシア,貴族的な南朝文化に対し、北朝では生活に即した実学が発達しました。
仏図澄や鳩摩羅什は、江南の東晋で活躍し、老荘思想と仏教を融合させて貴族の間に広めた。,×,第5章　東アジアと中央ユーラシア,間違った文章である。彼らは「華北（五胡十六国時代）」で仏典の漢訳や布教に従事しました。
北魏の太武帝の時代、寇謙之によって大成された道教が国教とされた。,◯,第5章　東アジアと中央ユーラシア,国家公認の宗教として整備され、一時は仏教を圧倒することもありました。
5世紀にモンゴル高原で勃興した柔然の君主は「単于」を自称し、これが後の遊牧国家の定例となった。,×,第5章　東アジアと中央ユーラシア,間違った文章である。柔然の君主は「カガン（可汗）」を称しました。単于は匈奴の称号です。
騎馬遊牧民のエフタルは、アム川以北のオアシス都市を支配し、ササン朝ペルシアと争った。,◯,第5章　東アジアと中央ユーラシア,中央アジアからアフガニスタン、北インドにかけて勢力を振るいました。
4世紀に移動を開始し、ゲルマン人の大移動の引き金となったフン人は、アッティラの死後に突厥に吸収された。,×,第5章　東アジアと中央ユーラシア,間違った文章である。フン人は弱体化後、アヴァール人やブルガール人などに吸収されました。
魏の九品中正法は、地方の有力者が中正官となって門閥貴族化を阻止する役割を果たした。,×,第5章　東アジアと中央ユーラシア,間違った文章である。実際には「上品に寒門なく」といわれたように、豪族が門閥貴族化するのを「促進」しました。
北魏の均田制は、国家が農民に土地を配分し、代わりに租税や力役を課す制度で、隋・唐や日本にも影響を与えた。,◯,第5章　東アジアと中央ユーラシア,土地の公有化を図るこの制度は、東アジアの土地・税制のモデルとなりました。
5世紀のモンゴル高原で柔然に対抗して突厥が勃興し、中央アジアの西半分を支配した。,×,第5章　東アジアと中央ユーラシア,間違った文章である。5世紀に北魏や柔然と対抗したのは、高車などの勢力です。突厥が柔然を滅ぼすのは「6世紀」です。
東晋の法顕は、陸路でインドへ向かい、海路でスリランカを経て帰国して『仏国記』を著した。,◯,第5章　東アジアと中央ユーラシア,仏教の戒律を求めて旅立ち、当時のインドや東南アジアの貴重な記録を残しました。
隋の文帝（楊堅）は、門閥貴族に有利であった九品中正法を継続し、貴族の特権をさらに強化した。,×,第5章　東アジアと中央ユーラシア,間違った文章である。文帝は九品中正法を「廃止」し、学科試験による官吏登用法である「科挙」を始めました。
隋の煬帝は、江南と華北を結ぶ大運河を完成させ、高句麗への遠征を強行したが失敗に終わった。,◯,第5章　東アジアと中央ユーラシア,この運河は物資流通の動脈となりましたが、遠征の失敗と過酷な役使は隋滅亡の原因となりました。
唐の太宗（李世民）は、東突厥を服属させて北方民族から「天可汗」の称号を贈られ、「貞観の治」と呼ばれる盛世を築いた。,◯,第5章　東アジアと中央ユーラシア,律令体制を整備し、唐の国家基盤を確立した名君として知られています。
唐の地方行政制度は、道・州・県からなる「郡国制」であり、諸侯王に各地方の統治を任せた。,×,第5章　東アジアと中央ユーラシア,間違った文章である。唐の地方行政は「州県制」であり、各地方には中央から官吏が派遣されました。
唐の租庸調制において、「庸」は本来の労働（役）に代わって、絹や布などを納める制度のことである。,◯,第5章　東アジアと中央ユーラシア,これにより農民の負担が調整され、国家は物資を確保することができました。
玄宗の時代、節度使が指揮する軍団を国境に配置するなどの内政整備が行われ、これを「開元の治」という。,◯,第5章　東アジアと中央ユーラシア,唐の全盛期を象徴する時代ですが、後半には安史の乱の遠因となる節度使の権限肥大化を招きました。
唐代の文化は、六朝時代の形式美をさらに追求し、韓愈や柳宗元は華麗な「四六騈儷体」を最高峰として推奨した。,×,第5章　東アジアと中央ユーラシア,間違った文章である。彼らは形式的な美を批判し、秦漢以前の質朴な文章を理想とする「古文」の尊重を唱えました。
儒教では、孔穎達らによって五経の公認の注釈書である『五経正義』が編集され、科挙の基準となった。,◯,第5章　東アジアと中央ユーラシア,これにより儒教の解釈が固定化され、思想の硬直化を招いた側面もあります。
西方から伝わった「景教」とは、イスラーム教の別名であり、唐の都長安に多くの寺院が建てられた。,×,第5章　東アジアと中央ユーラシア,間違った文章である。「景教」はキリスト教のネストリウス派を指します。イスラームは「回教」と呼ばれました。
義浄は海路でインドへ向かい、帰国後に『大唐西域記』を著して当時のインドの状況を伝えた。,×,第5章　東アジアと中央ユーラシア,間違った文章である。義浄の著書は『南海寄帰内法伝』です。『大唐西域記』は「玄奘」の著書です。
紙の製法は、8世紀のタラス河畔の戦いを機にイスラーム世界へ伝わり、12世紀ごろにはイベリア半島へ到達した。,◯,第5章　東アジアと中央ユーラシア,中国で発明・改良された製紙法は、数世紀かけてシルクロードを西進し、世界へ広がりました。
「冊」という漢字は、木簡や竹簡を糸で横に綴った姿から成り立っている。,◯,第5章　東アジアと中央ユーラシア,木簡を並べて綴ったものを「冊」と呼び、それを丸めたものが「巻」となりました。
安史の乱を機に、節度使は地方の行政・財政権を握る「藩鎮」として各地に割拠するようになった。,◯,第5章　東アジアと中央ユーラシア,安禄山と史思明の反乱後、唐の中央権力は弱体化し、地方軍閥が自立する時代となりました。
780年に施行された「両税法」は、銭納を原則とし、各戸の土地や資産に応じて徴税する制度であった。,◯,第5章　東アジアと中央ユーラシア,租調庸制が崩壊したため、現実に合わせた資産課税へと転換されました。
唐を滅ぼしたのは、山東の塩の密売人から反乱を率いた黄巣であり、彼が「後梁」を建国した。,×,第5章　東アジアと中央ユーラシア,間違った文章である。唐を滅ぼし後梁を建てたのは、節度使の「朱全忠」です。黄巣は反乱の指導者ですが、王朝は建てていません。
前漢の武帝は、衛氏朝鮮を滅ぼして朝鮮四郡を設置し、その中心として楽浪郡が置かれた。,◯,第5章　東アジアと中央ユーラシア,中華文明が直接半島に及ぶ拠点となりましたが、のちに高句麗によって滅ぼされました。
朝鮮半島の統一を実現した新羅は、唐を完全に排除し、二度と冊封を受けることはなかった。,×,第5章　東アジアと中央ユーラシア,間違った文章である。新羅は唐の勢力を半島から排除しましたが、その後も唐の「冊封」を受け、文化を積極的に受容しました。
統一新羅では「骨品制」という独自の身分制度がしかれ、貴族中心の社会秩序が整えられた。,◯,第5章　東アジアと中央ユーラシア,この厳格な身分制は、政治や社会のあらゆる面に影響を及ぼしました。
7世紀末、大祚栄によって建国された「渤海」は、高句麗の遺民や靺鞨（まつかつ）の民を率いていた。,◯,第5章　東アジアと中央ユーラシア,唐の制度を取り入れ、「海東の盛国」と呼ばれるほど栄えました。
邪馬台国の卑弥呼は、239年に「漢」の皇帝に朝貢し、「親漢倭王」の称号を贈られた。,×,第5章　東アジアと中央ユーラシア,間違った文章である。卑弥呼が朝貢したのは「魏」であり、授かった称号は「親魏倭王」です。
日本は隋や唐に対して遣隋使・遣唐使を派遣したが、大陸の皇帝から「冊封」を受けることはなかった。,◯,第5章　東アジアと中央ユーラシア,独自の立場を維持しつつ、律令や都城制などの中華文明を主体的に導入しました。
663年の「白村江の戦い」において、日本と百済の連合軍は唐と新羅の連合軍を圧倒し、半島への影響力を拡大させた。,×,第5章　東アジアと中央ユーラシア,間違った文章である。日本軍はこの戦いで「大敗」し、朝鮮半島への介入は挫折しました。
9世紀末、菅原道真の建議などにより遣唐使が停止されたが、民間による私貿易は継続された。,◯,第5章　東アジアと中央ユーラシア,唐の衰退に伴い公式な使節は途絶えましたが、物資や文化の往来は続きました。
東アジア文明圏を構成する共通要素には、儒教、仏教、律令、漢字、都城制などが挙げられる。,◯,第5章　東アジアと中央ユーラシア,これらの中華文明を共有しつつ、各国が独自の文化と融合させて発展させました。
志賀島で発見された金印は、57年に後漢の光武帝が「倭奴国」の使者に授けたものである。,◯,第5章　東アジアと中央ユーラシア,印面に「漢委奴国王」と刻まれており、『後漢書』の記述を裏付ける貴重な史料です。
チベット（吐蕃）のソンツェン・ガンポは、中国文化のみを信奉し、インド文明の影響を一切排除して国家を建設した。,×,第5章　東アジアと中央ユーラシア,間違った文章である。チベットは中国文化も受容しましたが、全体としては「インド文明」の強い影響を受け、文字や仏教を生み出しました。
雲南の南詔は、唐の冊封を受ける一方でチベットと結んで唐に対抗することもある、自立性の高い国であった。,◯,第5章　東アジアと中央ユーラシア,チベット・ビルマ系の民族が建てた国で、唐とチベットの間に位置する地政学的な役割を果たしました。
753年の朝賀での席次争いにおいて、日本の使者・大伴古麻呂は、新羅より下位に置かれたことに強く抗議し、席次を入れ替えさせた。,◯,第5章　東アジアと中央ユーラシア,当時の日本が、新羅を自国への朝貢国とみなす自意識を持っていたことを示すエピソードです。
倭の五王が南朝に冊封を求めた主な目的は、朝鮮半島における高句麗や百済との対抗上、有利な地位を得るためであった。,◯,第5章　東アジアと中央ユーラシア,中国皇帝の権威（官爵）を背景に、近隣諸国への影響力を確保しようとしました。
唐の「羈縻（きび）政策」とは、服属した部族の首長に自治を任せつつ、都護府などが間接的に統括する統治方式である。,◯,第5章　東アジアと中央ユーラシア,「牛馬をつなぎとめる」という意味の言葉通り、緩やかな間接統治を行いました。
則天武后は、唐の王室（李氏）を廃して自ら皇帝となり、国号を「魏」と改めて女性蔑視の政治を打破した。,×,第5章　東アジアと中央ユーラシア,間違った文章である。則天武后が建てた国号は「周」です。
律令における「律」は行政法や民法にあたり、「令」は罪と罰を定めた刑法にあたる。,×,第5章　東アジアと中央ユーラシア,間違った文章である。正しくは「律が刑法」、「令が行政法」です。
均田制のもとで丁男に課された「租」は、主に穀物（粟など）を納める負担であった。,◯,第5章　東アジアと中央ユーラシア,租（穀物）・調（繊維製品）・庸（労役の代納）が唐の税制の基本でした。
安禄山は、その姓からわかる通りサマルカンド出身のソグド系人物であり、のちに安史の乱を引き起こした。,◯,第5章　東アジアと中央ユーラシア,当時の唐が、西域出身の軍人を節度使として重用していた背景がうかがえます。
朝貢に対して中国側が贈る返礼品を「回賜（かいし）」と呼び、その費用負担が大きいため、中国側が朝貢の回数を制限することもあった。,◯,第5章　東アジアと中央ユーラシア,朝貢は皇帝の徳を示す儀礼でしたが、経済的には中国側に持ち出しが多い側面もありました。
6世紀中ごろ、突厥は東方でエフタルを滅ぼし、西方でササン朝ペルシアと結んで柔然を滅ぼした。,×,第5章　東アジアと中央ユーラシア,間違った文章である。正しくは「東方で柔然を滅ぼし」、「西方でササン朝と結んでエフタルを滅ぼした」である。
突厥は隋の攻撃や内紛によって6世紀末に東西に分裂したが、東突厥は8世紀まで唐に滅ぼされることなく存続した。,×,第5章　東アジアと中央ユーラシア,間違った文章である。東突厥は630年に一度「唐によって滅ぼされて」います（のちに再興）。
ウイグルは安史の乱で唐を援護し、その見返りとして草原の馬と中国の絹を交換する「絹馬貿易」を有利に進めた。,◯,第5章　東アジアと中央ユーラシア,強力な軍事力を背景に、唐に対して経済的に優位な立場を築きました。
ウイグルは、ソグド文字を改良してウイグル文字を作り、マニ教や仏教を受容した。,◯,第5章　東アジアと中央ユーラシア,ソグド文化を吸収し、独自の文字文化や宗教的広がりを見せました。
9世紀にキルギスに滅ぼされたウイグルの一部は、タリム盆地へ移住して先住民をトルコ化した。この地域を「西トルキスタン」と呼ぶ。,×,第5章　東アジアと中央ユーラシア,間違った文章である。タリム盆地（東側）一帯は「東トルキスタン」と呼ばれます。
751年のタラス河畔の戦いで、唐の軍はアッバース朝のムスリム軍を破り、中央アジアのイスラーム化を阻止した。,×,第5章　東アジアと中央ユーラシア,間違った文章である。勝利したのは「ムスリム軍（アッバース朝）」であり、これ以降、中央アジアのイスラーム化が進みました。
9世紀後半に成立したイラン系のサーマーン朝は、ブハラを都とし、マムルーク（奴隷軍人）を育成した。,◯,第5章　東アジアと中央ユーラシア,トルコ系の少年を軍人として登用する仕組みは、後のイスラーム諸王朝に大きな影響を与えました。
カラ・ハン朝は、トルコ系民族として初めてハンがイスラームに改宗し、西・東トルキスタンの広域を支配した。,◯,第5章　東アジアと中央ユーラシア,これによりトルコ系民族の集団的なイスラーム化が決定づけられました。
ソグド人は、ゾロアスター教（祆教）を中国全土の農民に布教し、唐の国教とすることに成功した。,×,第5章　東アジアと中央ユーラシア,間違った文章である。ゾロアスター教はソグド人の集落などにはありましたが、「中国人には広まりません」でした。
ソグド文字は、ウイグル文字、モンゴル文字、さらには満洲文字へと発展していく源流となった。,◯,第5章　東アジアと中央ユーラシア,ソグド人の文化的・言語的影響は、東アジアの広い範囲に及びました。
7世紀に移動を開始したブルガール人の一部はヴォルガ川流域へ、別の一派はバルカン半島へ向かい王国を建てた。,◯,第5章　東アジアと中央ユーラシア,騎馬遊牧民の移動が、ヨーロッパ東部の民族構成に変化をもたらしました。
ハザールはトルコ系の民族で、カスピ海北西部で自立し、周囲のイスラーム勢力に対抗してユダヤ教を信奉した。,◯,第5章　東アジアと中央ユーラシア,遊牧民としては極めて珍しく、ユダヤ教を国教的に受容したことで知られています。
クシュ王国は前8世紀に一時エジプトを支配したが、のちにメロエへ遷都し、製鉄と商業で繁栄した。,◯,第6章　アフリカ・オセアニア・古アメリカ,アッシリアの侵入でエジプトから撤退した後、メロエで独自の鉄器文化を築きました。
エチオピア高原に成立したアクスム王国は、紅海貿易で繁栄し、4世紀には仏教を受容した。,×,第6章　アフリカ・オセアニア・古アメリカ,間違った文章である。アクスム王国が受容したのは「キリスト教」です。
サハラ砂漠を越える交易では、西アフリカからは金や奴隷が、地中海世界からは塩などが運ばれた。,◯,第6章　アフリカ・オセアニア・古アメリカ,4世紀以降のラクダの利用によって、この大規模な南北交易が発展しました。
ガーナ王国は、ニジェール川流域で栄え、イスラーム世界に対して大量の銀を供給した。,×,第6章　アフリカ・オセアニア・古アメリカ,間違った文章である。ガーナ王国などの西アフリカ諸国が供給したのは「金」です。
11世紀後半にムラービト朝がガーナ王国を征服したことで、西アフリカのイスラーム化が促された。,◯,第6章　アフリカ・オセアニア・古アメリカ,北アフリカのベルベル人勢力との接触が、宗教的な転換点となりました。
ソンガイ王国のトンブクトゥは、サハラ貿易の中継地として栄えたが、イスラーム学術は固く禁じられていた。,×,第6章　アフリカ・オセアニア・古アメリカ,間違った文章である。トンブクトゥは「イスラーム学術の中心地」として繁栄しました。
旅行家のイブン・バットゥータは、14世紀にマリ王国を訪れ、その様子を『旅行記』に残している。,◯,第6章　アフリカ・オセアニア・古アメリカ,当時の黒人ムスリム社会の安定や豊かさが記録されています。
チャド湖周辺に成立したカネム・ボルヌー王国は、紅海を越えてインド洋交易を独占した。,×,第6章　アフリカ・オセアニア・古アメリカ,間違った文章である。カネム・ボルヌーはチャド湖周辺に位置し、「地中海沿岸地域」との交易で栄えました。
マリ王国やソンガイ王国では、黒人ムスリムが支配権を握り、サハラ貿易を管理した。,◯,第6章　アフリカ・オセアニア・古アメリカ,イスラームを受容した黒人支配層が、広大な交易ネットワークを統制しました。
アクスム王国は4世紀にクシュ王国を征服してナイル川中流域に進出し、アラビア半島南部にも影響を及ぼした。,◯,第6章　アフリカ・オセアニア・古アメリカ,当時のアフリカ東部からアラビア半島にかけての広域な勢力を持っていました。
西アフリカのニジェール川中流域では、古くから馬を利用したサハラ横断貿易が最も重要視された。,×,第6章　アフリカ・オセアニア・古アメリカ,間違った文章である。サハラ交易の発展に決定的な役割を果たしたのは「ラクダ」です。
約5万年前、サフル大陸に渡ってきた人類（オーストラロイド）は、土器製作と大規模な稲作を行う農耕民であった。,×,第6章　アフリカ・オセアニア・古アメリカ,間違った文章である。彼らは「土器をつくらず、農耕も行わない狩猟採集民」でした。
オーストラリアの先住民アボリジニーの祖先は、約5万年前に東南アジア島嶼部から船で渡ってきた人々である。,◯,第6章　アフリカ・オセアニア・古アメリカ,当時は現在よりも海面が低く、サフル大陸という陸塊を形成していました。
前1000年ごろ、オセアニアに拡散したオーストロネシア語族は、タロイモやヤムイモの栽培、家畜飼養を行っていた。,◯,第6章　アフリカ・オセアニア・古アメリカ,彼らは農耕・牧畜の技術とともに、優れた航海技術を持って島々へ広がりました。
ラピタ文化とは、オーストラロイドがオーストラリア大陸で築いた、巨石建造物を特徴とする文化である。,×,第6章　アフリカ・オセアニア・古アメリカ,間違った文章である。ラピタ文化は「オーストロネシア語族」によるもので、優れた「土器製作技術」を特徴とします。
オーストロネシア語族には、ポリネシア諸語だけでなく、マレーシア語や台湾の先住民の言語も含まれる。,◯,第6章　アフリカ・オセアニア・古アメリカ,台湾を起点として、東南アジアからオセアニア、さらにはマダガスカルまで広まった巨大な語族です。
ニュージーランドへ人類が到達したのは4世紀ごろであり、ハワイ諸島よりも早い段階で入植が行われた。,×,第6章　アフリカ・オセアニア・古アメリカ,間違った文章である。ハワイ到達が「700年ごろ」なのに対し、ニュージーランド到達は「1250年ごろ」と後になります。
イースター島（ラパ・ヌイ）で巨石像モアイを作った人々も、オーストロネシア語族に属すると考えられている。,◯,第6章　アフリカ・オセアニア・古アメリカ,絶海の孤島であるイースター島へも、彼らの優れた航海技術によって到達が果たされました。
4世紀以降、ポリネシアの島々では入植が進み、一部では複数の島に影響を及ぼす王権も発達した。,◯,第6章　アフリカ・オセアニア・古アメリカ,社会の複雑化が進み、大規模な巨石文化や階層社会が形成される島も現れました。
オーストロネシア語族が家畜としてオセアニアに持ち込んだのは、主にウマ、ウシ、ヒツジであった。,×,第6章　アフリカ・オセアニア・古アメリカ,間違った文章である。彼らが伴った家畜は「イヌ・ブタ・ニワトリ」です。
サフル大陸とは、かつてのオーストラリア大陸とニューギニア島が陸続きになっていた状態を指す名称である。,◯,第6章　アフリカ・オセアニア・古アメリカ,氷河期の海退期に存在した大陸で、人類の初期の移動ルートを考える上で重要です。
アメリカ大陸に渡ったモンゴロイドは、金・銀・鉄器を巧みに操り、馬や車両を用いた高度な輸送網を築いた。,×,第6章　アフリカ・オセアニア・古アメリカ,間違った文章である。金属器は利用されたが「鉄器」は存在せず、「馬や車両」も使われなかった。
オルメカ文明は、ピラミッド型神殿を築き、ジャガーを神格化するなど、後の中央アメリカ文明に大きな影響を与えた。,◯,第6章　アフリカ・オセアニア・古アメリカ,メキシコ湾岸で栄え、「メソアメリカの母文化」とも呼ばれる。
マヤ文明では、二十進法を用いた数学や精密な暦法が発達したが、独自の文字は一切使用されなかった。,×,第6章　アフリカ・オセアニア・古アメリカ,間違った文章である。マヤ文明では「マヤ文字」が使用されていた。文字がなかったのは「インカ帝国」である。
アンデスのチャビン文化では、大規模な灌漑設備によりトウモロコシやジャガイモが栽培され、リャマが家畜化された。,◯,第6章　アフリカ・オセアニア・古アメリカ,高地の厳しい環境に適応した独自の農耕・牧畜体系を築いた。
アステカ王国は、14世紀に現在のメキシコ市がある場所に湖上の都テノチティトランを建設し、周辺諸都市を服属させた。,◯,第6章　アフリカ・オセアニア・古アメリカ,16世紀初頭にはメキシコ湾岸から太平洋岸までを支配する強大な王国となった。
インカ帝国では、都クスコを中心に道路網が整備され、記録には「キープ（結縄）」という紐の結び目が使われた。,◯,第6章　アフリカ・オセアニア・古アメリカ,結び目の形や数で、統計や歴史情報を記録・伝達していた。
北アメリカ大陸の先住民は、12世紀ごろにはメソアメリカの影響を受け、日干し煉瓦の集合住宅群を作っていた。,◯,第6章　アフリカ・オセアニア・古アメリカ,今日のニューメキシコ州やコロラド州の地に、集合住宅群（プエブロ）が築かれた。
トウモロコシやジャガイモ、トマト、トウガラシなどはアメリカ大陸固有の作物であり、のちにユーラシアへ伝わった。,◯,第6章　アフリカ・オセアニア・古アメリカ,大航海時代以降にユーラシアへ運ばれ、世界の食文化に劇的な変化をもたらした。
テオティワカン文明は、ユカタン半島を中心に3世紀から9世紀にかけて多くの都市国家を形成して繁栄した。,×,第6章　アフリカ・オセアニア・古アメリカ,間違った文章である。ユカタン半島で3〜9世紀に栄えたのは「マヤ文明」である。テオティワカンは「メキシコ高原」に位置した。
インカ帝国の王は「太陽の子」とみなされ、数量の記録に用いるキープ（結縄）と並行して、独自の絵文字を公用した。,×,第6章　アフリカ・オセアニア・古アメリカ,間違った文章である。インカ帝国では「文字は使われなかった」。
アンデス地域では、ユーラシアから伝わった米や麦の栽培技術によって定住化が飛躍的に進んだ。,×,第6章　アフリカ・オセアニア・古アメリカ,間違った文章である。アメリカ大陸では「米や麦は栽培されず」、トウモロコシやジャガイモが主食であった。
後ウマイヤ朝の君主は建国当初からカリフを称し、アッバース朝の権威を完全に否定していた。,×,第7章　イスラーム世界の拡大と繁栄,間違った文章である。建国当初はアミールを称しており、カリフを称したのは10世紀のアブド・アッラフマーン3世の時代からである。
後ウマイヤ朝の首都コルドバでは、アラビア語の文献がラテン語に翻訳され、中世ヨーロッパの学問の基礎となった。,◯,第7章　イスラーム世界の拡大と繁栄,イスラーム文明の知恵が、キリスト教世界（ヨーロッパ）へ再導入される重要な窓口となった。
中央アジアのサーマーン朝は、アッバース朝から自立したが、アラビア語文学を強制してペルシア文化を弾圧した。,×,第7章　イスラーム世界の拡大と繁栄,間違った文章である。サーマーン朝ではペルシア文化が保護され、ペルシア語による文学が復活した。
10世紀のイスラーム世界では、アッバース朝、ファーティマ朝、後ウマイヤ朝の3人のカリフが並び立つ状態となった。,◯,第7章　イスラーム世界の拡大と繁栄,政治的な分裂が極まり、複数のカリフが正統性を主張し合う異例の事態となった。
チュニジアで成立したファーティマ朝は、シーア派の一派であるイスマーイール派の王朝であり、のちにカイロを建設した。,◯,第7章　イスラーム世界の拡大と繁栄,ムハンマドの娘ファーティマの子孫を自称し、アッバース朝を否定してカリフを称した。
946年にバグダードを占領したブワイフ朝は、スンナ派の王朝であり、アッバース朝カリフを廃止して自らカリフとなった。,×,第7章　イスラーム世界の拡大と繁栄,間違った文章である。ブワイフ朝は「シーア派」の王朝だが、アッバース朝カリフの権威は認め、大アミールとして統治した。
ブワイフ朝が始めた「イクター制」とは、軍人に対し給与の代わりに一定地域の徴税権を与える制度である。,◯,第7章　イスラーム世界の拡大と繁栄,貨幣不足や財政難に対応するための制度で、のちのイスラーム諸王朝の基本制度となった。
アッバース朝はハールーン・アッラシードのころから、マムルーク軍団を解散させて中央集権体制を極限まで強化した。,×,第7章　イスラーム世界の拡大と繁栄,間違った文章である。実際には地方総督の自立を認め、のちにはマムルーク軍団が政治に介入してカリフが実権を失った。
ベルベル人は、アラビア半島原産の民族であり、7世紀にムスリム勢力に従ってイベリア半島へ移住した。,×,第7章　イスラーム世界の拡大と繁栄,間違った文章である。ベルベル人は「北アフリカ西部」に居住する先住民族の総称である。
エジプトに成立したファーティマ朝は、紅海経由の交易路を押さえることで、経済的に繁栄した。,◯,第7章　イスラーム世界の拡大と繁栄,カイロを中心に、地中海とインド洋を結ぶ東西貿易の主導権を握った。
イドリース朝は、モロッコに成立したスンナ派の王朝であり、アッバース朝と密接に連携してシーア派を弾圧した。,×,第7章　イスラーム世界の拡大と繁栄,間違った文章である。イドリース朝はアリーの子孫が建国した「最初のシーア派王朝」である。
イスラーム世界の政治的分裂が進む一方で、アラビア語やイスラーム法が共通語・共通規範として定着し、文明圏としての統合は保たれた。,◯,第7章　イスラーム世界の拡大と繁栄,政治的な単位は分かれても、信仰や法、言語による文化的一体感は維持されていた。
スンナ派はアリーの子孫のみを指導者と認める立場であり、ウマイヤ朝やアッバース朝を否定した。,×,第7章　イスラーム世界の拡大と繁栄,間違った文章である。アリーの子孫のみを認めるのは「シーア派」である。スンナ派は歴代カリフの正統性を認める立場である。
セルジューク朝のトゥグリル・ベクは、1055年にバグダードに入城し、カリフから「スルタン」の称号を授かった。,◯,第7章　イスラーム世界の拡大と繁栄,トルコ系の指導者が西アジアの世俗的な支配権を公認された画期的な出来事であった。
セルジューク朝は、官僚にもトルコ人を採用し、行政用語としてトルコ語を厳格に強制した。,×,第7章　イスラーム世界の拡大と繁栄,間違った文章である。官僚には「イラン人」を採用し、「ペルシア語」を行政用語とした。
セルジューク朝は主要都市にマドラサを設立し、シーア派の学問を国教として振興した。,×,第7章　イスラーム世界の拡大と繁栄,間違った文章である。セルジューク朝が振興したのは「スンナ派」の学問である。
セルジューク朝のアナトリア進出は、ビザンツ帝国を脅かし、十字軍遠征が引き起こされる要因の一つとなった。,◯,第7章　イスラーム世界の拡大と繁栄,聖地エルサレムの占領やビザンツへの圧迫が、西欧キリスト教世界の介入を招いた。
ホラズム朝は、12世紀にセルジューク朝から自立して中央アジアを支配したが、チンギス・ハンによって滅ぼされた。,◯,第7章　イスラーム世界の拡大と繁栄,モンゴル帝国の急速な拡大により、西アジア・中央アジアの勢力図は激変した。
アッバース朝は、1258年にモンゴル王族のフレグによってバグダードを攻略され、滅亡した。,◯,第7章　イスラーム世界の拡大と繁栄,これにより、750年から続いたアッバース朝の歴史に終止符が打たれた。
十二イマーム派では、10世紀に指導者の血統が途絶えたため、現在は法学者が信徒を指導する体制をとっている。,◯,第7章　イスラーム世界の拡大と繁栄,この思想は、現代のイランの政治・宗教体制（法学者の統治）の基礎となっている。
スンナ派の考え方では、特定の人物の判断よりも、ムスリム共同体（ウンマ）全体の合意に神の意志があらわれるとされる。,◯,第7章　イスラーム世界の拡大と繁栄,共同体の合意（イジュマー）を重視するのがスンナ派の大きな特徴である。
セルジューク朝は、ブワイフ朝が始めたイクター制を廃止し、中央官僚による直接徴税制度を復活させた。,×,第7章　イスラーム世界の拡大と繁栄,間違った文章である。セルジューク朝はイクター制を「発展」させて運用した。
ホラズム朝が滅亡した後、イスラーム世界の西半分（エジプト方面）までもがすべてモンゴルの直轄地となった。,×,第7章　イスラーム世界の拡大と繁栄,間違った文章である。モンゴルの支配下に置かれたのは主にイスラーム世界の「東半分」である。
アイユーブ朝を建てたサラーフ・アッディーンは、ファーティマ朝を滅ぼしてエジプトにシーア派を復興させた。,×,第7章　イスラーム世界の拡大と繁栄,間違った文章である。サラーフ・アッディーンが復興させたのは「スンナ派」である。
サラーフ・アッディーンは、1187年にイェルサレムを奪回し、イングランド王リチャード1世ら第3回十字軍と戦った。,◯,第7章　イスラーム世界の拡大と繁栄,騎士道精神に富んだ英雄として、イスラーム・キリスト教両世界で語り継がれている。
マムルーク朝は、奴隷出身の軍人が代々のスルタンとなる特異な王朝であり、カイロを首都として繁栄した。,◯,第7章　イスラーム世界の拡大と繁栄,モンゴルの侵攻を阻止し、聖地メッカ・メディナを保護してイスラーム世界の盟主となった。
マムルーク朝のイクター制では、軍人は与えられた徴税地に居住することが義務付けられ、地方に定着した。,×,第7章　イスラーム世界の拡大と繁栄,間違った文章である。軍人は「首都カイロ」に住み、代理人を派遣して税収をカイロに運ばせた。
ベルベル人がモロッコに建てたムラービト朝は、サハラ砂漠を越えてガーナ王国を征服し、金の交易路を確保した。,◯,第7章　イスラーム世界の拡大と繁栄,この征服は、西アフリカのイスラーム化を大きく進める契機ともなった。
ムワッヒド朝は、チュニジアを首都としてエジプトまでを支配下に置き、十字軍を完全に駆逐した。,×,第7章　イスラーム世界の拡大と繁栄,間違った文章である。ムワッヒド朝の首都はモロッコの「マラケシュ」であり、主に北アフリカ西部とイベリア半島を支配した。
イベリア半島最後のイスラーム王朝であるナスル朝は、1492年にスペイン王国によって滅ぼされた。,◯,第7章　イスラーム世界の拡大と繁栄,グラナダの陥落により、イベリア半島におけるムスリムの政治支配は終焉した。
イスラーム法における奴隷は、虐待が禁じられていたほか、解放が推奨されており、固定された世襲身分ではなかった。,◯,第7章　イスラーム世界の拡大と繁栄,軍人や官僚として活躍し、マムルーク朝のように国家の主権を握るケースもあった。
アイユーブ朝は、マムルーク軍団を強化してフランス王ルイ9世の率いる十字軍を撃退した。,◯,第7章　イスラーム世界の拡大と繁栄,高い戦闘能力を持つマムルーク軍団は、十字軍に対抗する主力となった。
ムラービト朝やムワッヒド朝は、イベリア半島のレコンキスタ（再征服運動）を完全に阻止し、キリスト教勢力を北方に追放した。,×,第7章　イスラーム世界の拡大と繁栄,間違った文章である。一時は防衛にあたったが、13世紀以降衰退し、キリスト教徒の南進を許した。
アッバース朝のカリフは、バグダード滅亡後、マムルーク朝によってカイロで擁立され、宗教的権威として利用された。,◯,第7章　イスラーム世界の拡大と繁栄,マムルーク朝はカリフを保護することで、自らの統治の正統性を主張した。
西アジアのイスラーム国家では、外戚が権力を振るうことが多かったため、これに対抗するためにマムルーク制度が導入された。,×,第7章　イスラーム世界の拡大と繁栄,間違った文章である。カリフが奴隷身分の女性を母に持つことが多く、外戚が権力を振るう「土壌がなかった」ことが特徴である。
11世紀ごろから盛んになった神秘主義（スーフィズム）は、教理の研究を重視し、民衆の参拝を厳格に禁じた。,×,第7章　イスラーム世界の拡大と繁栄,間違った文章である。神秘主義は「禁欲的な修行による神との一体感」を求め、聖者廟への参詣などを通じて「イスラームの民衆化」を促した。
神秘主義教団は、聖者廟を中心として組織され、アナトリアやインド、東南アジアなどへのイスラーム拡大に貢献した。,◯,第7章　イスラーム世界の拡大と繁栄,修行者（スーフィー）たちの活動により、イスラームは各地の民衆に受け入れられ、地理的に大きく広がった。
9世紀後半にイラク南部でおきたザンジュの乱は、トルコ人マムルークが特権を求めて起こした反乱である。,×,第7章　イスラーム世界の拡大と繁栄,間違った文章である。ザンジュの乱は「黒人農業奴隷」による反乱である。
ファーティマ朝は、ムハンマドの娘ファーティマを通じた直系の子孫であることを主張し、アッバース家を軽んじた。,◯,第7章　イスラーム世界の拡大と繁栄,預言者の直系であることを強調することで、自らのカリフ位の正当性を主張した。
セルジューク朝の宰相ニザーム・アルムルクは、主要都市にニザーミーヤ学院（マドラサ）を設立した。,◯,第7章　イスラーム世界の拡大と繁栄,官僚養成やスンナ派の学問振興のために整備された重要な教育機関である。
マムルークは、イスラームに改宗して軍事訓練を受けた後も、生涯奴隷身分のまま主人に仕える義務があった。,×,第7章　イスラーム世界の拡大と繁栄,間違った文章である。マムルークは軍事訓練を受け、奴隷身分から「解放」されて主人に仕えた。
11世紀以降、紅海やインド洋の香辛料交易を独占し、カイロを拠点に活躍した商人をカーリミー商人と呼ぶ。,◯,第7章　イスラーム世界の拡大と繁栄,彼らが扱った香辛料はアレクサンドリアでイタリア商人に売却され、欧州へ流れた。
マムルーク朝の第5代スルタンであるバイバルスは、モンゴル軍を撃退し、十字軍をシリアから駆逐した。,◯,第7章　イスラーム世界の拡大と繁栄,サラーフ・アッディーンと並び、イスラーム世界を守った英雄として現在も高く評価されている。
セルジューク朝以降、イランやインドのイスラーム国家では、トルコ語が唯一の公用語として用いられた。,×,第7章　イスラーム世界の拡大と繁栄,間違った文章である。この時代以降、行政や商人の共通語として広く用いられたのは「ペルシア語」である。
アナトリアには、セルジューク一族によってルーム・セルジューク朝が成立した。,◯,第7章　イスラーム世界の拡大と繁栄,この王朝の成立により、アナトリアのトルコ化・イスラーム化がさらに進展した。
7世紀に第4代正統カリフのアリーを暗殺した勢力は、ハワーリジュ派と呼ばれ、シーア派とも敵対した。,◯,第7章　イスラーム世界の拡大と繁栄,「退出した者」を意味し、妥協を許さない過激な一派として活動した。
ハールーン・アッラシードの死後、二人の息子が争った結果、バグダードの円城は戦火によって崩壊した。,◯,第7章　イスラーム世界の拡大と繁栄,アッバース朝の黄金期を築いたハールーンの後の継承争いは、帝国の弱体化の一因となった。
イスラームは、その出自から商業を卑しめる考えが強く、商人の利益追求は厳格に禁止されていた。,×,第7章　イスラーム世界の拡大と繁栄,間違った文章である。イスラームには「商業を卑しめる考えがなく」、公正な取引を重んじる宗教として発展した。
メッカへの巡礼路は、宗教的な目的だけでなく、商業や学問のための情報の道としても機能した。,◯,第7章　イスラーム世界の拡大と繁栄,巡礼はムスリムの義務であり、その移動に伴い「人・もの・情報」の自由な移動が促進された。
9世紀以降、西アジアでは南アジア原産のサトウキビやオレンジなどが導入され、商品作物として栽培された。,◯,第7章　イスラーム世界の拡大と繁栄,灌漑農業の発達により、自給用だけでなく都市民向けの市場向け生産も盛んになった。
イスラーム法（シャリーア）のもとで、共同出資や小切手・手形などの高度な商業システムが整備された。,◯,第7章　イスラーム世界の拡大と繁栄,遠距離の大規模な商取引を支えるための決済手段が発達し、国際取引の法としても機能した。
イスラーム都市の中心部には、モスクと対をなすように、広大な農地と大規模な工場が配置されていた。,×,第7章　イスラーム世界の拡大と繁栄,間違った文章である。都市の中心部にあったのは「モスク」と「常設市場（スーク、バザール）」である。
外部から訪れる商人のために、都市には「キャラヴァンサライ（隊商宿）」と呼ばれる宿泊施設が整備されていた。,◯,第7章　イスラーム世界の拡大と繁栄,遠隔地交易を支える重要な拠点として、各地の都市や街道沿いに建設された。
公共のための信託財産である「ワクフ」は、主に軍人への給与を支払うための国家財政の基盤であった。,×,第7章　イスラーム世界の拡大と繁栄,間違った文章である。ワクフは「モスクやマドラサ、病院、道路などの公共施設」を維持するための信託財産である。
イスラーム都市の住宅は、プライバシーを守るために中庭を持たず、道路に向かって大きな窓を設けるのが一般的であった。,×,第7章　イスラーム世界の拡大と繁栄,間違った文章である。住宅は「中庭」を中心に設計され、道路側には小さな窓しかない殺風景な外観が特徴であった。
「ハンマーム（公衆浴場）」は身体を清潔にする場所であるだけでなく、人々の娯楽や情報交換の場としても重要であった。,◯,第7章　イスラーム世界の拡大と繁栄,礼拝前の沐浴が義務であることも背景に、重要な公共施設として栄えた。
都市の支配者や裕福な商人は、賃貸アパートなどを建設した際、それをワクフとして公共の利益に供した。,◯,第7章　イスラーム世界の拡大と繁栄,ワクフからの収入が公共施設の運営に充てられる仕組みが整っていた。
イスラーム法はムスリムの間でのみ有効であり、ヨーロッパや中国との国際取引では全く機能しなかった。,×,第7章　イスラーム世界の拡大と繁栄,間違った文章である。ムスリム商人の進出に伴い、イスラーム法は「国際取引の法」として広く機能した。
イスラーム法学や伝承学は「外来の学問」と呼ばれ、ギリシア哲学や数学は「固有の学問」と呼ばれた。,×,第7章　イスラーム世界の拡大と繁栄,間違った文章である。法学などは「固有の学問」、ギリシア由来の哲学などは「外来の学問」と呼ばれる。
イブン・ハルドゥーンは『医学典範』を著し、ベルベル系王朝の興亡を「都市民と遊牧民の交代」として理論化した。,×,第7章　イスラーム世界の拡大と繁栄,間違った文章である。イブン・ハルドゥーンの主著は『世界史序説』である。『医学典範』はイブン・シーナーの著作である。
マドラサ（学院）で学問を修めた「ウラマー」は、裁判官や教師として活躍し、イスラーム世界の一体性を支える役割を担った。,◯,第7章　イスラーム世界の拡大と繁栄,政治的分裂の中でも、共通の法知識を持つ彼らの存在が文明圏の統合を維持した。
アッバース朝のカリフ、ハールーン・アッラシードがカイロに設立した翻訳機関を「知恵の館」と呼ぶ。,×,第7章　イスラーム世界の拡大と繁栄,間違った文章である。「知恵の館」が設立された場所は「バグダード」である。
数学者のフワーリズミーは、インド起源のゼロの概念を取り入れ、代数学の発展に大きく寄与した。,◯,第7章　イスラーム世界の拡大と繁栄,彼の名は「アルゴリズム」の語源となり、著作は「代数学（アルジャブラ）」の由来となった。
イブン・シーナーは「アヴィケンナ」の名で知られ、アリストテレス哲学とイスラームを融合させ哲学を完成させた。,◯,第7章　イスラーム世界の拡大と繁栄,医学と哲学の両面で中世ヨーロッパに多大な影響を与えた。
イブン・ルシュドは、インド数学の成果をまとめた『預言者たちと諸王の歴史』を著したことで知られる。,×,第7章　イスラーム世界の拡大と繁栄,間違った文章である。『預言者たちと諸王の歴史』を編纂したのはタバリーである。イブン・ルシュドは哲学者である。
マドラサの運営費用や学生の奨学金は、信託財産である「イクター」からの収入によって賄われていた。,×,第7章　イスラーム世界の拡大と繁栄,間違った文章である。公共施設の維持や奨学金に充てられた信託財産は「ワクフ」である。
ウラマーは特定の地域に定住することを強制されたため、イブン・バットゥータのような遍歴する学者は例外的な存在だった。,×,第7章　イスラーム世界の拡大と繁栄,間違った文章である。ウラマーは多くの学者のもとで学ぶために各地を遍歴することが一般的であった。
十進法に便利な「アラビア数字」は、ギリシアの数学にインド起源の概念が融合して成立したものである。,◯,第7章　イスラーム世界の拡大と繁栄,イスラーム世界で洗練されたこの数字体系は、後にヨーロッパへ伝わり世界標準となった。
ガザーリーは神秘主義（スーフィズム）を理論化し、それをイスラーム学問の正統な領域として位置づけた。,◯,第7章　イスラーム世界の拡大と繁栄,これにより、それまで異端視されがちだった神秘主義がスンナ派体系に組み込まれた。
カール大帝の死後、フランク王国はヴェルダン条約とメルセン条約によって3分され、後のドイツ・フランス・イタリアの基礎となった。,◯,第8章　中世ヨーロッパ,広大な帝国は一族の分割相続によって解体され、西欧諸国の原形が形成された。
東フランクのオットー1世は、北方のバイキングやマジャール人を撃退し、962年に教皇から帝冠を授かった。,◯,第8章　中世ヨーロッパ,これにより「神聖ローマ帝国」が成立し、ドイツ王が皇帝を兼ねる伝統が始まった。
西フランクでは、カロリング朝の断絶後、パリ伯のユーグ・カペーが選出されてカペー朝が成立したが、当初の王権は弱体であった。,◯,第8章　中世ヨーロッパ,諸侯の台頭が著しく、カペー朝の直接支配地はパリとその周辺に限定されていた。
オットー1世が実施した「帝国教会政策」とは、教会の聖職者任免権を教皇に返還し、王権を教会から完全に分離する政策である。,×,第8章　中世ヨーロッパ,間違った文章である。帝国教会政策は、教会組織を「王権の統制下」に置き、聖職者を官僚のように利用する政策である。
9世紀以降、シチリア島はノルマン人の支配下に置かれ、カトリック信仰を強制してイスラームの農業技術を完全に排除した。,×,第8章　中世ヨーロッパ,間違った文章である。9世紀に支配したのは「ムスリム」であり、彼らがもたらした農業技術は後のノルマン支配下でも継承された。
イタリアでは諸侯や都市国家が分立して混乱したため、都市住民を守った司教たちが実権を握るケースが多く見られた。,◯,第8章　中世ヨーロッパ,中央権力の不在により、宗教的指導者である司教が世俗的な行政権も担うようになった。
カロリング朝が導入した「デナリウス銀貨」は、イスラーム世界からもたらされた銀を原料の一つとして製造されていた。,◯,第8章　中世ヨーロッパ,イスラーム世界からバルト海沿岸を経て流入した銀貨が、北西ヨーロッパの通貨制度を支えていた。
中世初期のヨーロッパは、ビザンツやイスラーム世界に対し、主に絹やパピルスなどの高級加工品を輸出していた。,×,第8章　中世ヨーロッパ,間違った文章である。高級品（奢侈品）を輸入する側であり、輸出していたのは「奴隷や蜂蜜」などの一次産品である。
ヴェルダン条約によってフランク王国が分割された際、西フランクはオットー1世の支配下に入り、神聖ローマ帝国となった。,×,第8章　中世ヨーロッパ,間違った文章である。オットー1世が皇帝となったのは「東フランク（ドイツ）」である。
カロリング朝の弱体化は、アッバース朝の衰退に伴う遠隔地商業の途絶とほぼ同時期に進行した。,◯,第8章　中世ヨーロッパ,東方との交易の停滞が、フランク王国の経済基盤や権威の維持に影響を与えた。
ノルマンディー公国を建てたロロは、911年に西フランク王と封建関係を結び、定着を認められた。,◯,第8章　中世ヨーロッパ,外敵であったノルマン人を臣下として組み込むことで、略奪を抑えようとした。
12世紀前半、南イタリアからシチリア島にかけてムスリムを追い出し、シチリア王国を樹立したのはノルマン人である。,◯,第8章　中世ヨーロッパ,地中海中央部に位置するシチリアは、ノルマン支配下でイスラーム・ビザンツ文化が融合する窓口となった。
1066年、イングランドを征服してノルマン朝を開いたのは、デンマーク王のクヌートである。,×,第8章　中世ヨーロッパ,間違った文章である。1066年にイングランドを征服（ノルマン・コンクェスト）したのは「ノルマンディー公ウィリアム」である。
フィンランドの地には古くからウラル語系のフィン人が住んでいたが、13世紀末にはノルウェーに併合された。,×,第8章　中世ヨーロッパ,間違った文章である。13世紀末にフィンランドを併合したのは「スウェーデン」である。
西ヨーロッパの封建的主従関係は、主君と臣下の間に結ばれた、一歩的な奉仕を強いる強制契約であった。,×,第8章　中世ヨーロッパ,間違った文章である。主従関係は、保護と軍務の「双務的な契約関係」に基づいていた。
領主が自分の所領内で、国王の課税権や裁判権を拒否できる権利を「不輸不入権（イムニテート）」と呼ぶ。,◯,第8章　中世ヨーロッパ,これにより領主は独立性が高く、王権が領内まで直接及ばない「分権的」な社会が形成された。
荘園内における農民の負担のうち、領主直営地で一定日数働く義務を「貢納」と呼ぶ。,×,第8章　中世ヨーロッパ,間違った文章である。直営地での労働義務は「賦役（ふえき）」と呼び、保有地からの生産物の納入を「貢納」と呼ぶ。
農奴（のうど）とは、居住移住の自由がなく、領主に身体的に拘束された不自由な農民の呼称である。,◯,第8章　中世ヨーロッパ,彼らは領主に裁判権を行使され、結婚税や死亡税などの様々な税を課されていた。
封建社会の経済的基盤となった荘園は、領主直営地、農民保有地、および入会地（共同利用地）から構成されていた。,◯,第8章　中世ヨーロッパ,森林や牧草地などの入会地は、家畜の飼育や燃料確保に不可欠な共有資源であった。
アルフレッド大王は、9世紀末にデーン人の侵入を食い止め、アングロ・サクソン王国の平和を一時的に維持した。,◯,第8章　中世ヨーロッパ,デーン人の激しい攻撃に対抗し、イングランドの統合に大きく貢献した王である。
ビザンツ帝国で導入されたプロノイア制とは、軍事奉仕と引き換えに国有地の管理権をゆだねる制度である。,◯,第8章　中世ヨーロッパ,やがてこの権利は世襲されるようになり、帝国の封建化と皇帝権の弱体化を招いた。
オスマン朝は1453年にコンスタンティノープルを陥落させ、千年余り続いたビザンツ帝国を滅ぼした。,◯,第8章　中世ヨーロッパ,これにより東地中海の覇権がオスマン朝に移り、多くのビザンツ知識人がイタリアへ亡命した。
東スラヴ人のキエフ公国は、ウラディミル1世の時代にローマ・カトリックを国教として受容した。,×,第8章　中世ヨーロッパ,間違った文章である。ウラディミル1世が国教としたのはビザンツから伝わった「ギリシア正教」である。
15世紀後半にモスクワ大公国で独立を達成したイヴァン3世は、ツァーリを名乗りビザンツの後継者を自任した。,◯,第8章　中世ヨーロッパ,最後のビザンツ皇帝の姪と結婚し、モスクワを「第三のローマ」とする正教の中心地とした。
14世紀に成立したヤゲウォ朝リトアニア＝ポーランド王国は、国教としてギリシア正教を採用した。,×,第8章　中世ヨーロッパ,間違った文章である。ヤゲウォ朝（リトアニア＝ポーランド）が採用した国教は「カトリック」である。
チェック人は10世紀にベーメン（ボヘミア）公国を建て、のちに神聖ローマ帝国の一部となった。,◯,第8章　中世ヨーロッパ,現在のチェコにあたるこの地域は、カトリックを受容し、西ヨーロッパ世界に組み込まれた。
7世紀に成立したブルガリア王国は、マジャール人と同様にカトリックを受容して西欧諸国と連合した。,×,第8章　中世ヨーロッパ,間違った文章である。ブルガリア王国が受容したのは「ギリシア正教」である。
9世紀にノヴゴロド国を建てたとされるリューリックらノルマン人の一派は、「ルス」と呼ばれた。,◯,第8章　中世ヨーロッパ,この「ルス」が、後の「ロシア」という国名の語源になったとする説が有力である。
ロシアがモンゴル（ジョチ・ウルス）の支配下に置かれた約240年間を、ロシア人は「タタールのくびき」と呼んだ。,◯,第8章　中世ヨーロッパ,この時期のモンゴル支配は、後のロシアの国家形成や性格に大きな影響を与えた。
イヴァン4世（雷帝）は諸侯を抑えてツァーリ体制を確立したが、同時に農奴制を廃止して自由農民を増やした。,×,第8章　中世ヨーロッパ,間違った文章である。イヴァン4世は諸侯を抑える一方で、むしろ「農奴制を強化」して帝国基盤を固めた。
ビザンツ帝国のプロノイア制は、当初は軍役と引き換えの管理権だったが、次第に世襲化して中央集権を強める結果となった。,×,第8章　中世ヨーロッパ,間違った文章である。プロノイア制の世襲化は「皇帝権の弱体化（分権化）」を招き、社会の封建化を進める原因となった。
14世紀半ば、オスマン朝はアドリアノープルを占領してバルカン半島に進出し、キリスト教勢力を次々と破った。,◯,第8章　中世ヨーロッパ,14世紀末までには、ドナウ川以南の地域の多くがオスマン朝の支配下に入った。
スラヴ人は、移動の過程で南スラヴ（セルビアなど）、西スラヴ（ポーランドなど）、東スラヴ（ロシアなど）に分かれた。,◯,第8章　中世ヨーロッパ,原住地であるドニエプル川流域から、ゲルマン人の移動に影響を受ける形で各地に拡散した。
9世紀にモラヴィア王国を建てた西スラヴ人のチェック人は、10世紀にはベーメン（ボヘミア）公国を形成した。,◯,第8章　中世ヨーロッパ,彼らは西欧世界と接し、カトリックを受容して神聖ローマ帝国の一部となった。
10世紀末、キエフ公国のウラディミル1世は、ビザンツ皇帝の妹と結婚してカトリックを国教とし、西欧化を図った。,×,第8章　中世ヨーロッパ,間違った文章である。ウラディミル1世が国教としたのは「ギリシア正教」である。
モスクワ大公国のイヴァン3世は、モンゴルのジョチ・ウルスから独立を果たし、ツァーリの称号を用いた。,◯,第8章　中世ヨーロッパ,ビザンツ皇帝の姪と結婚したことで、モスクワを正教の新たな中心地（第三のローマ）と自認した。
ブルガール人は、7世紀にブルガリア王国を建てたが、宗教面ではカトリックを受容してハンガリー王国と同盟した。,×,第8章　中世ヨーロッパ,間違った文章である。ブルガール（ブルガリア王国）が受容したのは「ギリシア正教」である。
14世紀、ポーランド女王と結婚してヤゲウォ朝を創始したリトアニア大公は、カトリックに改宗して広大な地域を支配した。,◯,第8章　中世ヨーロッパ,これにより、カトリック圏の防壁としてのリトアニア＝ポーランド王国が成立した。
セルビア人はギリシア正教を、クロアチア人はカトリックを受容したため、同じ南スラヴ系でも文化・宗教的境界が生じた。,◯,第8章　中世ヨーロッパ,現在に至るまで続く、バルカン半島の複雑な宗教・文化分布の基礎となった。
11世紀後半からの大開墾時代には、有輪犂の普及や三圃制の導入により、農業生産力が著しく向上した。,◯,第8章　中世ヨーロッパ,牛馬に犂を引かせる深耕が可能になり、重量のある鉄製農具が普及した。
荘園内の耕地は、多くの場合「閉鎖耕地」であり、農民は他者の干渉を受けることなく個別に農作業を行った。,×,第8章　中世ヨーロッパ,間違った文章である。耕地は「開放耕地」であることが多く、主要な作業は村落社会で「共同」で行われた。
クリュニー修道院から始まった教会改革運動は、聖職売買や聖職者の結婚などの弊害を正そうとするものであった。,◯,第8章　中世ヨーロッパ,世俗の権力から教会の純潔性を取り戻そうとする運動が、11世紀に本格化した。
1077年のカノッサの屈辱では、教皇ハインリヒ4世が神聖ローマ皇帝グレゴリウス7世に謝罪し、破門を解かれた。,×,第8章　中世ヨーロッパ,間違った文章である。謝罪したのは皇帝「ハインリヒ4世」であり、屈服させたのが教皇「グレゴリウス7世」である。
1122年のヴォルムス協約により、皇帝は聖職者の任命権を失い、教会は世俗権力から一定の自立を果たした。,◯,第8章　中世ヨーロッパ,長年にわたる聖職叙任権闘争にひとまずの妥協が成立した。
フランチェスコ修道会やドミニコ修道会などの「托鉢修道会」は、広大な荘園を所有し、その収益で学問研究を行った。,×,第8章　中世ヨーロッパ,間違った文章である。托鉢修道会は私有財産を否定し、民衆の「ほどこし」を受けながら都市を中心に活動した。
中世ヨーロッパの庶民信仰は、カトリックの教義のみならず、聖人崇敬や治癒祈願などの土俗的要素が融合していた。,◯,第8章　中世ヨーロッパ,キリスト教の枠組みの中に、古くからの土着の信仰形態がつぎ合わされていた。
「神の平和」運動とは、領主間の私闘を制限し、教会の財産や非戦闘員を保護しようとする動きであった。,◯,第8章　中世ヨーロッパ,社会の混乱を防ぐため、教会や世俗の有力者が協同して平和維持に取り組んだ。
1054年、東の正教会と西のカトリック教会はたがいに歩み寄り、一つのキリスト教会として再統合された。,×,第8章　中世ヨーロッパ,間違った文章である。1054年に両教会は「破門しあう」ことで、分裂が決定的になった。
クレルモン教会会議で十字軍を提唱した教皇ウルバヌス2世の真の狙いは、東西両教会の統一主導権を握ることにあった。,◯,第8章　中世ヨーロッパ,聖地回復という大義名分の裏で、教皇権の拡大や東方教会への影響力行使が目指された。
第1回十字軍は1099年に聖地イェルサレムを奪回し、現地にイェルサレム王国などの十字軍国家を建設した。,◯,第8章　中世ヨーロッパ,十字軍の中で唯一、当初の目的である聖地奪還を軍事的に達成した遠征である。
第4回十字軍は、ヴェネツィア商人の誘導により聖地ではなくコンスタンティノープルを攻撃し、ラテン帝国を建てた。,◯,第8章　中世ヨーロッパ,宗教的情熱よりも経済的利益が優先された結果であり、ビザンツ帝国に決定的な打撃を与えた。
13世紀のフランス王ルイ9世は、第6回・第7回十字軍を主導してイェルサレムを完全に奪回し、終戦へと導いた。,×,第8章　中世ヨーロッパ,間違った文章である。ルイ9世の遠征は北アフリカなどを攻撃したが失敗に終わり、1291年のアッコ陥落で十字軍は終焉した。
ドイツ騎士団は、エルベ川を越えて東方植民を行い、スラヴ人地域への布教や開墾を進めた。,◯,第8章　中世ヨーロッパ,聖地守備のために結成された騎士修道会の一つだが、後に東欧の植民活動でも大きな役割を果たした。
北イタリアの諸都市は、地中海交易圏の中心として香辛料や絹などの日用品を輸出し、銀や毛織物を輸入した。,×,第8章　中世ヨーロッパ,間違った文章である。香辛料や絹は東方からの「輸入品（奢侈品）」であり、銀や毛織物は「輸出品」である。
北海・バルト海交易圏では、リューベックを盟主とするハンザ同盟（都市ハンザ）が結成され、強力な政治勢力となった。,◯,第8章　中世ヨーロッパ,共同の海軍を保有するほどの勢力を持ち、生活必需品（木材・毛皮・海産物）の取引を独占した。
「都市の空気は自由にする」という言葉は、都市に逃げ込んだ農奴が一定期間住めば自由になれるという自治の原則を指す。,◯,第8章　中世ヨーロッパ,領主の支配から脱した都市の自治権を象徴する言葉だが、都市内部にはギルドによる厳しい規制も存在した。
手工業者の親方たちが結成した「商人ギルド」は、14世紀に大商人のツンフトと争い、市政参加権を獲得した。,×,第8章　中世ヨーロッパ,間違った文章である。手工業者が結成したのは「同職ギルド（ツンフト）」であり、対抗した相手が「商人ギルド」である。
イタリアのフィレンツェで台頭したメディチ家は、金融業で巨万の富を築き、ルネサンスの保護者となった。,◯,第8章　中世ヨーロッパ,一族から教皇も輩出するなど、中世末期から近代にかけて絶大な影響力を誇った。
第3回十字軍には、獅子心王リチャード1世や尊厳王フィリップ2世ら、西欧主要国の国王が直接参加した。,◯,第8章　中世ヨーロッパ,十字軍運動が最高潮に達した回であり、アイユーブ朝のサラーフ・アッディーンと攻防を繰り広げた。
神聖ローマ皇帝フリードリヒ2世は、武力行使ではなく外交交渉によって、一時的にイェルサレムを回復した。,◯,第8章　中世ヨーロッパ,異例の平和的な手段（第6回十字軍）により聖地を回復したが、教皇からは激しく批判された。
1291年に聖地最後の拠点であるコンスタンティノープルが陥落したことで、十字軍は事実上の終焉を迎えた。,×,第8章　中世ヨーロッパ,間違った文章である。最後に陥落した拠点は「アッコ」である。
イタリアのコムーネ（自治都市）は、やがて周辺の農村地域も支配下に置く「都市国家」へと発展した。,◯,第8章　中世ヨーロッパ,ヴェネツィアやフィレンツェのように、独自の軍隊や外交権を持つ強力な勢力となった。
同職ギルド（ツンフト）は、自由競争を促進するため、商品の規格や価格設定を個々の親方に委ねていた。,×,第8章　中世ヨーロッパ,間違った文章である。ギルドは「自由競争を厳格に禁止」し、品質・規格・価格を厳しく統制した。
ドイツの帝国都市は、皇帝に直属することで諸侯の支配を免れ、高い独立性を維持した。,◯,第8章　中世ヨーロッパ,諸侯の勢力に対抗する勢力として、皇帝からも一定の保護や特権を与えられた。
フランスのシャンパーニュ地方では、地中海と北海の両交易圏を結ぶ「大市（定期市）」が年に6回開催された。,◯,第8章　中世ヨーロッパ,交通の要衝であり、奢侈品から日用品までが取引されるヨーロッパ最大の商業拠点となった。
十字軍の失敗後、諸侯や騎士の勢力は衰退したが、国王は戦費調達を通じて徴税機構を整え、権力を強めた。,◯,第8章　中世ヨーロッパ,十字軍は、封建諸侯が没落し、中央集権的な主権国家へと向かう転換点となった。
ヴェネツィア出身のマルコ・ポーロは、海路で元（モンゴル帝国）に渡り、陸路で帰国して『世界の記述』を残した。,×,第8章　中世ヨーロッパ,間違った文章である。マルコ・ポーロは往路が「陸路」で、帰路が「海路」である。
南ドイツのアウクスブルクで繁栄したフッガー家は、銀山経営などで富を築き、皇帝の選出にも影響を及ぼした。,◯,第8章　中世ヨーロッパ,メディチ家と並ぶ中世末期の大富豪であり、莫大な資金力で教皇や皇帝を支えた。
アリストテレス哲学などの古典やアラビア語の学術書は、12世紀にトレドやシチリア島を経由してラテン語に翻訳された。,◯,第8章　中世ヨーロッパ,この文化吸収は「12世紀ルネサンス」と呼ばれ、西欧の学問発展に多大な影響を与えた。
スコラ学において、普遍的なものは実在すると唱える「唯名論」をアンセルムスが提唱し、教会の正統教義を支えた。,×,第8章　中世ヨーロッパ,間違った文章である。アンセルムスが唱えたのは「実在論」である。唯名論は普遍を思考の中の名称にすぎないとする立場である。
トマス・アクィナスは『神学大全』を著し、アリストテレス哲学を利用してキリスト教神学を体系的に集大成した。,◯,第8章　中世ヨーロッパ,中世神学の最高峰とされ、信仰と理性の調和を図った。
11世紀後半に成立したボローニャ大学は、キリスト教神学の研究の最高権威としてヨーロッパ中に知られた。,×,第8章　中世ヨーロッパ,間違った文章である。ボローニャ大学は主として「法学」で知られた。神学で有名なのはパリ大学などである。
ロジャー・ベーコンは、観察と経験を重視する姿勢を示し、中世における自然科学の先駆者の一人とみなされている。,◯,第8章　中世ヨーロッパ,信仰の枠内にありつつも、現実世界の論理的・実証的な把握を目指した。
11世紀ごろから流行したロマネスク様式は、高い尖塔と大きなステンドグラスを特徴とする軽快な建築様式である。,×,第8章　中世ヨーロッパ,間違った文章である。それは「ゴシック様式」の特徴である。ロマネスク様式は半円アーチと厚い壁を持つ重厚な様式である。
『ローランの歌』は、カール大帝とその騎士たちの活躍を描いた武勲詩であり、当時の騎士道の理想を反映している。,◯,第8章　中世ヨーロッパ,俗語（フランス語の一種）で記され、広く人々に親しまれた中世文学の代表作である。
中世の大学は教授や学生のギルド的な共同体であり、13世紀以降は国家の官僚を養成する役割も担うようになった。,◯,第8章　中世ヨーロッパ,大学卒業者は知識人エリートとして、教会や国家の行政実務に登用された。
アーサー王物語は、ゲルマン人の英雄伝説をもとに、12世紀末のドイツで完成した叙事詩である。,×,第8章　中世ヨーロッパ,間違った文章である。アーサー王物語は「ケルト人」の伝説に基づいている。ドイツの英雄伝説は『ニーベルンゲンの歌』である。
11世紀以降、裁判では神の判定に委ねる神明裁判に代わって、文書記録を証拠として重視する新しい精神態度が現れた。,◯,第8章　中世ヨーロッパ,都市の成長やローマ法の研究に伴い、社会の合理化・法制化が進んだ。
14世紀半ばのペスト大流行により、ヨーロッパの全人口の約3分の1が失われたと推定されている。,◯,第8章　中世ヨーロッパ,急激な人口減少は労働力不足を招き、農民の地位向上や社会構造の変化をもたらした。
ペスト流行後の労働力不足により、領主は農民の待遇を改善したため、イングランドでは独立自営農民（ヨーマン）が誕生した。,◯,第8章　中世ヨーロッパ,農奴的な義務から解放され、貨幣地代を払って自立する農民層が形成された。
フランスのジャックリーの乱やイングランドのワット・タイラーの乱は、没落した騎士たちが王権に対して起こした反乱である。,×,第8章　中世ヨーロッパ,間違った文章である。これらは、領主による支配強化の動きに抵抗した「農民」による大規模な反乱である。
火砲（大砲）や傭兵の普及といった戦法の変化は、一騎打ちを伝統とする騎士（封建貴族）の没落を促した。,◯,第8章　中世ヨーロッパ,騎士の軍事的有用性が低下し、代わって強力な軍事力を持つ国王の権威が高まった。
アナーニ事件において、フランス王フィリップ4世は教皇ボニファティウス8世を捕らえ、王権の優位を示した。,◯,第8章　中世ヨーロッパ,聖職者への課税問題を端緒とし、教皇権が王権に対して屈服し始める象徴的な事件となった。
「教皇のバビロン捕囚」とは、教皇庁が南フランスのアヴィニョンに移転させられた約70年間のことを指す。,◯,第8章　中世ヨーロッパ,フランス王の影響下に置かれたこの時期、教皇の国際的な権威は大きく揺らいだ。
教会大分裂（大シスマ）を解消するために開かれたコンスタンツ公会議では、ウィクリフとフスの主張が正統と認められた。,×,第8章　中世ヨーロッパ,間違った文章である。ウィクリフとフスは「異端」とされ、フスは火刑に処された。
フスは聖書を中心とする信仰への回帰を説いたが、彼の死後、ベーメンではフス派による戦争が勃発した。,◯,第8章　中世ヨーロッパ,十字軍を送り込む教皇・皇帝側に対し、フス派は10年以上にわたって激しく抵抗した。
14世紀以降、都市は大商人や特権層による自治を強める一方で、市場の安定を求めて王権を支えるようになった。,◯,第8章　中世ヨーロッパ,王権と都市（富）の結びつきは、中央集権的な国家（主権国家）形成の原動力となった。
「死の舞踏」とは、ペストによる大量の死を前に、人々が神への感謝を込めて広場で踊り明かした祝祭のことである。,×,第8章　中世ヨーロッパ,間違った文章である。死の舞踏は、身分に関わらず誰にでも平等に訪れる「死の恐怖」を表現した図像や概念である。
イングランドのジョン王は、フランスのフィリップ2世に敗れて大陸領土を失い、1215年にマグナ・カルタを承認した。,◯,第8章　中世ヨーロッパ,重税と敗戦に怒った貴族たちに突きつけられ、王権の制限を認めることになった。
13世紀後半にエドワード1世が招集した「模範議会」は、14世紀半ばには三部会へと名称を変えた。,×,第8章　中世ヨーロッパ,間違った文章である。模範議会が発展したのは「二院制（貴族院と庶民院）」である。
フランスのフィリップ4世は、教皇との対立において支持を得るため、1302年に「三部会」を招集した。,◯,第8章　中世ヨーロッパ,これにより国内の聖職者・貴族・平民の支持を取り付け、教皇ボニファティウス8世に対抗した。
百年戦争のきっかけは、フランスのカペー朝断絶に伴うヴァロワ朝の成立に対し、イングランド王が王位を主張したことにある。,◯,第8章　中世ヨーロッパ,エドワード3世が母方の血筋を根拠にフランス王位継承権を主張し、戦争が始まった。
百年戦争末期に現れたジャンヌ・ダルクは、カレーを拠点とするイングランド軍を率いて、パリを占領した。,×,第8章　中世ヨーロッパ,間違った文章である。ジャンヌ・ダルクは「フランス側」の農民の娘であり、オルレアンを解放してフランスの反撃を支えた。
バラ戦争を収拾してテューダー朝を開いたヘンリ7世は、星室庁裁判所を設けて王権の強化を図った。,◯,第8章　中世ヨーロッパ,内戦で疲弊した諸侯を抑え、イギリスにおける絶対王政の基礎を築いた。
皇帝カール4世が発布した「金印勅書」は、聖俗の七選帝侯による皇帝選挙制を定め、皇帝の世襲を完全に禁止した。,×,第8章　中世ヨーロッパ,間違った文章である。金印勅書は「選帝侯による選挙制」を確立したが、のちにハプスブルク家が帝位を世襲するようになった。
北欧3国は、デンマークのマルグレーテによって1397年にカルマル同盟を結び、同君連合を形成した。,◯,第8章　中世ヨーロッパ,ドイツ北部の都市ハンザの勢力に対抗するため、デンマーク主導で北欧のまとまりを作った。
イタリアでは、教皇派（ギベリン）と皇帝派（ゲルフ）が激しく対立し、半島全体を統一する王権が出現した。,×,第8章　中世ヨーロッパ,間違った文章である。皇帝派が「ギベリン」、教皇派が「ゲルフ」であり、イタリアの統一は「達成されなかった」。
スイスは、13世紀後半からハプスブルク家の支配に対して独立を求め、16世紀に連邦共和国となった。,◯,第8章　中世ヨーロッパ,オーストリアのハプスブルク家の圧政に抵抗し、自治を勝ち取っていった。
1479年、アラゴン王子フェルナンドとカスティリャ王女イサベルの結婚により、スペイン王国が誕生した。,◯,第8章　中世ヨーロッパ,この両国の合併により、イベリア半島のキリスト教勢力は強固な統一国家を形成した。
スペインは1492年、ムスリム最後の拠点であったナスル朝のグラナダを攻略し、レコンキスタ（再征服運動）を完了させた。,◯,第8章　中世ヨーロッパ,同年、コロンブスの航海を支援するなど、レコンキスタの情熱は海外進出へと引き継がれた。
ポルトガルは15世紀後半、ジョアン2世のもとでインド航路の開発を進め、アジア進出の先頭に立った。,◯,第8章　中世ヨーロッパ,アフリカ西海岸の探検を積極的に行い、大航海時代の幕開けを象徴する動きを見せた。
「教皇のバビロン捕囚」とは、教皇側が政治的に不安定なローマを避け、自らの選択でアヴィニョンに教皇庁を移した側面もある。,◯,第8章　中世ヨーロッパ,伝統的にはフランス王の強制とされるが、実際にはナポリ王国支配下のアヴィニョンへ教皇側の判断で移った背景もあった。
イングランドのワット・タイラーの乱では、指導者のジョン・ボールが「アダムが耕し、イヴが紡いでいたとき、誰が領主だったか」と説いた。,◯,第8章　中世ヨーロッパ,聖書の教えに基づき身分制の不当さを訴え、農民反乱に理論的根拠を与えた。
スペイン王国は、グラナダ攻略後もナスル朝の文化を尊重し、イベリア半島内でのイスラーム信仰を完全に公認した。,×,第8章　中世ヨーロッパ,間違った文章である。スペインは「カトリック的性格の強い王権」を確立し、異端審問などを通じてキリスト教以外の勢力を排除・改宗させていった。
イングランドのジョン・ボールは、ワット・タイラーの死後も国王に重用され、議会のアドバイザーとして活躍した。,×,第8章　中世ヨーロッパ,間違った文章である。ジョン・ボールは反乱鎮圧後に「処刑された」。
15世紀のイングランドでは、羊毛の輸出による貨幣流入でデフレが起こり、農民の貨幣地代負担が実質的に増大した。,×,第8章　中世ヨーロッパ,間違った文章である。正しくは「インフレ」が起こり、定額の貨幣地代の価値が下がったため、農民の負担は「実質的に軽減」された。
ポルトガル、カスティリャ、アラゴンの3王国は、レコンキスタ完了後も互いに激しく対立し、海外進出には一切関心を示さなかった。,×,第8章　中世ヨーロッパ,間違った文章である。3王国は勢力を固めた後、インド航路の開発や大西洋横断など「積極的に海外進出」をはかった。
星室庁裁判所は、バラ戦争を収拾したヘンリ7世によって、反抗する貴族を抑えるために設置された国王直属の裁判所である。,◯,第8章　中世ヨーロッパ,テューダー朝の王権強化に大きな役割を果たした、ウェストミンスター宮殿に設置された機関である。
ルネサンスの根本にある、人間の能動性や生のあり方を重視する考え方を「人文主義（ヒューマニズム）」と呼ぶ。,◯,第8章　中世ヨーロッパ,神中心の中世的な世界観から、人間中心の価値観へと転換を図る思想的潮流である。
フィレンツェのメディチ家は、ブルネレスキやボッティチェリといった芸術家を保護し、文芸の隆盛を支えた。,◯,第8章　中世ヨーロッパ,金融業で富を築いたメディチ家は、パトロンとして初期ルネサンスの黄金期を演出した。
ダンテは知識人の共通語であるラテン語を用いて『神曲』を執筆し、ルネサンス文学の先駆者となった。,×,第8章　中世ヨーロッパ,間違った文章である。ダンテは日常語である「トスカナ地方のイタリア語（俗語）」で執筆し、口語文学の発展に寄与した。
ボッカチオは、ペスト流行下の人間の欲望を風刺的に描いた短編小説集『デカメロン』を著した。,◯,第8章　中世ヨーロッパ,当時の世相をリアルに描き、人文主義的な人間観を表現した。
レオナルド・ダ・ヴィンチ、ミケランジェロ、ラファエロの3人は、イタリア・ルネサンス最盛期を象徴する巨匠である。,◯,第8章　中世ヨーロッパ,絵画、彫刻、建築、科学など多才な能力を発揮した彼らは「万能人」の理想を体現した。
16世紀、フィレンツェの混乱の中でマキァヴェリは『神学大全』を著し、政治は神の意思に従うべきだと説いた。,×,第8章　中世ヨーロッパ,間違った文章である。マキァヴェリの著書は『君主論』であり、政治を宗教や道徳から切り離して論じた。
ブラマンテは、ローマの聖ピエトロ大聖堂の新築設計に携わった、盛期ルネサンスを代表する建築家である。,◯,第8章　中世ヨーロッパ,教皇レオ10世らの保護のもと、ルネサンスの中心がフィレンツェからローマへ移る中で活躍した。
16世紀のイタリアは、オスマン帝国の侵攻を受けて滅亡したため、ルネサンスの活力は完全に失われた。,×,第8章　中世ヨーロッパ,間違った文章である。活力衰退の要因は「外国軍（フランスや神聖ローマ帝国）の侵攻」や「ローマ教会による文化規制」などである。
ジョットは、人体や自然の観察に基づく写実的な描写を追求し、ルネサンス絵画の先駆者として知られる。,◯,第8章　中世ヨーロッパ,中世の象徴的な表現から脱し、現実味のある空間表現を試みた。
ペトラルカは、ギリシア語の古典研究を専門とし、ローマの君主たちへ向けた軍事技術書を著した。,×,第8章　中世ヨーロッパ,間違った文章である。ペトラルカは「ラテン語古典」を研究し、すぐれた「叙情詩」を残した。
フランドルのファン・エイク兄弟は油彩画法を完成させ、精緻な写実を特徴とする画派の基礎を築いた。,◯,第8章　中世ヨーロッパ,油彩画の発明は、色彩の深みや細部の描写を飛躍的に進化させ、後の西洋美術に多大な影響を与えた。
『愚神礼讃』を著したエラスムスは、教会腐敗を批判しつつも、宗教改革の過激化には同調せず和解を説いた。,◯,第8章　中世ヨーロッパ,「人文主義者の王」と称えられ、全ヨーロッパの知識人に精神的影響を与えた。
スペインのセルバンテスは『ドン・キホーテ』を著し、理想に燃える中世の騎士道を賛美してその復活を説いた。,×,第8章　中世ヨーロッパ,間違った文章である。セルバンテスは、時代の変化に取り残され没落していく騎士たちを「風刺（パロディ）」した。
イングランドのトマス・モアは『ユートピア』を著し、当時のイングランド社会の矛盾を鋭く批判した。,◯,第8章　中世ヨーロッパ,「羊が人間を食う」という有名な言葉で、囲い込み運動（エンクロージャー）による農民の窮状を告発した。
ドイツのグーテンベルクが実用化した活版印刷術は、新しい思想や聖書を急速に普及させる役割を果たした。,◯,第8章　中世ヨーロッパ,手書きの写本に比べて大量・安価に情報を伝達できるようになり、宗教改革の成功にも大きく寄与した。
ポーランドのコペルニクスは地動説を体系化したが、教会の弾圧を恐れて死の直前まで公表を控えた。,◯,第8章　中世ヨーロッパ,天動説を前提とする当時の教会権威に対し、科学的観察から宇宙観の転換（コペルニクス的転回）を試みた。
イタリア人ジョルダーノ・ブルーノは、地動説を唱えた功績により教皇から称えられ、サン・ピエトロ大聖堂に祀られた。,×,第8章　中世ヨーロッパ,間違った文章である。ブルーノは自説を曲げなかったため、教会によって「異端」として処刑（火刑）された。
ガリレオ・ガリレイは、望遠鏡を用いた天体観測により地動説を裏付けたが、宗教裁判によって自説の撤回を強要された。,◯,第8章　中世ヨーロッパ,「それでも地球は回っている」という言葉（伝承）が象徴するように、信仰と科学の葛藤を象徴する人物である。
フランスのモンテーニュは『随想録（エセー）』を著し、揺れ動く人間の内面生活や理性のあり方を探求した。,◯,第8章　中世ヨーロッパ,宗教戦争の混乱期にあって、「私は何を知っているか（ク・セ・ジュ？）」と問い直す懐疑精神を示した。
羅針盤や火薬の技術は、もともとルネサンス期のイタリアで発明され、そこからイスラーム世界へ伝播した。,×,第8章　中世ヨーロッパ,間違った文章である。羅針盤・火薬・紙（製紙法）は「中国」で発明され、イスラーム世界を経由してヨーロッパに伝わった。
五代十国の時代、華北では後梁・後唐・後晋・後漢・後周の5つの王朝が目まぐるしく交替した。,◯,第9章　中華世界の変容とモンゴル帝国,このうち後唐、後晋、後漢の3王朝は、突厥出身の節度使によって建てられた。
宋（北宋）を建国した趙匡胤は、唐と同じく長安を都に定め、六朝以来の門閥貴族を重用して政治を行った。,×,第9章　中華世界の変容とモンゴル帝国,間違った文章である。宋の都は「開封（かいほう）」であり、門閥貴族に代わって「新興地主層（形勢戸）」や官僚が勢力を伸ばした。
朝鮮半島では、918年に王建が高麗を建て、936年には新羅に代わって半島を再統一した。,◯,第9章　中華世界の変容とモンゴル帝国,高麗は開城（かいじょう）を都とし、宋の制度を参考に科挙や官僚制を整備した。
高麗では仏教が国教とされ、大蔵経の刊行や高麗青磁の開発など、独自の文化が発展した。,◯,第9章　中華世界の変容とモンゴル帝国,また、世界最古とされる金属活字の発明が行われたことでも知られる。
高麗の特権階級である「両班（ヤンバン）」は、もともと文官（文班）と武官（武班）の総称である。,◯,第9章　中華世界の変容とモンゴル帝国,彼らは土地所有を進めて貴族化したが、12世紀末には武官の崔氏が政権を握る事態も起きた。
ベトナムでは11世紀に入ると、昇竜（ハノイ）を都とする大越国（李朝）が成立し、宋の介入を撃退した。,◯,第9章　中華世界の変容とモンゴル帝国,唐からの自立の動きを強め、東南アジアにおける独自の国家形成を進めた。
10世紀初めに南詔（なんしょう）が滅んだあと、雲南地方では大理（だいり）がこれに代わって成立した。,◯,第9章　中華世界の変容とモンゴル帝国,南詔はかつて唐やチベットと争い、一時的に唐の冊封体制から離脱するほどの勢力を誇った。
五代十国の時代、華南の諸政権は常に戦乱に明け暮れ、経済や文化は著しく停滞した。,×,第9章　中華世界の変容とモンゴル帝国,間違った文章である。華南では比較的「安定」した政権が分立し、茶・紙・磁器などの特産品を生んで豊かな文化を形成した。
宋の太祖（趙匡胤）は、節度使の権力を抑えるために武断政治を徹底し、軍事力による全国支配を維持した。,×,第9章　中華世界の変容とモンゴル帝国,間違った文章である。趙匡胤は節度使の兵権を奪い、皇帝直属の軍を強化する一方で「文治主義」を採用した。
日本では12世紀末ごろ、東国武士が荘園支配や水田開発を通じて台頭し、高麗の武臣政権誕生と同時期に武士の時代が始まった。,◯,第9章　中華世界の変容とモンゴル帝国,東アジア全体で、文官優位の体制から武力を持つ勢力（武臣・武士）が台頭する共通の動きが見られた。
遼（契丹）は耶律阿保機によって建てられ、936年には五代の後晋から燕雲十六州を割譲させた。,◯,第9章　中華世界の変容とモンゴル帝国,華北の農耕地帯を獲得したことで、遼は本格的な中国支配に乗り出すこととなった。
遼の二重統治体制（二元支配）とは、農耕民に部族制を、遊牧民に州県制を採用する制度である。,×,第9章　中華世界の変容とモンゴル帝国,間違った文章である。正しくは、遊牧民に「部族制」、農耕民に「州県制」を採用する制度である。
宋と遼の間に結ばれた「澶淵（せんえん）の盟」では、宋が毎年銀や絹を遼に贈ることが定められた。,◯,第9章　中華世界の変容とモンゴル帝国,莫大な歳出とはなったが、これにより100年以上の平和が保たれ、宋は経済発展に専念できた。
タングートが建てた西夏は、東西交易の要衝を押さえ、漢字に似た独自の「西夏文字」を作成した。,◯,第9章　中華世界の変容とモンゴル帝国,宋は西夏の勢力を認め、銀・絹・茶を贈ることで国境の安定をはかった。
宋の太祖は、文官の権力を奪って軍人の節度使を重用する「武断主義」の政治を確立した。,×,第9章　中華世界の変容とモンゴル帝国,間違った文章である。太祖は節度使の権力を奪い、文人官僚を重用する「文治主義」を確立した。
王安石は、自作農や小商人の保護を目的とした「新法」と呼ばれる富国強兵の改革を行った。,◯,第9章　中華世界の変容とモンゴル帝国,財政難と国防力の強化を目指したが、司馬光ら旧法党の激しい反対に遭い、党争を招いた。
宋代の形勢戸（新興地主）は、没落した小農民を小作農（佃戸）として働かせ、荘園を経営した。,◯,第9章　中華世界の変容とモンゴル帝国,官僚を輩出した家（官戸）は特権を得て、地域社会をリードする士大夫層へと成長した。
宋代から導入された「殿試」は、皇帝自らが最終試験を行うことで、合格者の皇帝への忠誠を高める役割を果たした。,◯,第9章　中華世界の変容とモンゴル帝国,これにより、それまでの貴族に代わって、皇帝に直結する官僚が政府の中核を占めた。
遼の耶律阿保機や西夏の李元昊は、宋に対して自らを「臣」と称し、皇帝の称号を完全に放棄した。,×,第9章　中華世界の変容とモンゴル帝国,間違った文章である。彼らは「皇帝」を称し、宋とは家人の礼（兄弟・叔姪）としての上下関係を結んだ。
科挙は非常に公平な試験制度であったが、1905年に欧米列強の影響下で廃止されるまで続いた。,◯,第9章　中華世界の変容とモンゴル帝国,隋代に始まり、元代の一時中断を経て、清末まで1000年以上にわたって中国の官僚選抜を支えた。
女真（ジュルチン）を統一した完顔阿骨打は、1115年に金を建て、のちに遼を滅ぼした。,◯,第9章　中華世界の変容とモンゴル帝国,完顔阿骨打（太祖）は上京会寧府を都とし、宋と結んで北方の強国であった遼を攻略した。
金の二重統治体制において、女真人には部族制に基づいた「猛安・謀克」という軍事・行政制度を適用した。,◯,第9章　中華世界の変容とモンゴル帝国,猛安・謀克は、平時は行政、戦時は軍事組織として機能する、女真固有の制度である。
遼の滅亡後、王族の耶律大石は西に逃れてカラ・ハン朝を破り、西遼（カラ・キタイ）を建国した。,◯,第9章　中華世界の変容とモンゴル帝国,西遼は中央アジアで仏教やマニ教を保護し、東西文化の交流に大きな役割を果たした。
1127年の「靖康の変」により、宋の首都である臨安が占領され、徽宗や欽宗が捕虜となって北方に連れ去られた。,×,第9章　中華世界の変容とモンゴル帝国,間違った文章である。占領された首都は「開封（かいほう）」である。臨安は後に南宋が定めた都である。
南宋の再興後、徹底抗戦を唱えた秦檜が主導し、金との間に和議を結んで失地をすべて回復した。,×,第9章　中華世界の変容とモンゴル帝国,間違った文章である。和議を主導したのは「和平派」の秦檜であり、抗戦派の「岳飛」は処刑された。また、失地は回復できず淮河を境界とした。
金は中国支配を進める中で、漢字や契丹文字を参考にした独自の「女真文字」を作成し、民族文化の維持を図った。,◯,第9章　中華世界の変容とモンゴル帝国,しかし、やがて経済的には紙幣「交鈔（こうしょう）」の乱発により破綻し、中華文明の中に埋没していった。
唐の長安と宋の開封の大きな違いは、長安では夜市が禁止されていたが、開封では夜市が繁栄していた点にある。,◯,第9章　中華世界の変容とモンゴル帝国,開封では唐代の「坊市制」が崩れ、商業活動が自由に行われるようになり、夜遅くまで賑わった。
金は1234年、モンゴルと南宋の両軍に挟み撃ちにされて滅亡した。,◯,第9章　中華世界の変容とモンゴル帝国,かつて宋と結んで遼を滅ぼしたように、今度は南宋がモンゴルと結んで金を滅ぼすという皮肉な結末となった。
金の猛安・謀克は、3000戸を1謀克、1000謀克を1猛安とし、すべての漢民族を兵士として登録する制度である。,×,第9章　中華世界の変容とモンゴル帝国,間違った文章である。300戸を1謀克、10謀克を1猛安とする組織であり、原則として「女真人」を対象とした。
南宋は金に対して「臣下の礼」をとるという屈辱的な条件で和議を結び、毎年多額の歳貢を贈った。,◯,第9章　中華世界の変容とモンゴル帝国,軍事的に劣勢であった南宋は、経済的な負担を負うことで江南の地の平和を維持した。
宋代、ベトナム方面から早熟で乾燥に強い「占城稲」が導入され、江南の稲作収穫量は飛躍的に増大した。,◯,第9章　中華世界の変容とモンゴル帝国,これにより二毛作が可能になり、「蘇湖熟すれば天下足る」と言われるほどの大穀倉地帯が形成された。
長江下流域の農業発展により、宋代には「江浙（蘇湖）熟すれば天下足る」という言葉が生まれた。,◯,第9章　中華世界の変容とモンゴル帝国,唐代の「湖広熟すれば」とは対照的に、この時期は長江下流域が経済の中心となった。
宋代の都市では、唐代までの「坊市制」の規制が維持され、商品の売買は都市内部の特定の「市」に限定された。,×,第9章　中華世界の変容とモンゴル帝国,間違った文章である。宋代にはこの規制が崩れ、城外の「草市」や夜市など、自由な商業活動が展開された。
宋代、商人たちは「作」、手工業者は「行」という同業組合をそれぞれ結成し、独占的な活動を行った。,×,第9章　中華世界の変容とモンゴル帝国,間違った文章である。正しくは、商人が「行（こう）」、手工業者が「作（さく）」である。
銅銭の不足を補うため、北宋では「交子」、南宋では「会子」と呼ばれる世界最古の紙幣が発行・流通した。,◯,第9章　中華世界の変容とモンゴル帝国,経済の拡大に銅銭の鋳造が追いつかなかったため、手形から発展した紙幣が重要な役割を担った。
宋代には広州・杭州・泉州などの港に「市舶司」が置かれ、海上貿易の管理と関税の徴収が行われた。,◯,第9章　中華世界の変容とモンゴル帝国,海外貿易が国家財政の重要な柱となり、海上ルートを通じた東西交流が活発化した。
中国商人が使用した「ジャンク船」は、陶磁器や銅銭などの重量物の積載に適しており、インド洋まで進出した。,◯,第9章　中華世界の変容とモンゴル帝国,ムスリム商人に代わって中国商人が南シナ海からインド洋へと進出し、直接貿易を行うようになった。
平氏政権が推進した「日宋貿易」では、日本から書籍や宋銭が輸出され、中国からは金や水銀が輸入された。,×,第9章　中華世界の変容とモンゴル帝国,間違った文章である。日本から「金・水銀」が輸出され、中国（宋）から「書籍・宋銭」が輸入された。
宋代には石炭の使用が普及し、これに伴って鉄・陶磁器・絹織物などの手工業生産が飛躍的に向上した。,◯,第9章　中華世界の変容とモンゴル帝国,燃料革命（石炭の利用）が工業生産を支え、都市経済の発展をさらに加速させた。
江南では茶の栽培が衰退したため、宋代の中国では喫茶の風習が消滅し、茶の輸出も完全に停止した。,×,第9章　中華世界の変容とモンゴル帝国,間違った文章である。江南での茶の栽培は「盛ん」になり、喫茶の風習は周辺世界へ普及して重要な輸出品となった。
南宋の朱熹（朱子）は、君臣上下の秩序を重視する大義名分論を唱え、朱子学を大成した。,◯,第9章　中華世界の変容とモンゴル帝国,朱子学はその後、東アジア諸国の官学として、政治や社会の規範に深い影響を与えた。
朱子学では、儒学の経典として五経よりも『大学』『中庸』『論語』『孟子』の「四書」が重視された。,◯,第9章　中華世界の変容とモンゴル帝国,朱子はこれらの書物に注釈を加え、学問の体系を再構築した。
北宋の司馬光は、歴史のうえから大義名分を説き、紀伝体の通史である『資治通鑑』を編纂した。,×,第9章　中華世界の変容とモンゴル帝国,間違った文章である。『資治通鑑』の記述形式は「編年体（年代順）」である。
陸九淵（陸象山）は、客観的な事物の理を追究する朱子に対し、心の主体性を重んじる学説を唱えた。,◯,第9章　中華世界の変容とモンゴル帝国,彼の思想は、のちに明代で発展する陽明学の源流となった。
金の支配下の華北では、禅宗の刺激を受けて、修養を重んじる道教の一派「全真教」が創始された。,◯,第9章　中華世界の変容とモンゴル帝国,王重陽によって創始され、儒・仏・道の三教調和を説いた。
宋代の文学では、叙情的な「詩」に代わって、民謡から発展しリズムに合わせた「詞」が流行した。,◯,第9章　中華世界の変容とモンゴル帝国,宴席などで歌われる楽曲の歌詞として、都市の市民の間で広く親しまれた。
宮廷の画院を中心に発展した「院体画」は、水墨画の手法を使い、文人や禅僧の間で全盛となった。,×,第9章　中華世界の変容とモンゴル帝国,間違った文章である。水墨画の手法を用いるのは「文人画（南宗画）」である。院体画は写実的・装飾的なスタイル（北宗画）である。
宋代に実用化された「磁針（羅針盤）」や「火薬」は、ムスリム商人を介して西方（ヨーロッパ）へ伝えられた。,◯,第9章　中華世界の変容とモンゴル帝国,これらは後にヨーロッパで改良され、大航海時代や騎士の没落を招く世界史的発明となった。
印刷技術の発展により、書物の形態は従来の「冊子体（本）」から、広げやすい「巻物」へと変化した。,×,第9章　中華世界の変容とモンゴル帝国,間違った文章である。正しくは「巻物」から「冊子体（今の本の形）」へと変化し、読書習慣を一変させた。
欧陽脩・王安石・蘇軾らは、唐代の漢文の伝統を受け継ぎ、名文家として散文の発展に貢献した。,◯,第9章　中華世界の変容とモンゴル帝国,彼らは「唐宋八大家」の一部に数えられ、宋代の知的・文学的水準を象徴する存在である。
1206年、テムジンはクリルタイでハンに選ばれてチンギス・ハンと称し、モンゴル帝国を建国した。,◯,第9章　中華世界の変容とモンゴル帝国,クリルタイは有力者が集まる最高意思決定機関であり、ここで帝国の重要事項が決定された。
チンギス・ハンは、騎馬遊牧民を「千戸（千人隊）」に編成し、軍事と行政が一体となった支配体制を固めた。,◯,第9章　中華世界の変容とモンゴル帝国,この組織力と高い機動力が、短期間での広大な領土獲得を可能にした。
オゴタイ・ハンは、1234年に金を滅ぼすと、翌年にカラコルムを都として定めた。,◯,第9章　中華世界の変容とモンゴル帝国,モンゴル高原の中心に位置するカラコルムは、帝国の政治・経済の拠点として繁栄した。
バトゥの西征によってキエフ公国などが服属し、南ロシアにはジョチ・ウルス（キプチャク・ハン国）が成立した。,◯,第9章　中華世界の変容とモンゴル帝国,ヨーロッパ諸国に「タタールのくびき」と呼ばれる長期間の支配と影響を及ぼした。
フレグはモンケ・ハンの命で西方へ派遣され、1258年にアッバース朝を滅ぼしてイルハン国を建てた。,◯,第9章　中華世界の変容とモンゴル帝国,イスラーム世界の中心であったバグダードを攻略し、西アジアにモンゴルの支配を確立した。
フビライ・ハンは、チンギス・ハンの直系子孫として、争うことなく全モンゴル諸部族から大ハンとして推戴された。,×,第9章　中華世界の変容とモンゴル帝国,間違った文章である。フビライは弟のアリクブケと激しい大ハン位継承争いを演じ、武力で勝利して即位した。
モンゴル帝国は、被支配者の文化に厳しく介入し、帝国全土でモンゴル語の使用と仏教への改宗を強制した。,×,第9章　中華世界の変容とモンゴル帝国,間違った文章である。モンゴルは宗教的に極めて「寛容」であり、統治の実務も現地の官僚（ペルシア人や漢人）に委ねた。
チャガタイ・ウルスは、東西のトルキスタンに勢力を確立し、チャガタイ系の子孫によって支配された。,◯,第9章　中華世界の変容とモンゴル帝国,中央アジアの要衝を占め、東西貿易の重要ルートを管理下に置いた。
イルハン国のガザン・ハンはイスラームを国教化し、これ以降、西方のモンゴル人のイスラーム化が加速した。,◯,第9章　中華世界の変容とモンゴル帝国,定住社会であるイランの文化を吸収し、モンゴル自身の社会変容が進んだ。
チンギス・ハンは軍を西方に向け、1220年にホラズム朝を滅ぼしたが、東方の西夏を滅ぼす前に病死した。,×,第9章　中華世界の変容とモンゴル帝国,間違った文章である。チンギス・ハンは東に軍を返し、1227年に「西夏を滅ぼした直後」に死去した。
モンゴル帝国は「ジャムチ」と呼ばれる駅伝制を整備し、広大な帝国内の陸路の交通・通信を活性化させた。,◯,第9章　中華世界の変容とモンゴル帝国,牌符（パイザ）を持つ使節や商人は、駅舎で食糧や馬の提供を受け、安全に旅をすることができた。
元で発行された紙幣「交鈔（こうしょう）」は、銀との交換が可能であり、帝国全土の遠距離取引を支えた。,◯,第9章　中華世界の変容とモンゴル帝国,銀を決済手段とする貨幣制度と相まって、ユーラシア規模の経済圏が形成された。
ローマ教皇はカトリック布教のためにプラノ・カルピニを派遣し、彼は大都のカトリック大司教となった。,×,第9章　中華世界の変容とモンゴル帝国,間違った文章である。大都の大司教となり布教に励んだのは「モンテ・コルヴィノ」である。
フランス王ルイ9世は、モンゴル帝国の情報を得るためにルブルックを派遣した。,◯,第9章　中華世界の変容とモンゴル帝国,十字軍と結んでイスラーム勢力を挟み撃ちにする意図もあり、修道士ルブルックがカラコルムを訪れた。
ヴェネツィアの商人マルコ・ポーロは、往路に海路、復路に陸路を利用して大都とヨーロッパを往復した。,×,第9章　中華世界の変容とモンゴル帝国,間違った文章である。マルコ・ポーロは往路が「陸路」、帰路が「海路」である。
モロッコ出身の旅行家イブン・バットゥータは、海路を利用して中国に至り、『三大陸周遊記（旅行記）』を残した。,◯,第9章　中華世界の変容とモンゴル帝国,イスラーム法官（カーディー）として各地のムスリム社会を巡り、当時の広大なネットワークを記録した。
日本やベトナムの陳朝は、モンゴル帝国の武力侵攻を退けたが、その後の交易活動は一切拒絶した。,×,第9章　中華世界の変容とモンゴル帝国,間違った文章である。軍事侵攻は退けたが、帝国との「交易活動は活発」に行われた。
イルハン国の宰相ラシード・アッディーンは、ペルシア語で世界史である『集史』を著した。,◯,第9章　中華世界の変容とモンゴル帝国,モンゴル側の記録と現地の記録を照らし合わせた、当時としては画期的な世界史の記述である。
モンゴル帝国時代、海路の交易を主に担ったのはムスリム商人であり、東南アジアのイスラーム化の契機となった。,◯,第9章　中華世界の変容とモンゴル帝国,港市にムスリムのコミュニティが形成され、そこから徐々に現地社会へと信仰が広まった。
クリルタイとは、ハンの選出や遠征の決定を行う大集会のことで、十戸ごとに代表者1名が参加する制度である。,×,第9章　中華世界の変容とモンゴル帝国,間違った文章である。クリルタイは有力な王族や諸将が集まる大集会であり、十戸ごとの代表制ではない。
フビライ・ハンは1271年に国号を元と定め、金の中都の跡地に冬の都として「大都」を築いた。,◯,第9章　中華世界の変容とモンゴル帝国,大都（現在の北京）は、大運河の終点かつモンゴル高原への入り口として、帝国の中心となりました。
元は1279年に南宋を滅ぼし、モンゴル人による中国全土の支配を完成させた。,◯,第9章　中華世界の変容とモンゴル帝国,崖山の戦いで南宋の残存勢力を一掃し、モンゴル帝国初の中中国全域支配を実現しました。
元の身分制度では、モンゴル人を最上位とし、財務や行政の実務を担う西方系の人々を「漢人」と呼んで重用した。,×,第9章　中華世界の変容とモンゴル帝国,間違った文章である。財務や実務を担った西方系の人々は「色目人（しきめじん）」である。「漢人」は旧金領の住民を指した。
元は建国当初から儒教を重んじ、唐や宋の制度をそのまま引き継いで大規模な科挙を毎年実施した。,×,第9章　中華世界の変容とモンゴル帝国,間違った文章である。初期には科挙を「廃止」しており、14世紀初頭になってようやく復活させた。
元は取引税を撤廃する一方で、塩の専売から莫大な収入を得て国家財政を支えた。,◯,第9章　中華世界の変容とモンゴル帝国,商業を活性化させる政策をとる一方で、生活必需品である塩を国家が管理して利益を上げました。
郭守敬は、イスラーム天文学の知識を取り入れて、極めて正確な暦法である「授時暦」を作成した。,◯,第9章　中華世界の変容とモンゴル帝国,パクス・モンゴリカによる東西の科学知識の融合を示す代表的な成果です。
元代に流行した北方の戯曲「元曲」には、王昭君の悲劇を描いた『漢宮秋』などがある。,◯,第9章　中華世界の変容とモンゴル帝国,庶民文化が発展し、口語による豊かな感情表現を特徴とする演劇が人気を博しました。
フビライはチベット仏教の法王パスパ（パクパ）を帝師として迎え、モンゴル貴族の間でチベット仏教が広まった。,◯,第9章　中華世界の変容とモンゴル帝国,パスパは独自のパスパ文字も考案しましたが、過度な寄進は後に元の財政を圧迫しました。
元で発行された紙幣「交鈔」は、銀との交換が一切禁止されていたため、国内でのみ流通した。,×,第9章　中華世界の変容とモンゴル帝国,間違った文章である。交鈔は「銀との交換（兌換）」が保証されていたため、高い信用を得て広く普及した。
高麗はモンゴル軍の侵攻に対し江華島に拠って抵抗したが、1259年に降伏し、以降は元の属国（外藩国）となった。,◯,第9章　中華世界の変容とモンゴル帝国,王室はモンゴルと通婚関係を結ぶなど、元との密接な関係を保ちつつ独自の王朝を維持しました。
フビライは日本に対して2度の遠征（文永の役・弘安の役）を行ったが、武士の抵抗や台風の影響により失敗した。,◯,第9章　中華世界の変容とモンゴル帝国,日本側ではこれを「元寇」と呼び、のちに鎌倉幕府が衰退する原因の一つとなりました。
元は東南アジアの交易利権を確保するため、ベトナムの大越国（陳朝）やジャワ島にも大軍を派遣した。,◯,第9章　中華世界の変容とモンゴル帝国,東南アジア諸国はこれに反発し、激しい抵抗運動を展開しました。
ベトナムの大越国（陳朝）は、3次にわたる元の侵攻をすべて受け入れ、フビライの朝貢要求に無条件で従った。,×,第9章　中華世界の変容とモンゴル帝国,間違った文章である。陳朝は激しく抵抗し、元の侵攻を「撃退」しました。
元による軍事侵攻の間も、元・日本・高麗の間では交易船の往来が途絶えることはなかった。,◯,第9章　中華世界の変容とモンゴル帝国,政治的対立の一方で、経済的な交流（東アジア交易圏）は維持されていました。
元では銀中心の経済へ移行したため、使われなくなった大量の銅銭（宋銭など）が日本へ輸出された。,◯,第9章　中華世界の変容とモンゴル帝国,日本ではこの輸入銭が貨幣経済の発展を支え、のちの社会変動に影響を与えました。
元の日本遠征が失敗したのち、日本では足利氏がすぐに天下を統一し、東アジア全域の倭寇を完全に鎮圧した。,×,第9章　中華世界の変容とモンゴル帝国,間違った文章である。日本では南北朝の動乱期に入り、統制が取れなくなった西国の勢力が「倭寇」として活動し始めました。
フビライが周辺諸国に求めた要求には、君主の来朝、人質の送付、人口の報告、租税の納付などが含まれていた。,◯,第9章　中華世界の変容とモンゴル帝国,これは元の「外藩国」としての義務を明確にするための過酷な要求でした。
パスパ文字は、フビライの命を受けたチベット仏教の僧パスパが、ウイグル文字を基にして作成したものである。,×,第9章　中華世界の変容とモンゴル帝国,間違った文章である。パスパ文字は「チベット文字」を基に作成されました。
郭守敬が作成した「授時暦」は、江戸時代の日本で渋川春海が作成した「貞享暦」の基礎となった。,◯,第9章　中華世界の変容とモンゴル帝国,イスラーム天文学の成果を取り入れた高度な暦法は、周辺諸国の科学技術にも影響を与えました。
元はジャワ島への遠征に成功し、ジャワを直轄領として支配したため、東アジアの国際秩序再編を達成した。,×,第9章　中華世界の変容とモンゴル帝国,間違った文章である。ジャワ遠征も敗退に終わり、元を中心とする国際秩序の完全な再編は「達成されなかった」。
ガズナ朝はアフガニスタンを拠点とし、10世紀後半からインドへの遠征を繰り返して戦利品を獲得した。,◯,第10章　インド洋海域世界の発展と東南アジア,サーマーン朝のマムルーク軍団が自立して建てた王朝であり、インド・イスラーム化の先駆けとなりました。
13世紀初めにデリーで自立したアイバクは、インド最初のイスラーム王朝である「奴隷王朝」を建設した。,◯,第10章　インド洋海域世界の発展と東南アジア,アイバク自身が奴隷出身であったことに由来し、これ以降デリーを首都とする5つの王朝が続きました。
デリー・スルタン朝はヒンドゥー教徒を徹底的に弾圧し、インドの全住民を短期間でイスラームに改宗させた。,×,第10章　インド洋海域世界の発展と東南アジア,間違った文章である。実際にはヒンドゥー教徒の支配層を存続させて利用しており、改宗は「限定的」でした。
10世紀後半にファーティマ朝がカイロを建設すると、紅海を経由するルートが栄え、カイロが交易の中心となった。,◯,第10章　インド洋海域世界の発展と東南アジア,内乱の続くバグダードに代わって、エジプトがインド洋と地中海を結ぶハブの役割を果たしました。
ムスリム商人が使用した「ジャンク船」は、インド西海岸でナツメヤシや馬を積み込み、ペルシア湾へ運んだ。,×,第10章　インド洋海域世界の発展と東南アジア,間違った文章である。ムスリム商人が主に使用したのは「ダウ船」である。ジャンク船は主に中国商人の船です。
アラビア語やペルシア語はインド洋一帯で共通の商業語となり、ディーナール金貨が広く流通した。,◯,第10章　インド洋海域世界の発展と東南アジア,言語と通貨の統一により、異なる地域間でのスムーズな取引が可能になりました。
スーフィー（神秘主義者）などの宗教指導者は、商業ネットワークを利用して活動範囲を広げ、改宗を促した。,◯,第10章　インド洋海域世界の発展と東南アジア,商業活動と宗教伝播が密接に結びついていたのが、インド洋海域世界の特徴です。
南インドのカリカットなどの港市国家は、西からのダウ船と東からのジャンク船が取引を行う中継地として繁栄した。,◯,第10章　インド洋海域世界の発展と東南アジア,中国の陶磁器や絹、西アジアの馬や金、東南アジアの香辛料が集まる国際的な商業拠点でした。
アイユーブ朝やマムルーク朝は十字軍を撃退したが、ヨーロッパ商人との貿易は一切禁止する政策をとった。,×,第10章　インド洋海域世界の発展と東南アジア,間違った文章である。実際にはイタリア諸都市と条約を交わし、商人を保護して「税収を得る」実利的な政策をとりました。
ゴール朝から自立したアイバクは、もともとモンゴル帝国のフビライ・ハンの右腕として活躍した将軍である。,×,第10章　インド洋海域世界の発展と東南アジア,間違った文章である。アイバクは「ゴール朝」の将軍であり、モンゴル帝国とは関係がありません。
東アフリカ沿岸では、アラビア語と現地のバントゥー系言語が混ざり合い、共通語であるスワヒリ語が形成された。,◯,第10章　インド洋海域世界の発展と東南アジア,スワヒリ語は商業用語として発達し、現在も東アフリカの広い地域で公用語として使用されています。
スワヒリ文化圏の諸都市は、アフリカ内陸部から金や象牙、奴隷などを購入し、インド洋交易を通じて輸出していた。,◯,第10章　インド洋海域世界の発展と東南アジア,内陸部の資源と海域の商業ネットワークを結びつけることで繁栄しました。
13世紀に栄えた「グレート・ジンバブエ」は、アラビア半島のムスリム商人が直接建設した石造りの港町である。,×,第10章　インド洋海域世界の発展と東南アジア,間違った文章である。グレート・ジンバブエは内陸部にあり、バントゥー系の「ショナ人」が形成した都市文化です。
15世紀に成立した「モノモタパ王国」は、領内で産出される「金」などの輸出によって繁栄した。,◯,第10章　インド洋海域世界の発展と東南アジア,アフリカ南部の豊富な金資源を背景に、インド洋交易において重要な地位を占めました。
インドでは戦闘用の馬の繁殖が非常に容易であったため、西アジアから馬を輸入する必要は全くなかった。,×,第10章　インド洋海域世界の発展と東南アジア,間違った文章である。インドでは馬の養育が「困難」であったため、西アジアや中央アジアから大量の馬を輸入していました。
イブン・バットゥータは、デリー・スルタン朝の使節として中国に向かう途中でカリカットに立ち寄った。,◯,第10章　インド洋海域世界の発展と東南アジア,当時のデリー・スルタン朝と元の間の外交・商業的な繋がりを示すエピソードです。
スワヒリ語は、もともと学問や宗教儀式のために成立した言語であり、商業活動に使われることは稀であった。,×,第10章　インド洋海域世界の発展と東南アジア,間違った文章である。スワヒリ語は「商業用語」として成立・発展した、実用的な性格の強い言語です。
イブン・バットゥータは、カリカットを地中海の内陸都市であるアレクサンドリアや泉州と並ぶ「世界の五大港市」の一つと称賛した。,×,第10章　インド洋海域世界の発展と東南アジア,アレクサンドリアはエジプトを代表する「港湾都市」であり、内陸都市ではない。
カリカットには、中国のジャンク船だけでなく、地中海のヴェネツィアなど西ヨーロッパからの商船も数多く直接寄港していた。,×,第10章　インド洋海域世界の発展と東南アジア,直接寄港していたのは主に「西アジア（イエメンや南イランなど）」のムスリム商船である。
モガディシュやキルワなどの港市では、キリスト教文化と黒人文化が融合した「スワヒリ文化」が成立した。,×,第10章　インド洋海域世界の発展と東南アジア,スワヒリ文化は「イスラーム文化」と黒人文化が融合して生まれたものである。
スワヒリ文化圏の諸都市は、アフリカ内陸部から茶や絹織物を購入し、インド洋交易を通じて輸出していた。,×,第10章　インド洋海域世界の発展と東南アジア,アフリカからの主な輸出品は「金・象牙・奴隷」などである。茶や絹は中国側の特産品である。
唐末の混乱後、中国商人のジャンク船はベトナム北部を避けてチャンパーへ直航したため、北部ベトナムは国際交易から孤立した。,◯,第10章　インド洋海域世界の発展と東南アジア,この孤立と唐の衰退が重なり、ベトナム北部は中国の支配から独立して現在のベトナムの原型を築きました。
ベトナム中部のチャンパー（占城）は、背後の山地でとれる沈香や象牙などを中国へ輸出し、中継港として栄えた。,◯,第10章　インド洋海域世界の発展と東南アジア,チャンパーは南シナ海航路の重要な拠点であり、宋へ送った「占城稲」の由来としても知られます。
マラッカ海峡沿いの諸港市は、11世紀以降「三仏斉（さんぶつせい）」という連合国家をつくり、宋に朝貢して繁栄した。,◯,第10章　インド洋海域世界の発展と東南アジア,三仏斉はマレー半島からスマトラ島一帯の港市連合であり、かつてのシュリーヴィジャヤの地域を継承しました。
ジャワ島のクディリ王国は、モルッカ諸島特産の綿織物を運ぶ中継貿易と、内陸部の農業発展により繁栄した。,×,第10章　インド洋海域世界の発展と東南アジア,間違った文章である。クディリ王国が扱ったのは綿織物ではなく、ナツメグなどの「香辛料」である。
13世紀末、元軍を退けた後にジャワ島で成立したマジャパヒト王国は、現在のインドネシア全域に及ぶ交易を掌握した。,◯,第10章　インド洋海域世界の発展と東南アジア,14世紀後半には三仏斉を圧倒し、東南アジア島嶼部で最大の勢力を誇りました。
11世紀以降の東南アジアでは、港市国家が沿岸部だけでなく内陸の産地をも統合し、広大な領域国家へと成長した。,◯,第10章　インド洋海域世界の発展と東南アジア,単なる「点の支配（港）」から「面の支配（領域）」へと、国家の形態が進化しました。
13世紀末には、スマトラ島の港市国家の王がキリスト教に改宗し、これ以降東南アジア全域に教会が建設された。,×,第10章　インド洋海域世界の発展と東南アジア,間違った文章である。王が改宗したのは「イスラーム」であり、これ以降インド洋に面した地域でイスラーム化が進んだ。
東南アジアでは、土着文化にインド文明やイスラーム文明が融合し、独自の民族文化がつくりだされた。,◯,第10章　インド洋海域世界の発展と東南アジア,外来の文明を柔軟に取り入れつつ、ヒンドゥー・仏教・イスラームが混ざり合う多様な文化が形成されました。
10世紀前半に東ジャワでおこったクディリ王国は、農業を完全に廃止し、海上交易のみに依存する国家であった。,×,第10章　インド洋海域世界の発展と東南アジア,間違った文章である。クディリ王国は香辛料交易とともに、「内陸部の農業発展」も繁栄の大きな柱であった。
ベトナム北部のハノイにあった安南都護府は、元のフビライ・ハンの攻撃によって解体され、ベトナムは独立した。,×,第10章　インド洋海域世界の発展と東南アジア,間違った文章である。安南都護府が解体されたのは「唐の衰亡」に伴うものであり、元の時代ではない。
ベトナムの陳朝では、独自の文字であるパスパ文字がつくられ、民族意識が高まった。,×,第10章　インド洋海域世界の発展と東南アジア,ベトナム独自の文字は「チューノム（字喃）」である。パスパ文字は元のフビライが作らせたもの。
カンボジアのクメール王国は、チャオプラヤ川流域の農業開拓に成功し、アンコール・トムを建設した。,×,第10章　インド洋海域世界の発展と東南アジア,クメール王国が拠点としたのは「メコン川」流域である。チャオプラヤ川は主にタイの勢力圏。
ビルマのパガン王国は、13世紀末にモンゴル（元）の侵略を受けて衰退した。,◯,第10章　インド洋海域世界の発展と東南アジア,元軍の侵攻とタイ系シャン人の南下によって、パガン王国は衰退に向かいました。
タイ人のスコータイ王国は、13世紀末にクメール王国を完全に滅ぼし、現在のインドネシア全域を支配した。,×,第10章　インド洋海域世界の発展と東南アジア,スコータイ王国が支配したのはタイ中部であり、インドネシア全域を掌握したのはジャワのマジャパヒト王国。
ベトナム北部の大越国（李朝）は、国際交易を重視したため、中国文明の受容を拒絶してイスラームを導入した。,×,第10章　インド洋海域世界の発展と東南アジア,李朝は国際交易から孤立していたため「農業」を重視し、中国文明を積極的に受容した。
港市国家は、一つの価値観を周囲に強制することで、政治的な独立と強力な軍事独裁を維持した。,×,第10章　インド洋海域世界の発展と東南アジア,港市国家は多様な民族や価値観を仲介するため、宗教や言語に対して「寛容」な文化を持っていた。
ビルマ南部のモン人は、ベンガル湾沿岸にパガンなどの港市国家を建設し、インド方面との交易を担った。,×,第10章　インド洋海域世界の発展と東南アジア,モン人が建設した港市国家は「ペグー」などである。パガンは内陸（イラワディ川中流）の都。
大陸部東南アジア（ベトナムを除く）で普及した上座部仏教は、スリランカの教団との交流を通じて発展した。,◯,第10章　インド洋海域世界の発展と東南アジア,スリランカとビルマ、タイの間で上座部仏教の活発な交流が行われました。
港市国家は、航海技術が向上して「産地」と「市場」が直結するようになると、その重要性が高まり繁栄した。,×,第10章　インド洋海域世界の発展と東南アジア,中継地を介さずに直結するルートができると、中継地である港市国家の重要性は「低下」し、衰退した。
ジャワのワヤン・クリ（影絵劇）は、インド古典を題材としながらも、イスラーム神秘主義者の影響を受けて成立した。,◯,第10章　インド洋海域世界の発展と東南アジア,外来のインド文化と、後に伝来したイスラームが融合した、東南アジア特有の文化形成の一例です。
東南アジア住民へのイスラーム浸透は、13世紀以降、商人のみを介して急速に広まった。,×,第11章　大交易時代と世界の一体化,商人だけでなく、「スーフィー（神秘主義者）」などの宗教指導者の布教活動が大きな役割を果たしました。
マラッカ海峡周辺は、マジャパヒト王国などの有力国家の勢力圏から外れていたため、イスラーム拡大の拠点となった。,◯,第11章　大交易時代と世界の一体化,有力な既存勢力の干渉が少なかったことも、新しい信仰や港市国家が発展する要因の一つでした。
明の洪武帝は、倭寇対策として中国商人の渡航を禁止する「海禁」を行い、貿易を「朝貢」のみに制限した。,◯,第11章　大交易時代と世界の一体化,国家が対外貿易を完全に管理しようとする、明の基本的な外交方針（朝貢一元化）です。
永楽帝の命で南海遠征を行った鄭和は、広州出身の仏教徒として艦隊を率いた。,×,第11章　大交易時代と世界の一体化,間違った文章である。鄭和は「雲南出身のムスリム（イスラーム教徒）」である。
鄭和の艦隊は、東南アジアからアフリカ東海岸に至る広範な地域を巡り、50以上の国に明への朝貢を促した。,◯,第11章　大交易時代と世界の一体化,史上類を見ない大艦隊による遠征は、明の威信をインド洋一帯に知らしめました。
マラッカ王国は、明への朝貢を続ける一方で、国王がイスラームに改宗してムスリム世界との関係も深めた。,◯,第11章　大交易時代と世界の一体化,中国とイスラーム世界の両方と良好な関係を築くことで、中継貿易の拠点として大繁栄しました。
15世紀のマラッカには、中国から香辛料が、モルッカ諸島から陶磁器が持ち込まれ、取引された。,×,第11章　大交易時代と世界の一体化,間違った文章である。産地と品目が逆。中国からは陶磁器・絹、モルッカ諸島からは香辛料がもたらされた。
鄭和がアフリカから持ち帰った「ジラフ」は、伝説の霊獣にちなんで「麒麟（キリン）」と呼ばれた。,◯,第11章　大交易時代と世界の一体化,皇帝の権威を象徴する瑞獣として、当時の明の宮廷で大きな話題となりました。
鄭和の遠征終了後も、明は積極的な海洋進出を続け、インド洋を直接支配下に置き続けた。,×,第11章　大交易時代と世界の一体化,間違った文章である。永楽帝の死後、明の対外政策は「消極的」になり、海洋進出は後退しました。
マラッカは、インド洋、南シナ海、東南アジアの流通網をすべて結びつける交易圏の中心となった。,◯,第11章　大交易時代と世界の一体化,西の綿布、東の陶磁器、現地の香辛料が集まる、まさに「海の十字路」でした。
14世紀末、ティムールの北インド侵攻により、デリー・スルタン朝の権威は決定的に弱まった。,◯,第11章　大交易時代と世界の一体化,中央アジアの強国ティムールの打撃を受け、インドは各地の諸王国が割拠する時代へと移行しました。
南インドに成立したヴィジャヤナガル王国は、イスラーム教徒の王によって支配された。,×,第11章　大交易時代と世界の一体化,間違った文章である。ヴィジャヤナガル王国は「ヒンドゥー教徒」の王によって支配されました。
ヒンディー語にペルシア語の語彙を取り入れた「ウルドゥー語」は、折衷的な文化として文学作品に用いられた。,◯,第11章　大交易時代と世界の一体化,異なる文化の融合から生まれたウルドゥー語は、後にムガル帝国の公用語的存在となります。
宗教者のカビールは、イスラームとヒンドゥー教を統合し、カースト制度を積極的に肯定した。,×,第11章　大交易時代と世界の一体化,間違った文章である。カビールはカーストや不可触民への「差別を批判」し、宗教間の融和を説きました。
グジャラート地方やベンガル地方の商人は、インド産の綿布などをインド洋沿岸各地へ運び、海上交易で活躍した。,◯,第11章　大交易時代と世界の一体化,特にグジャラート商人は、東南アジアのマラッカでも非常に有力な商人グループでした。
15世紀、南インドの諸港市は、中継地としての地位をマラッカに譲ったため、完全に消滅・廃墟化した。,×,第11章　大交易時代と世界の一体化,間違った文章である。中継地の地位は譲ったものの、胡椒などの特産品積出港として「繁栄を維持」していました。
1498年、ポルトガル人のヴァスコ・ダ・ガマが到達したカリカットは、南インドの主要な港市の一つであった。,◯,第11章　大交易時代と世界の一体化,伝統的なインド洋交易の拠点であったこの地にヨーロッパ勢力が現れ、新たな時代の幕開けとなりました。
スマトラ島北部のサムドゥラ（パサイ）は、東南アジアにおけるイスラーム受容の中心地となり、聖地とみなされた。,◯,第11章　大交易時代と世界の一体化,王（スルタン）の改宗により、ここから東南アジア島嶼部のイスラーム化が本格化しました。
ヴィジャヤナガル王国などの諸王国のもとで、綿布や砂糖などの商品生産が盛んになり、商業が発展した。,◯,第11章　大交易時代と世界の一体化,政治的な分裂期ではありましたが、経済活動や商品生産は極めて活発な時代でした。
デリー・スルタン朝が衰退した後、インドでは元軍が侵攻し、中国の直接支配下に置かれた。,×,第11章　大交易時代と世界の一体化,間違った文章である。デリー・スルタン朝崩壊後は「各地に王国が分立」したのであり、中国（元）の支配下には入っていません。
マルコ・ポーロが伝えた「黄金の国ジパング」への憧れや、香辛料の直接入手への期待が、ヨーロッパ人の海外進出を促した。,◯,第11章　大交易時代と世界の一体化,当時のヨーロッパでは、オスマン帝国の台頭により、従来の地中海ルートを介さない新航路の開拓が急務となっていました。
1488年、バルトロメウ・ディアスはアフリカ南端のマゼラン海峡に到達し、インド洋への道を開いた。,×,第11章　大交易時代と世界の一体化,間違った文章である。彼が到達したのは「喜望峰」である。マゼラン海峡は南米の南端にある。
ヴァスコ・ダ・ガマは1498年、ムスリムの水先案内の協力を得て、インドのカリカットに到達した。,◯,第11章　大交易時代と世界の一体化,伝統的なムスリムの航海術を利用することで、ヨーロッパとアジアを直結するインド航路を完成させました。
ポルトガルは1510年にインド西岸のマカオを占領し、ここに総督府を置いてアジア進出の拠点とした。,×,第11章　大交易時代と世界の一体化,間違った文章である。ポルトガルが総督府を置いた拠点は「ゴア」である。
1511年、ポルトガルは東南アジアの香辛料交易の中心地であるマラッカを軍事占領した。,◯,第11章　大交易時代と世界の一体化,鄭和の遠征後に繁栄していたマラッカ王国を武力で制圧し、東南アジア交易の要衝を奪いました。
ポルトガルのエンリケ航海王子は、アフリカ奥地にあると信じられた「プレスター・ジョンの国」との連絡を求めていた。,◯,第11章　大交易時代と世界の一体化,経済的利益だけでなく、キリスト教勢力と協力してイスラーム勢力を挟み撃ちにするという宗教的動機もありました。
ポルトガルは、紅海の完全な封鎖に成功したため、ムスリム商人による香辛料交易を完全に根絶させた。,×,第11章　大交易時代と世界の一体化,間違った文章である。紅海の封鎖は「成功せず」、ムスリム商人による地中海経由の交易は継続しました。
ポルトガルはホルムズやモザンビークに要塞を築き、大砲を備えた艦隊の威力で交易の独占を図った。,◯,第11章　大交易時代と世界の一体化,「要塞と武装船」を用いた武力行使により、既存の平和的な交易ネットワークに割って入りました。
イタリア商人が蓄積した商業知識や天文学・地理学の知識は、イベリア半島の航海ブームに大きく貢献した。,◯,第11章　大交易時代と世界の一体化,地中海貿易で栄えたイタリアの知識が、大西洋側のポルトガルやスペインに伝わり、技術的基盤となりました。
ポルトガルがアジアに進出した当初の主な目的は、大量の綿布をヨーロッパへ輸出することであった。,×,第11章　大交易時代と世界の一体化,間違った文章である。当時の最大の目的は「香辛料」の直接入手である。
ポルトガルは1557年にマカオに居住権を得て、中国交易の根拠地とした。,◯,第11章　大交易時代と世界の一体化,海賊鎮圧の功績を名目に居住を認められ、以後、長きにわたりポルトガルのアジア拠点となりました。
1543年に種子島に到達したポルトガル人は、その後、平戸や長崎を拠点に対日交易（南蛮貿易）を行った。,◯,第11章　大交易時代と世界の一体化,鉄砲の伝来とともに、日本との直接的な経済・文化交流が始まりました。
ポルトガルは広大な領土を征服して支配するのではなく、海上ルートの拠点を支配する「海洋帝国」を築いた。,◯,第11章　大交易時代と世界の一体化,ゴア、マラッカ、マカオなどの拠点を線で結び、交易を独占するスタイルが特徴です。
16世紀前半、胡椒などの東方物産が集散したリスボンの港は、ヴェネツィアなどイタリアの諸港をしのぐ繁栄をみせた。,◯,第11章　大交易時代と世界の一体化,インド航路の開拓により、地中海経由の旧ルートを圧倒する勢いを見せました。
ポルトガルの武装商船団は、日本から陶磁器を獲得し、それを中国へ売ることで莫大な利益を上げた。,×,第11章　大交易時代と世界の一体化,間違った文章である。ポルトガルが日本から獲得し、中国などへ運んだのは主に「銀」である。
日本では、南方から来航したポルトガル人やスペイン人のことを、彼らの容姿にちなんで「紅毛人」と呼んだ。,×,第11章　大交易時代と世界の一体化,間違った文章である。彼らは「南蛮人」と呼ばれた。「紅毛人」はのちに来航するオランダ人やイギリス人を指す。
ポルトガルは、1517年に広州で明との直接通商を開始したが、翌年には明軍に敗北して完全撤退した。,×,第11章　大交易時代と世界の一体化,間違った文章である。一時的な摩擦はありましたが、最終的にはマカオに拠点を築き、交易を継続しました。
ポルトガルがアジアで扱った香辛料には、モルッカ諸島原産のクローブ（丁字）やナツメグなどが含まれていた。,◯,第11章　大交易時代と世界の一体化,これらは当時ヨーロッパで極めて高価に取引され、富と権力の象徴でもありました。
ポルトガルの海洋帝国は、強力な海軍力と航海術を背景に、ヨーロッパと東アジアを結ぶルートを支配した。,◯,第11章　大交易時代と世界の一体化,大砲を備えた軍艦により、既存のムスリム商人らのネットワークを武力で圧倒しました。
南蛮貿易において、スペイン人もポルトガル人と同様に平戸に来航し、日本との貿易を開始した。,◯,第11章　大交易時代と世界の一体化,ポルトガルに続き、フィリピンを拠点としたスペインも日本との交渉を持ちました。
朱元璋（洪武帝）は、白蓮教徒の紅巾の乱から頭角をあらわし、1368年に金陵（南京）を都として明を建てた。,◯,第11章　大交易時代と世界の一体化,貧農出身の朱元璋が、元末の混乱を収拾して漢民族の王朝を復活させました。
洪武帝は農村統治のため、戸籍・租税台帳である「賦役黄冊」と、土地台帳である「魚鱗図冊」を作成した。,◯,第11章　大交易時代と世界の一体化,国家が直接、土地と人民を把握し、財政の基盤を固めるための施策です。
明は元の中書省と丞相の制度を継承し、丞相に絶大な権力を与えて皇帝を補佐させた。,×,第11章　大交易時代と世界の一体化,間違った文章である。洪武帝は皇帝独裁を強めるため、中書省と丞相を「廃止」し、六部などを皇帝直属としました。
洪武帝は漢民族の文化復興のため、儒教の教訓である「六諭」を定め、朱子学を官学とした。,◯,第11章　大交易時代と世界の一体化,民衆教化と官僚選抜（科挙）の両面で、儒教的な秩序の再構築を図りました。
明の兵制である「衛所制」は、一般の民戸とは別に軍務を担う「軍戸」を設け、兵農一致を目指したものである。,◯,第11章　大交易時代と世界の一体化,元の制度を部分的に継承しつつ、安価で強固な軍隊の維持を目的としました。
洪武帝は倭寇を抑えるために「海禁」を行い、対外貿易を儀礼に基づいた「朝貢貿易」に限定した。,◯,第11章　大交易時代と世界の一体化,民間の私貿易を禁止し、国家が貿易を独占・管理する「朝貢一元化」の体制です。
永楽帝は「靖難の役」で南京を占領して即位し、1421年に都を南京から広州へ移した。,×,第11章　大交易時代と世界の一体化,間違った文章である。永楽帝が遷都したのは「北京」である。
永楽帝はムスリムの宦官である鄭和を派遣し、東南アジアからインド洋に至る大遠征を行わせた。,◯,第11章　大交易時代と世界の一体化,明の威信を海外に示し、多くの国々に朝貢を促す積極的な外交を展開しました。
1449年の「土木の変」では、モンゴルの女真族が明の正統帝を捕らえ、明は危機に陥った。,×,第11章　大交易時代と世界の一体化,間違った文章である。正統帝を捕らえたのは、西モンゴルの「オイラト」のエセン・ハンである。
明は北方の防備のために現在残るような万里の長城を築造したが、その建築資材のために森林資源が失われた。,◯,第11章　大交易時代と世界の一体化,煉瓦を焼くための燃料として大量の木材が消費され、環境にも影響を与えました。
足利義満は明から「日本国王」に冊封され、海禁の取り締まりを条件に勘合貿易を行った。,×,第11章　大交易時代と世界の一体化,間違った文章である。正しくは「倭寇」の取り締まりを条件とした。
琉球王国は、明の冊封を受けて那覇を拠点とし、日本や東南アジアを結ぶ中継貿易で繁栄した。,◯,第11章　大交易時代と世界の一体化,福建系中国人の協力も得て、東アジア交易のハブとして重要な役割を果たしました。
1392年に李成桂が建てた朝鮮（李朝）は、官僚制を整備し、金属活字やハングルを作成した。,◯,第11章　大交易時代と世界の一体化,世宗の時代を中心に、独自の文化と実用的な技術が大きく発展しました。
明の初期、人々の衣服の素材は麻から絹へと全国的に変化し、これが日本にも広まった。,×,第11章　大交易時代と世界の一体化,間違った文章である。衣服の素材が麻から変化したのは「木綿（綿花）」である。
16世紀、土地税や人頭税などを一括して銀で納める「一条鞭法（いちじょうべんぽう）」が始まった。,◯,第11章　大交易時代と世界の一体化,銀の流入と流通に対応した税制改革であり、徴税の簡素化が進みました。
明代に完成した「四大奇書」には、『水滸伝』『三国志演義』『西遊記』『金瓶梅』が含まれる。,◯,第11章　大交易時代と世界の一体化,都市文化の発達に伴い、娯楽性の高い小説が広く読まれるようになりました。
王守仁（王陽明）は、知識よりも道徳の実践を重視する「知行合一」を説く陽明学をおこした。,◯,第11章　大交易時代と世界の一体化,朱子学の教条化に対し、個人の内面や実践を重んじる新しい思想が生まれました。
イエズス会宣教師のマルコ・ポーロは北京で布教し、徐光啓とともに『幾何原本』を翻訳した。,×,第11章　大交易時代と世界の一体化,間違った文章である。徐光啓とともに活動したのは「マテオ・リッチ（利瑪竇）」である。
宋応星の『天工開物』や李時珍の『本草綱目』など、産業や医学に関する実用的な学問（実学）が発展した。,◯,第11章　大交易時代と世界の一体化,産業の発展や西洋科学の刺激を受け、実証的かつ実用的な著作が相次いで刊行されました。
16世紀、日本で灰吹法が導入され銀生産が急増したことは、東アジア全体の交易活性化と中国への銀流入を促した。,◯,第11章　大交易時代と世界の一体化,日本銀とメキシコ銀の流入は、明の貨幣経済を銀本位制へと変える原動力となりました。
後期倭寇は、主に日本・朝鮮・中国の私貿易商人が武装化したもので、明の朝貢限定の貿易体制に反発して活動した。,◯,第11章　大交易時代と世界の一体化,前期倭寇が日本人中心だったのに対し、後期倭寇は中国人の私貿易商人が主体であったことが特徴です。
明の張居正は、万暦帝を補佐して「一条鞭法」を全国で実施し、中央集権的な財政再建を成功させた。,◯,第11章　大交易時代と世界の一体化,厳しい官僚統制と検地により財政を立て直しましたが、死後は激しい党争の原因ともなりました。
豊臣秀吉による朝鮮侵略（文禄・慶長の役）に対し、朝鮮は李舜臣の鉄甲船や義兵の抵抗、明の援助により撃退に成功した。,◯,第11章　大交易時代と世界の一体化,撃退には成功したものの、朝鮮の国土は荒廃し、明は多額の戦費負担で国力が疲弊しました。
江戸幕府の「鎖国」体制下では、対外貿易は完全に遮断され、長崎でのオランダ・中国以外との交流は一切途絶えた。,×,第11章　大交易時代と世界の一体化,間違った文章である。実際には長崎以外に、対馬（朝鮮）、薩摩（琉球）、松前（アイヌ）という「四つの口」を通じた交流がありました。
琉球王国は薩摩藩の攻撃を受けて支配下に入ったが、明への朝貢関係を断絶し、完全に日本の一部となった。,×,第11章　大交易時代と世界の一体化,間違った文章である。薩摩に従属しつつ明にも朝貢する「両属関係」を維持し、中継貿易を続けました。
江戸幕府による朱印船貿易の結果、東南アジア各地には「日本町」が形成され、アユタヤなどがその代表例である。,◯,第11章　大交易時代と世界の一体化,日本から銀・銅、東南アジアから生糸・鹿皮などが活発に取引されました。
明の末期、東林派と非東林派（宦官勢力）による党争が激化し、政治の混乱が明の滅亡の一因となった。,◯,第11章　大交易時代と世界の一体化,顧憲成らの郷紳層を中心とする東林派と、権力を握る宦官勢力の対立が国力を削ぎました。
1644年、明は満洲から進出したヌルハチによって直接北京を占領され、滅亡した。,×,第11章　大交易時代と世界の一体化,間違った文章である。明を滅ぼしたのは農民反乱軍の「李自成」である。
16世紀後半に明が海禁をゆるめると、倭寇の活動は収束に向かい、東シナ海での私貿易が部分的に認められた。,◯,第11章　大交易時代と世界の一体化,アルタン・ハンとの和議や海禁の緩和により、北虜南倭の脅威は一時的に緩和されました。
江戸幕府は、朝鮮との国交修復にあたり、15世紀中期に対馬を統一した大内氏を仲介役とした。,×,第11章　大交易時代と世界の一体化,間違った文章である。朝鮮との仲介を担ったのは対馬の「宗氏」である。
琉球は1609年に薩摩藩の支配下に入ったが、中国との朝貢も継続する「両属関係」を維持した。,◯,第11章　大交易時代と世界の一体化,幕府は琉球を介して、直接国交のない中国（明・清）との私貿易や情報を得ていました。
対馬の宗氏は、国書の字句を改ざんしてまで日朝間の外交維持に努めたが、のちにその事実が露呈した。,◯,第11章　大交易時代と世界の一体化,この事件を経て、将軍の称号は「日本国王」から「日本国大君」へと統一されることになりました。
洪武帝が始めた、一つの元号を皇帝一代に限り使用する制度を「一世一元制」という。,◯,第11章　大交易時代と世界の一体化,この制度は清まで受け継がれ、明治以降の日本にも大きな影響を与えました。
明の里甲制は、110戸を1里とし、租税徴収や治安維持を官僚がすべて直接行う制度である。,×,第11章　大交易時代と世界の一体化,間違った文章である。里長戸の指導のもと、民衆が「交替当番制」で責任を負う自治的な制度であった。
16世紀の江南では、米の主産地が下流域から中流域へ移り、「湖広熟すれば天下足る」と言われた。,◯,第11章　大交易時代と世界の一体化,下流域（蘇州・杭州など）が綿織物・絹織物の工芸作物中心に変化したため、穀倉地帯が移動しました。
マテオ・リッチは『坤輿万国全図』を作成し、世界の地理とともに「地球球体説」を中国に紹介した。,◯,第11章　大交易時代と世界の一体化,西洋の科学知識は、当時の明の知識層（徐光啓など）に大きな衝撃と刺激を与えました。
日本で16世紀に導入された「灰吹法」は、銀鉱石から銀を取り出す精錬技術で、ヨーロッパから直接伝わった。,×,第11章　大交易時代と世界の一体化,間違った文章である。灰吹法は「中国大陸」から伝えられた技術である。
アイヌは、アムール川流域やカムチャツカ半島までを交易圏とする、広範な北方交易を行っていた。,◯,第11章　大交易時代と世界の一体化,松前氏が掌握した「口」の先には、独自の広大な北方ネットワークが存在していました。
陽明学者の李贄（李卓吾）は、朱子学を官学として徹底的に擁護したため、明の皇帝から厚遇された。,×,第11章　大交易時代と世界の一体化,間違った文章である。李贄は革新的な言論を展開したために「獄死」させられた人物である。
コロンブスは、トスカネリの地球平面説を信じて西航し、1492年にサン・サルバドル島に到達した。,×,第11章　大交易時代と世界の一体化,間違った文章である。コロンブスが信じたのは「地球球体説」である。
トルデシリャス条約により、ポルトガル人カブラルが漂着したブラジルはスペイン領と定められた。,×,第11章　大交易時代と世界の一体化,間違った文章である。ブラジルは「ポルトガル領」とされた。
マゼラン（マガリャンイス）の船団は、1522年に史上初めての世界周航を達成し、大地が球体であることを証明した。,◯,第11章　大交易時代と世界の一体化,本人はフィリピンで戦死しましたが、部下が帰還し世界周航を成し遂げました。
16世紀前半、コルテスはアステカ王国を、ピサロはインカ帝国をそれぞれ武力で征服した。,◯,第11章　大交易時代と世界の一体化,高度な文明を持っていた両帝国も、スペイン人の銃火器や馬、疫病によって短期間で滅亡しました。
スペインは、先住民の保護とキリスト教化を条件に征服者に支配を委託する「エンコミエンダ制」を導入した。,◯,第11章　大交易時代と世界の一体化,しかし、実際には保護は名ばかりで、先住民に対する過酷な強制労働が行われました。
先住民の激減に伴い、労働力を補うためアフリカから黒人奴隷が輸入され、その契約はエンコミエンダと呼ばれた。,×,第11章　大交易時代と世界の一体化,間違った文章である。黒人奴隷の売り渡し契約は「アシエント」と呼ばれる。
16世紀半ばにポトシ銀山が発見されると、膨大な銀が生産され、スペインや世界経済に大きな影響を与えた。,◯,第11章　大交易時代と世界の一体化,この銀の流入は、ヨーロッパで「価格革命」を引き起こす原因にもなりました。
フィリピンのマニラとメキシコのアカプルコを結ぶ貿易により、アメリカ産の銀が直接アジアへ流入した。,◯,第11章　大交易時代と世界の一体化,これを「アカプルコ貿易（ガレオン貿易）」と呼び、中国の生糸や絹織物と銀が交換されました。
植民地生まれの白人はメスティソと呼ばれ、本国出身の白人と共に支配層を構成した。,×,第11章　大交易時代と世界の一体化,間違った文章である。植民地生まれの白人は「クリオーリョ」という。メスティソは白人と先住民の混血。
ラス・カサスは、インディオ（先住民）に対する虐待を告発し、彼らの奴隷化禁止を本国に訴えた。,◯,第11章　大交易時代と世界の一体化,彼の訴えにより法的な奴隷化は禁止されましたが、実質的な酷使は形を変えて続きました。
商業革命により、国際商業の中心は地中海沿岸からリスボンやアムステルダムなどの内陸都市へと移った。,×,第11章　大交易時代と世界の一体化,間違った文章である。商業の中心は「大西洋沿岸」の諸都市へと移動した。
アメリカからの大量の銀流入によって生じた「価格革命」は、固定額の貨幣地代に頼る西欧の領主層に打撃を与えた。,◯,第11章　大交易時代と世界の一体化,物価高騰（貨幣価値下落）に対し、受け取る地代が固定されていたため、領主は実質的に没落し、封建社会の崩壊が早まりました。
東欧のエルベ川以東では、西欧への穀物輸出のために農民の自由を奪う「農場領主制（グーツヘルシャフト）」が発達した。,◯,第11章　大交易時代と世界の一体化,西欧が商工業中心になる一方で、東欧は穀物供給地（農業特化）という役割を担わされました。
ポルトガルがマラッカを占領した後、ムスリム商人はマラッカ海峡を避けてスンダ海峡を通る新ルートを開拓した。,◯,第11章　大交易時代と世界の一体化,これにより、スンダ海峡の要衝にあるアチェ王国やバンテン王国が急速に発展しました。
スマトラ島のアチェ王国は、キリスト教を国教としてポルトガルと連携し、香辛料交易を独占した。,×,第11章　大交易時代と世界の一体化,間違った文章である。アチェ王国は「イスラーム国家」であり、オスマン帝国とも直接交易を行ってポルトガルに対抗しました。
ジャワ島西部のバンテン王国は、胡椒の生産とスンダ海峡の支配によって繁栄した。,◯,第11章　大交易時代と世界の一体化,交易路の変更に伴い、従来の拠点に代わってイスラーム港市国家が台頭しました。
16世紀後半に明の海禁が緩和されると、メキシコ銀や日本銀と引き換えに、中国の生糸や絹織物が海外へ運ばれた。,◯,第11章　大交易時代と世界の一体化,この「銀」の流れが、中国国内の経済のみならず、ヨーロッパや日本をも結びつけました。
ジャワ島中部のマタラム王国は、米の生産地とジャワ海の交易路を結びつけて繁栄した。,◯,第11章　大交易時代と世界の一体化,内陸の農業基盤と海上交易を統合する、有力なイスラーム国家となりました。
南ドイツの諸都市は、アメリカ銀の流入後も、銀山経営によって地中海貿易の主役であり続けた。,×,第11章　大交易時代と世界の一体化,間違った文章である。大西洋貿易の台頭（商業革命）により、南ドイツの諸都市は衰退に向かいました。
アチェ王国は、17世紀前半に最盛期を迎え、東南アジアにおけるイスラームの中心地の一つとなった。,◯,第11章　大交易時代と世界の一体化,宗教・文化・経済の拠点として、のちにオランダが侵攻するまで独立と繁栄を維持しました。
14世紀に成立したアユタヤ王国は、中国や琉球と交易して発展し、のちに日本や欧州諸国とも通商した。,◯,第11章　大交易時代と世界の一体化,アユタヤは米を供給する「商業国家」として繁栄し、アユタヤの日本町もこの流れで形成されました。
ビルマのタウングー（トゥングー）王国は、16世紀前半に全国統一を成し遂げ、アユタヤをも一時攻略した。,◯,第11章　大交易時代と世界の一体化,パガン崩壊後の分裂を収拾し、内陸とベンガル湾を結ぶ広大な交易網を支配しました。
ベトナムの黎朝は、イスラームを積極的に導入し、中国とは異なる独自の宗教国家を建設した。,×,第11章　大交易時代と世界の一体化,間違った文章である。黎朝は「儒教」を導入し、中国にならった官僚制的な中央集権国家を構築しました。
17世紀のベトナムでは、北部の鄭氏と中部の阮氏が対立したが、共にポルトガルや日本の朱印船と通商した。,◯,第11章　大交易時代と世界の一体化,政治的には分裂していましたが、経済的には両勢力とも国際交易に極めて積極的でした。
オランダ東インド会社は、政府から独占権を与えられた特権会社であり、独自の軍隊や貨幣制度を持っていた。,◯,第11章　大交易時代と世界の一体化,単なる商社ではなく、国家に代わって戦争や統治を行う「国家の中の国家」のような組織でした。
1623年のアンボイナ事件を機に、オランダは東南アジアからポルトガルの勢力を完全に駆逐した。,×,第11章　大交易時代と世界の一体化,間違った文章である。駆逐されたのは「イギリス」の勢力である。
オランダは、スリランカやマラッカをポルトガルから奪い、ジャワ島のバタヴィアを交易の根拠地とした。,◯,第11章　大交易時代と世界の一体化,ポルトガルの拠点網を次々と奪い、17世紀のアジア交易において圧倒的な地位を築きました。
オランダ東インド会社は、鎖国下の日本において、中国の生糸・絹と日本の銀・銅を交換して巨利を得た。,◯,第11章　大交易時代と世界の一体化,「銀」と「絹」の仲介貿易は、オランダにとってアジアにおける最重要の収益源の一つでした。
アンボイナ事件後、モルッカ諸島から撤退したイギリス東インド会社は、アフリカ大陸の経営に注力した。,×,第11章　大交易時代と世界の一体化,間違った文章である。イギリスは「インド」との交易に注力するようになりました。
オランダが開拓した新航路は、喜望峰からインド洋を直航し、マラッカ海峡を通過してバタヴィアにいたる。,×,第11章　大交易時代と世界の一体化,間違った文章である。オランダの新航路は、マラッカを避けて「スンダ海峡」を通過するルートです。
17世紀、強力な武装商業勢力であった鄭成功は、1661年にスペインから台湾を奪い、抵抗の拠点とした。,×,第11章　大交易時代と世界の一体化,間違った文章である。鄭成功が台湾から追い出したのは「オランダ」である。
清の康熙帝は、鄭氏の勢力を封じ込めるため、住民の沿岸居住を禁じる「遷界令」を公布した。,◯,第11章　大交易時代と世界の一体化,これにより民間貿易が厳しく制限され、鄭氏の経済的基盤を叩こうとしました。
17世紀末には、銀の価格革命の収束や胡椒価格の下落により、3世紀に及んだ大交易時代は終わりを迎えた。,◯,第11章　大交易時代と世界の一体化,資源価格の暴落や各国の統制強化により、自由な大交易の時代から管理された貿易の時代へと移行しました。
アメリカ大陸で鋳造されたペソ銀貨（スペインドル）は、太平洋と大西洋の両ルートでアジアへ運ばれた。,◯,第11章　大交易時代と世界の一体化,この銀貨が、当時の国際的な基軸通貨として世界経済を一つに繋ぎました。
ドル（Dollar）という名称は、16世紀のイタリア銀貨「ターレル」の訛りに由来する。,×,第11章　大交易時代と世界の一体化,間違った文章である。ターレルは「ドイツ」の銀貨である。
日本の通貨単位「円」や中国の「元」は、もともとは円形のスペインドル（銀円）に由来している。,◯,第11章　大交易時代と世界の一体化,形状が「円（まど）か」であったことから、東アジアの通貨名として定着しました。
明治政府が1871年に発行した「円」は、当時のイギリスドルと等価になるように設定された。,×,第11章　大交易時代と世界の一体化,間違った文章である。当時の基準は「メキシコドル」と等価に設定された。
19世紀、西欧諸国が金本位制へ移行する中でも、東アジアや東南アジアでは銀貨が基軸通貨であり続けた。,◯,第11章　大交易時代と世界の一体化,アジア交易のために、欧米各国はメキシコドルを模した「貿易銀」を競って発行しました。
アンボイナ事件において、オランダ東インド会社は競合するフランス人を虐殺し、香料諸島から追放した。,×,第11章　大交易時代と世界の一体化,間違った文章である。虐殺・追放されたのは「イギリス人」らである。
1930年代に中華民国が銀貨の流通を禁止したことで、長年東アジア経済を動かした銀の歴史的役割は終焉した。,◯,第11章　大交易時代と世界の一体化,世界的な金本位制への移行と銀価格の下落により、銀本位制は終焉を迎えました。
ティムールは、1402年のアンカラの戦いでオスマン帝国の軍を破り、スルタンを捕虜にした。,◯,第12章　ユーラシア諸帝国の繁栄,これによりオスマン帝国は一時的に解体の危機に陥り、ビザンツ帝国の寿命が少し延びました。
ティムール朝の第4代君主ウルグ・ベクは、サマルカンドに天文台を建設し、精緻な暦を作成した。,◯,第12章　ユーラシア諸帝国の繁栄,彼は君主であると同時に優れた科学者でもあり、中央アジアの学問的繁栄を象徴しています。
ティムール朝は、16世紀初めにキプチャク草原から南下したウズベク人によって滅ぼされた。,◯,第12章　ユーラシア諸帝国の繁栄,ウズベク人はその後、ブハラ・ヒヴァ・コーカンドの3ハン国を形成しました。
サファヴィー朝の初代イスマーイール1世は、イランの国教としてスンナ派を定めた。,×,第12章　ユーラシア諸帝国の繁栄,間違った文章である。国教とされたのは「シーア派（十二イマーム派）」である。これにより現代に至るイランの宗教的アイデンティティが形成されました。
1514年のチャルディラーンの戦いで、サファヴィー朝は火器を装備したオスマン軍に敗北した。,◯,第12章　ユーラシア諸帝国の繁栄,当時の軍事力における「火器」の重要性を決定づけた戦いの一つです。
サファヴィー朝のアッバース1世は、イスファハーンを都とし、最盛期を築いた。,◯,第12章　ユーラシア諸帝国の繁栄,彼は軍制改革を行い、ポルトガル人をホルムズ島から追放するなど、経済・軍事の両面で大成功を収めました。
イスファハーンは、その壮麗さから「世界の中心」と称賛され、多くのヨーロッパ商人が訪れた。,×,第12章　ユーラシア諸帝国の繁栄,間違った文章である。正しくは「世界の半分」と称賛された。
サファヴィー朝では、ティムール朝の流れを汲むミニアチュール（細密画）や建築文化が栄えた。,◯,第12章　ユーラシア諸帝国の繁栄,ペルシアの伝統的な芸術様式がさらに洗練され、高度な文化が開花しました。
ティムールは、モンゴル帝国の旧領を再統一するべく、最後にロシアへの遠征途中に病没した。,×,第12章　ユーラシア諸帝国の繁栄,間違った文章である。ティムールが最後に目指し、その途上で病没したのは「明（中国）」である。
中央アジアのカザフと呼ばれる遊牧民は、東方のジュンガルに圧迫され、のちにロシアに服属した。,◯,第12章　ユーラシア諸帝国の繁栄,18世紀以降、中央アジアの草原地帯は次第にロシアの勢力圏へと組み込まれていきます。
オスマン帝国は、1453年にメフメト2世がビザンツ帝国を滅ぼし、コンスタンティノープルを都とした。,◯,第12章　ユーラシア諸帝国の繁栄,千年続いたビザンツ帝国を陥落させ、名実ともに大帝国としての地位を確立しました。
セリム1世はマムルーク朝を滅ぼし、エジプトや聖地メッカ・メディナを支配下に収めた。,◯,第12章　ユーラシア諸帝国の繁栄,これによりスルタンがイスラーム界全体の指導者（カリフ）を兼ねる伝統の基礎が築かれました。
スレイマン1世は、1529年にハプスブルク家の本拠地であるパリを包囲し、ヨーロッパを震撼させた。,×,第12章　ユーラシア諸帝国の繁栄,間違った文章である。包囲したのは「ウィーン」である（第一次ウィーン包囲）。
プレヴェザの海戦において、オスマン海軍はスペインなどの連合艦隊を破り、地中海の制制権を握った。,◯,第12章　ユーラシア諸帝国の繁栄,スレイマン1世の時代、オスマン帝国は陸上だけでなく海上でも圧倒的な勢力を誇りました。
オスマン帝国はキリスト教徒の子弟を徴用し、イスラームに改宗させて常備歩兵軍団「イェニチェリ」を編成した。,◯,第12章　ユーラシア諸帝国の繁栄,この制度を「デヴシルメ」と呼び、君主に忠実な強力な軍事力を生み出しました。
帝国は非ムスリムを「ジンミー」として保護し、信仰や裁判などの自律的な自治（ミッレト）を認めた。,◯,第12章　ユーラシア諸帝国の繁栄,宗教的な多様性を許容するこの寛容な仕組みが、長期間の安定統治を支えました。
カピチュレーションとは、オスマン帝国が外国人商人に与えた通商特権であり、当初はフランスに与えられた。,◯,第12章　ユーラシア諸帝国の繁栄,安全保障や関税優遇を認めるもので、のちに列強が不平等条約の根拠として利用するようになります。
スレイマン1世が体系化した、統治組織や税制に関するスルタン独自の法をシャリーアと呼ぶ。,×,第12章　ユーラシア諸帝国の繁栄,間違った文章である。スルタンによる世俗の法は「カーヌーン」と呼ぶ。
建築家スィナンは、スレイマニエ・モスクなどの雄大壮麗な建造物を設計し、独自の建築様式を確立した。,◯,第12章　ユーラシア諸帝国の繁栄,彼はメフメト2世からスレイマン1世にかけて活躍し、イスタンブルの景観を形作りました。
ポルトガルが新航路を開拓したため、紅海・インド洋を経由する従来の貿易ルートは16世紀に完全に消滅した。,×,第12章　ユーラシア諸帝国の繁栄,間違った文章である。貿易ルートは衰退せず、コーヒーなどの新たな商品の登場により繁栄が続きました。
17世紀、イェニチェリ軍団は世襲化や経済活動への参加が進み、しばしば反乱をおこしてスルタンを廃位させるほどの政治勢力となった。,◯,第12章　ユーラシア諸帝国の繁栄,かつての最強の常備軍は特権団体へと変質し、国家の統制を乱す要因となりました。
オスマン帝国は、1683年の第2次ウィーン包囲に成功し、ハプスブルク家の本拠地を完全に占領した。,×,第12章　ユーラシア諸帝国の繁栄,間違った文章である。包囲は失敗に終わり、これを境に帝国は守勢に回ることになります。
1699年のカルロヴィッツ条約により、オスマン帝国はハンガリーなどの領土を失った。,◯,第12章　ユーラシア諸帝国の繁栄,ヨーロッパ諸国に対して初めて大規模な割譲を認めた、歴史的な転換点となった条約です。
財政難に直面した帝国は、従来のティマール制に代わり、国庫収入を確保するための徴税請負制を導入した。,◯,第12章　ユーラシア諸帝国の繁栄,騎士に徴税権を与える仕組みから、現金を納める請負人（アーヤーンら）へ権利が移っていきました。
18世紀に台頭した地方有力者はアーヤーンと呼ばれ、独自の兵力を持ち各地に割拠した。,◯,第12章　ユーラシア諸帝国の繁栄,中央政府の力が弱まる中で、彼らが実質的な地方支配を担うようになりました。
スレイマン1世の妃ヒュッレムは、奴隷出身でありながら正式な妃となり、政治的にも大きな影響力を行使した。,◯,第12章　ユーラシア諸帝国の繁栄,彼女の登場を契機に、宮廷内の後宮（ハレム）が政治の表舞台と密接に関わるようになりました。
オスマン帝国は、18世紀後半にイギリスとの戦争に敗れ、クリミア半島の支配権を失った。,×,第12章　ユーラシア諸帝国の繁栄,間違った文章である。クリミアを奪ったのは「ロシア（エカチェリーナ2世時代）」である。
18世紀のオスマン帝国では、フランスの文化や技術を学ぶためにパリへ使節が派遣された。,◯,第12章　ユーラシア諸帝国の繁栄,守勢に回ったことで、ヨーロッパの先進性を認め、外交や技術を学ぶ必要性が認識されました。
オスマン帝国のスルタンは、後宮の女奴隷との間に「一母一男子」をもうける慣行を厳格に守り続けた。,×,第12章　ユーラシア諸帝国の繁栄,間違った文章である。スレイマン1世は慣行を破り、ヒュッレムとの間に多くの子をもうけました。
17世紀後半には、権力の中心が宮廷の外部にある「大宰相府」へと移り、官僚機構が発達した。,◯,第12章　ユーラシア諸帝国の繁栄,スルタンの絶対的な権威が相対化され、実務を担う官僚組織の重要性が高まりました。
バーブルは、1526年のパーニーパットの戦いでローディー朝を破り、デリーを占領してムガル帝国を建てた。,◯,第12章　ユーラシア諸帝国の繁栄,ティムールの子孫であるバーブルにより、北インドに新たなイスラーム王朝が誕生しました。
第3代皇帝アクバルは、ヒンドゥー教徒に課せられていた人頭税（ジズヤ）を廃止し、融和政策を進めた。,◯,第12章　ユーラシア諸帝国の繁栄,多数派であるヒンドゥー教徒を統治に組み込むため、極めて寛容な政策をとりました。
ムガル帝国では、支配階層に官位を与え、その等級に応じて土地の徴税権を与える「マンサブダール制」的な統制が行われた。,◯,第12章　ユーラシア諸帝国の繁栄,官僚や軍人を階層化し、中央集権的な統治機構を確立しました。
ムガル帝国の公用語はアラビア語であり、サファヴィー朝から多くの人々が来住した。,×,第12章　ユーラシア諸帝国の繁栄,間違った文章である。公用語は「ペルシア語」である。
第5代皇帝シャー・ジャハーンが建設したタージ・マハルは、インド・イスラーム建築の最高傑作とされる。,◯,第12章　ユーラシア諸帝国の繁栄,亡き王妃のための墓廟であり、白大理石を用いた壮麗な建築で知られます。
インド綿布は、17世紀後半のヨーロッパで爆発的な人気を博し、イギリスの産業革命を誘発する一因となった。,◯,第12章　ユーラシア諸帝国の繁栄,インド綿布の品質と安さに勝つために、イギリス国内で機械化による生産が模索されました。
日本に伝わった模様染めの布「更紗（さらさ）」のルーツは、オランダなどが運んできたインド綿布（チンツ）にある。,◯,第12章　ユーラシア諸帝国の繁栄,江戸時代の日本でも、インド産の美しい染め物は高級品として珍重されました。
アクバルは、ヒンドゥー教徒のラージプート諸侯を徹底的に弾圧し、婚姻関係を結ぶことを固く禁じた。,×,第12章　ユーラシア諸帝国の繁栄,間違った文章である。アクバルはラージプート諸侯と「婚姻関係」を結び、統治に協力させました。
17世紀、インド綿布や藍（インディゴ）の輸出の代価として、日本やアメリカからの大量の銀がインドへ流入した。,◯,第12章　ユーラシア諸帝国の繁栄,この銀の流入により、インド国内でも貨幣経済が急速に浸透しました。
ムガル絵画は、イランから伝わったミニアチュール（細密画）とインドの伝統様式が融合して発展したものである。,◯,第12章　ユーラシア諸帝国の繁栄,ペルシア的な技法をベースに、インド的な色彩や主題が加わり、独自の発展を遂げました。
第6代皇帝アウラングゼーブは、デカン地方や南インドを平定し、帝国の領域を最大にした。,◯,第12章　ユーラシア諸帝国の繁栄,領域は最大となりましたが、長引く戦争は国家財政と支配層の疲弊を招きました。
アウラングゼーブは、アクバルが廃止したジズヤ（人頭税）を復活させ、ヒンドゥー教徒の反感を買った。,◯,第12章　ユーラシア諸帝国の繁栄,厳格なイスラーム政策への転換は、ヒンドゥー諸侯（ラージプートなど）との同盟関係を崩壊させました。
17世紀後半、ヒンドゥー教徒のシヴァージーは、デカン高原にマラーター王国を建てて帝国に対抗した。,◯,第12章　ユーラシア諸帝国の繁栄,マラーターはのちに「マラーター同盟」を形成し、18世紀のインドの主導権を握る勢力となります。
ナーナクが創始したシク教は、偶像崇拝やカースト制による差別を肯定する教えである。,×,第12章　ユーラシア諸帝国の繁栄,間違った文章である。シク教は「偶像崇拝やカースト差別を否定」する教えです。
1739年、イランのナーディル・シャーがデリーを一時占領したことで、ムガル帝国の権威は決定的に失墜した。,◯,第12章　ユーラシア諸帝国の繁栄,サファヴィー朝滅亡後のイランから侵入を受け、帝国の脆弱さが露呈しました。
18世紀後半の南インドでは、ムスリムの王のもとで勢力を広げたマイソール王国が台頭した。,◯,第12章　ユーラシア諸帝国の繁栄,のちにイギリスと激しい戦争（マイソール戦争）を繰り広げる有力な地方政権です。
18世紀に地方王国が分立した背景には、地域ごとの経済発展や言語などの共通性にもとづくまとまりがあった。,◯,第12章　ユーラシア諸帝国の繁栄,帝国は衰退しても、地方の商工業や交易は活発で、これが各王国の経済基盤となりました。
農村社会で台頭し、徴税権を持つ領主層として帝国支配を脅かしたのはマンサブダールである。,×,第12章　ユーラシア諸帝国の繁栄,間違った文章である。足元から帝国を脅かしたのは「ザミンダール」と呼ばれる領主層です。
ムガル帝国の支配は、19世紀初頭にはデリー周辺に限定されるほど弱体化した。,◯,第12章　ユーラシア諸帝国の繁栄,各地に有力な王国が分立したため、皇帝は名目的な存在になっていきました。
アウラングゼーブによる寺院破壊は、純粋に宗教的な動機のみで行われ、政治的な意図は全くなかった。,×,第12章　ユーラシア諸帝国の繁栄,間違った文章である。反抗勢力とつながる寺院が対象になるなど、政治的な目的も大きかったと考えられています。
ヌルハチは女真を統合して後金を建て、軍事・社会組織である八旗を基礎に国家体制を整えた。,◯,第12章　ユーラシア諸帝国の繁栄,八旗は満洲人の社会組織であり、強力な軍事力の源泉となりました。
ホンタイジは、国号を清と改め、モンゴルの大ハンの位と皇帝の称号を兼ね備えた。,◯,第12章　ユーラシア諸帝国の繁栄,これにより、清は満洲人の王朝であると同時に、モンゴル帝国の正統な後継者ともなりました。
清が北京に入城したのは、山海関を守る李自成が清軍を先導したからである。,×,第12章　ユーラシア諸帝国の繁栄,間違った文章である。清に通じたのは明の将軍「呉三桂」である。
康熙帝は、オランダから台湾を奪い反清の拠点としていた鄭成功の勢力を平定した。,◯,第12章　ユーラシア諸帝国の繁栄,1683年に鄭氏を降伏させ、台湾を初めて中国の版図（領土）に組み込みました。
清は鄭氏を封じ込めるために遷界令を出したが、台湾平定後は海禁を解いて民間貿易を認めた。,◯,第12章　ユーラシア諸帝国の繁栄,1684年に海関（税関）を設置し、朝貢以外の貿易も管理下で許可しました。
乾隆帝は、ジュンガルと回部（ウイグル）を平定し、この地域を藩部と名づけた。,×,第12章　ユーラシア諸帝国の繁栄,間違った文章である。この新領土は「新疆（しんきょう）」と名づけられた。
清の最大版図において、モンゴルやチベットなどは藩部と呼ばれ、理藩院が管理した。,◯,第12章　ユーラシア諸帝国の繁栄,藩部では現地の習慣や宗教を尊重する「間接統治」が行われました。
チベット仏教の教主ダライ・ラマの権威は、モンゴルや満洲の諸勢力からも重んじられた。,◯,第12章　ユーラシア諸帝国の繁栄,清はチベット仏教の保護者となることで、モンゴル諸部を精神的に統制しようとしました。
清は中国本土の統治において、明以来の制度や慣習を否定し、満洲風の制度にすべて作り替えた。,×,第12章　ユーラシア諸帝国の繁栄,間違った文章である。科挙などの「従来の制度や慣習を認める」現実的な統治を行いました。
雍正帝の時代、清は内陸アジアの支配を固め、軍機処を設けるなど独裁的権力を強化した。,◯,第12章　ユーラシア諸帝国の繁栄,康熙・雍正・乾隆の3代で清は全盛期を迎え、広大な多民族帝国を築きました。
清は、中央官庁の主要ポストに満洲人と漢人を同数配置する満漢併用制を採用した。,◯,第12章　ユーラシア諸帝国の繁栄,漢人エリートを体制に取り込むことで、安定した統治を図りました。
雍正帝が設けた軍機処は、当初は軍事上の必要から作られたが、のちに政治の最高決定機関となった。,◯,第12章　ユーラシア諸帝国の繁栄,皇帝直属の機関として、内閣を上回る権限を持つようになりました。
清は漢人に対し、服従の証として満洲人の髪型である辮髪（べんぱつ）を強制した。,◯,第12章　ユーラシア諸帝国の繁栄,伝統的な漢人の風習を否定し、視覚的に支配を徹底させました。
1689年にロシアと結んだネルチンスク条約は、中国がヨーロッパ諸国と対等に結んだ最初の国境条約である。,◯,第12章　ユーラシア諸帝国の繁栄,康熙帝の時代、南下するロシアとの境界を定め、対等な立場で締結されました。
典礼問題とは、儒教の儀礼（祖先崇拝など）をキリスト教の教義と両立させるかどうかを巡る論争である。,◯,第12章　ユーラシア諸帝国の繁栄,これを否定した教皇に対し、康熙帝・雍正帝は布教禁止という厳しい態度で応じました。
アダム・シャール（湯若望）は、西洋の暦学をもとにした時憲暦を清に献上した。,◯,第12章　ユーラシア諸帝国の繁栄,彼は天文台の長官に任じられるなど、清朝の科学技術顧問として重用されました。
カスティリオーネ（郎世寧）は、西洋の遠近法や明暗法を伝え、北京郊外の円明園の設計にも関わった。,◯,第12章　ユーラシア諸帝国の繁栄,彼は宮廷画家として活躍し、西洋と東洋の様式を融合させた芸術を確立しました。
朝鮮の両班層は、清に服属した後も清を正統な中華とし、自らの文化を卑下するようになった。,×,第12章　ユーラシア諸帝国の繁栄,間違った文章である。むしろ清を「夷」とみなし、朝鮮こそが中華の継承者であるとする「小中華意識」を持ちました。
18世紀のヨーロッパでは、中国の文化や芸術を愛好するシノワズリ（中国趣味）が流行した。,◯,第12章　ユーラシア諸帝国の繁栄,陶磁器や漆器、庭園様式などが貴族の間で大流行しました。
康熙帝はブーヴェ（白進）らの協力を得て、中国全土の実測図である『坤輿万国全図』を作製した。,×,第12章　ユーラシア諸帝国の繁栄,間違った文章である。康熙帝が作製させたのは『皇輿全覧図』。坤輿万国全図は明代のマテオ・リッチによるものです。
アンボイナ事件を機に、イギリスは東南アジアから撤退し、インドへの進出に注力するようになった。,◯,第12章　ユーラシア諸帝国の繁栄,オランダが香料諸島の支配を固め、イギリスはインド綿布の貿易へシフトしました。
アユタヤ王国（タイ）は、17世紀に日本や欧州と通商し、米を各地の港市に供給して繁栄した。,◯,第12章　ユーラシア諸帝国の繁栄,大河を利用して内陸の物産を集め、国際的な商業国家として機能しました。
サファヴィー朝のイスマーイール1世は、イスラームのスンナ派を国教としてイランを統一した。,×,第12章　ユーラシア諸帝国の繁栄,間違った文章である。国教とされたのは「シーア派（十二イマーム派）」である。
オスマン帝国のスレイマン1世は、プレヴェザの海戦で勝利し、地中海の制海権を握った。,◯,第12章　ユーラシア諸帝国の繁栄,陸ではウィーン包囲、海では地中海支配と、帝国の全盛期を築きました。
ムガル帝国のアクバルは、多数派のヒンドゥー教徒を懐柔するため、人頭税（ジズヤ）を復活させた。,×,第12章　ユーラシア諸帝国の繁栄,間違った文章である。アクバルはジズヤを「廃止」した。復活させたのはアウラングゼーブである。
インド原産の綿布は、17世紀後半の欧州で流行し、のちにイギリス産業革命の一因となった。,◯,第12章　ユーラシア諸帝国の繁栄,安価で高品質なインド綿布に対抗するため、イギリスで機械化が模索されました。
清の康熙帝は、ロシアとネルチンスク条約を結び、外興安嶺（スタノヴォイ山脈）を国境とした。,◯,第12章　ユーラシア諸帝国の繁栄,中国が欧州国家と対等に結んだ最初の国境条約として重要です。
清が導入した地丁銀により、人頭税（丁銀）が土地税（地銀）に一本化され、人口増を加速させた。,◯,第12章　ユーラシア諸帝国の繁栄,税負担の明確化と社会の安定により、中国の人口は3億人規模へと急増しました。
清の乾隆帝は、貿易窓口を広州一港に限定し、公行（十三行）に貿易を独占させた。,◯,第12章　ユーラシア諸帝国の繁栄,1757年からアヘン戦争直前まで続く「広州貿易体制」の確立です。
典礼問題の結果、雍正帝は宣教師が持つ科学技術には関心を示さず、一切の西洋人を追放した。,×,第12章　ユーラシア諸帝国の繁栄,間違った文章である。布教は禁止したが、技術を持つ宣教師は宮廷に留めおかれた。
イタリア戦争は、もともと教皇とハプスブルク家がオスマン帝国を打倒するために協力して開始した戦争である。,×,第13章　世界国家体制の形成,間違った文章である。発端はフランスのイタリア侵入であり、ハプスブルク家とヴァロワ家の覇権争いである。
16世紀に成立した「主権国家」は、ローマ教皇の権威を絶対的なものとして、その指導下で平和を維持する体制であった。,×,第13章　世界国家体制の形成,間違った文章である。主権国家は教皇などの超国家的権威から独立し、自国の利益を最優先する体制である。
カール5世（カルロス1世）は、ハプスブルク家としてスペインと神聖ローマ帝国の両方の君主を兼ね、広大な領土を支配した。,◯,第13章　世界国家体制の形成,これによりフランスが挟み撃ちの形となり、ヨーロッパの勢力均衡が大きく揺らぎました。
ルターは、サン・ピエトロ大聖堂の改修を支持するために、進んで「95か条の論題」を掲げて募金を呼びかけた。,×,第13章　世界国家体制の形成,間違った文章である。ルターは改修費のための「贖宥状（免罪符）」販売を厳しく批判した。
ルターが聖書をドイツ語に翻訳したことで、それまで聖職者に独占されていた聖書が広く一般の人々に普及した。,◯,第13章　世界国家体制の形成,「聖書に書かれたことのみが根拠である」という考えが、人々に共有されるようになりました。
ドイツ農民戦争において、ルターは一貫して農民側に立ち、領主や諸侯による軍事鎮圧を非難し続けた。,×,第13章　世界国家体制の形成,間違った文章である。ルターは途中から農民軍の過激化を嫌い、諸侯による鎮圧を支持する立場に転じた。
カトー・カンブレジ条約によって、イタリアにおけるフランスの優位が確立し、ハプスブルク家はイタリアから完全に撤退した。,×,第13章　世界国家体制の形成,間違った文章である。この条約でフランスはイタリア支配を断念し、スペイン（ハプスブルク家）の優位が決まった。
ルターは、人は内面的な信仰によってのみ救われると考え、教会の儀式や善行を救いの絶対条件とは認めなかった。,◯,第13章　世界国家体制の形成,これを「信仰義認説」と呼び、カトリックの考え方と真っ向から対立しました。
ヴォルムス帝国議会において、ルターは自説の誤りを認め、皇帝カール5世と和解したため、破門を解かれた。,×,第13章　世界国家体制の形成,間違った文章である。ルターは自説の撤回を拒否したため、皇帝から法的保護を奪われ、追放刑に処された。
宗教改革の進展に伴い、ドイツでは諸侯が自領内の教会の首長となる「領邦教会制」が広まっていった。,◯,第13章　世界国家体制の形成,これにより、世俗の君主が宗教的な権限も握るようになり、主権国家の形成が進みました。
アウクスブルクの宗教和議（1555年）では、諸侯だけでなく、個人の信仰の自由も完全に認められた。,×,第13章　世界国家体制の形成,間違った文章である。信仰の選択権は「諸侯（領主）」にのみ認められ、個人には認められなかった。
アウクスブルクの和議では、ルター派とともにカルヴァン派も正式に公認された。,×,第13章　世界国家体制の形成,間違った文章である。この時点で公認されたのは「ルター派」のみで、カルヴァン派は除外されていた。
カルヴァンは、魂が救われるかどうかはあらかじめ神によって決まっているという予定説を唱えた。,◯,第13章　世界国家体制の形成,このストイックな教えが、禁欲的に働く商工業者の価値観と合致し、広く普及しました。
カルヴァン派の信徒は、フランスではゴイセン、オランダではユグノーと呼ばれた。,×,第13章　世界国家体制の形成,間違った文章である。フランスでは「ユグノー」、オランダでは「ゴイセン」である。
ヘンリ8世は、国王至上法（首長法）を定め、国王をイギリス国教会の最高の長として教皇と絶縁した。,◯,第13章　世界国家体制の形成,離婚問題をきっかけに、政治・経済的な自立を目指して宗教改革を断行しました。
ヘンリ8世が解散させた修道院の土地は、ジェントリ（地主階級）に払い下げられ、彼らの勢力基盤となった。,◯,第13章　世界国家体制の形成,これにより、王権を支える新しい社会階層が強化されました。
エリザベス1世は、カトリックを復活させてプロテスタントを厳しく弾圧したため「血のメアリ」と呼ばれた。,×,第13章　世界国家体制の形成,間違った文章である。それは「メアリ1世」の説明である。エリザベス1世は「統一法」で国教会を確立した。
イギリスの第1次囲いこみは、主に穀物生産を増やすために耕作地を柵で囲った現象である。,×,第13章　世界国家体制の形成,間違った文章である。穀物ではなく、毛織物産業のための「羊の放牧（牧羊）」が目的であった。
エリザベス1世は、スペインの無敵艦隊（アルマダ）を破り、イギリスの海上覇権への道を開いた。,◯,第13章　世界国家体制の形成,私掠船（海賊）の活用やオランダ独立支援を通じて、当時の強国スペインに挑みました。
イギリス国教会は、教義はプロテスタント寄りだが、組織面ではカトリック的な司教制を維持している。,◯,第13章　世界国家体制の形成,徹底的な改革というよりは、政治的な安定を求めた「中道的」な性格を持っています。
トレント公会議では、プロテスタントとの妥協が成立し、教皇の至上権は廃止された。,×,第13章　世界国家体制の形成,間違った文章である。教皇の至上権とカトリックの教義が再確認され、対立は決定的となりました。
イエズス会は、厳格な規律のもと、アメリカ大陸やアジアへの積極的な布教活動を展開した。,◯,第13章　世界国家体制の形成,ザビエルやマテオ・リッチなど、欧州外での布教によりカトリックの勢力回復を狙いました。
16世紀以降、機械時計が普及したことで、人々は自然のリズムではなく、「均質な時間」という感覚を持つようになった。,◯,第13章　世界国家体制の形成,これはのちに、自然を法則で説明する科学的な考え方や「進歩」という観念に繋がりました。
スペイン王フェリペ2世は、ポルトガル王位も継承し、世界各地に領土を持つ「太陽の沈まぬ国」を築いた。,◯,第13章　世界国家体制の形成,1580年のポルトガル併合により、アジアの香料貿易ルートも手中に収め、覇権を極めました。
フェリペ2世は、1571年のレパント沖の海戦でイギリス海軍に敗れ、地中海の制海権を失った。,×,第13章　世界国家体制の形成,間違った文章である。レパント沖で破ったのは「オスマン帝国」であり、スペインの威信を高めました。
スペインの無敵艦隊（アルマダ）は、1588年にイギリスに敗北し、スペインの国力衰退の一因となった。,◯,第13章　世界国家体制の形成,莫大な戦費と宮廷費用に加え、この敗北がスペインの黄金時代に陰りを落としました。
ジェントリは、宗教改革で没収された修道院の土地を手に入れ、イギリスの新しい支配階級となった。,◯,第13章　世界国家体制の形成,彼らは地方行政（治安判事）を無給で担うなど、イギリス主権国家の土台を支えました。
対抗宗教改革の一環として、カトリック教会は異端に対する宗教裁判を緩和し、禁書目録を廃止した。,×,第13章　世界国家体制の形成,間違った文章である。宗教裁判は強化され、禁書目録が作成されるなど、思想統制が厳格化されました。
フェリペ2世の時代、アメリカ大陸からもたらされた富は、産業の育成に使われ、スペインの経済的自立を助けた。,×,第13章　世界国家体制の形成,間違った文章である。富は「相次ぐ戦争」や「宮廷の建設費用」に浪費され、国力衰退を招きました。
機械時計の普及により、神が支配する「教会の時間」に対して、商人が重視する「都市の時間」が主張されるようになった。,◯,第13章　世界国家体制の形成,「時は金なり」という感覚は、近代的な市民社会や経済活動の発展と深く結びついています。
オランダ独立戦争の背景には、スペイン王フェリペ2世によるカトリックの強制と、都市への重税があった。,◯,第13章　世界国家体制の形成,信仰の自由と自治権を守るための戦いが、独立国家の誕生へとつながりました。
独立戦争の過程で、カトリック勢力の強い南部10州がユトレヒト同盟を結成し、独立を宣言した。,×,第13章　世界国家体制の形成,間違った文章である。ユトレヒト同盟を結んで戦い続けたのは「北部7州」である。
1581年に独立を宣言したオランダは、オラニエ公ウィレムを統領とするネーデルラント連邦共和国を成立させた。,◯,第13章　世界国家体制の形成,1609年の休戦により、事実上の独立を勝ち取りました。
オランダの繁栄により、国際商業・金融の中心地はアントウェルペンからアムステルダムへと移った。,◯,第13章　世界国家体制の形成,南部から移住してきた優秀な商工業者の力もあり、アムステルダムは「世界の倉庫」と呼ばれました。
オランダはアジア進出において、海洋の自由を唱え、オランダ東インド会社を通じて世界的な貿易網を築いた。,◯,第13章　世界国家体制の形成,日本、東南アジア、アメリカ大陸、ブラジルなど、地球規模で商業活動を展開しました。
江戸時代の日本において、オランダは鎖国下の日本と交流を許された唯一のヨーロッパ国家であった。,◯,第13章　世界国家体制の形成,長崎の出島を通じて貿易を行い、西洋の学問（蘭学）が日本へ伝わる窓口となりました。
オランダは、日本の有田焼をヨーロッパへ輸出し、その影響でオランダ国内でもデルフト焼などが生産された。,◯,第13章　世界国家体制の形成,日本の陶磁器はヨーロッパ市場で高く評価され、現地の文化にも大きな影響を与えました。
オランダの独立戦争を支援したのは、スペインと敵対していたフランスのみであった。,×,第13章　世界国家体制の形成,間違った文章である。主に「イギリス」がオランダの独立運動を援助しました。
オランダはバルト海交易や造船技術で栄えたが、大西洋奴隷貿易には一切関わらなかった。,×,第13章　世界国家体制の形成,間違った文章である。オランダは大西洋奴隷貿易にも加わり、ブラジルでのプランテーション経営も行っていました。
オランダが日本から入手した主な対価は、中国産生糸の購入などに充てられた金・銀・銅であった。,◯,第13章　世界国家体制の形成,日本の豊富な貴金属は、オランダのアジア貿易を支える重要な原資となりました。
ステュアート朝のジェームズ1世は、王権神授説を唱えて議会を軽視し、ピューリタンを圧迫した。,◯,第13章　世界国家体制の形成,王の権力は神から授かったものという主張は、伝統を重んじる議会と激しく対立しました。
チャールズ1世に対して議会が提出した権利請願（1628年）は、議会の同意なき課税を禁じるものであった。,◯,第13章　世界国家体制の形成,王はこの請願を一旦は認めたものの、直後に議会を解散して専制政治を続けました。
内乱が始まると、議会派は徹底抗戦を主張する長老派と、和平を唱える独立派に分かれた。,×,第13章　世界国家体制の形成,間違った文章である。徹底抗戦を主張したのは「独立派」、早期和平を唱えたのは「長老派」である。
独立派の指導者クロムウェルは、鉄騎隊を率いて王党派を破り、1649年にチャールズ1世を処刑した。,◯,第13章　世界国家体制の形成,これによりイギリス史上唯一の共和政が樹立されました。
クロムウェルは、共和政樹立後に協力関係にあった水平派を重用し、民主的な政治を推し進めた。,×,第13章　世界国家体制の形成,間違った文章である。クロムウェルは急進的な「水平派」を徹底的に弾圧しました。
クロムウェルが定めた航海法（1651年）は、オランダの中継貿易に打撃を与えることを目的としていた。,◯,第13章　世界国家体制の形成,これが原因で第1次イギリス＝オランダ戦争が勃発しました。
クロムウェルによるアイルランド・スコットランド征服により、アイルランドのカトリック住民は不在地主の支配に苦しむことになった。,◯,第13章　世界国家体制の形成,この時の征服と土地没収が、現代まで続くアイルランド問題の火種となりました。
1653年に護国卿となったクロムウェルは、議会を尊重し、国民の自由を最大限に認めた。,×,第13章　世界国家体制の形成,間違った文章である。クロムウェルは軍事独裁を強め、厳格なピューリタニズムを強制しました。
1660年の王政復古で即位したチャールズ2世は、共和政時代の重商主義政策をすべて廃止した。,×,第13章　世界国家体制の形成,間違った文章である。王政復古後も「重商主義政策は継承」され、対オランダの対立も続きました。
「イギリス」という呼称はイングランドに由来するが、実際には複数の国（イングランド、スコットランド等）が連合した国家である。,◯,第13章　世界国家体制の形成,歴史的に周辺地域を併合・征服してきた経緯から、現在も各地域には強い独立意識が残っています。
チャールズ2世のカトリック支持に対し、議会は審査法を定めて非国教徒が公職につくことを禁じた。,◯,第13章　世界国家体制の形成,これによりカトリック教徒やピューリタンが公職から排除されました。
議会で生まれたトーリー党はのちの自由党の、ホイッグ党は保守党の源流となった。,×,第13章　世界国家体制の形成,間違った文章である。トーリー党が「保守党」、ホイッグ党が「自由党（現在は自由民主党）」の源流です。
1688年の名誉革命は、大きな流血を伴わずに王位が交代したため、そのように呼ばれる。,◯,第13章　世界国家体制の形成,ジェームズ2世が亡命し、ウィリアム3世とメアリ2世が即位しました。
ウィリアム3世とメアリ2世は、議会が提出した「権利の勧告」を承認して王位についた。,×,第13章　世界国家体制の形成,間違った文章である。議会が提出したのは「権利の宣言」であり、それを法文化したのが「権利章典」です。
権利章典（1689年）により、議会の承認なき法律の停止や課税が違法であることが確認された。,◯,第13章　世界国家体制の形成,これにより「法の支配」が確立し、イギリスの立憲王政の基礎が固まりました。
1707年、アン女王の時代にイングランドとスコットランドが合併し、グレートブリテン王国が成立した。,◯,第13章　世界国家体制の形成,これにより同君連合から一つの王国へと統合されました。
ステュアート朝が断絶したあと、フランスからルイ14世を王として迎え、ハノーヴァー朝が始まった。,×,第13章　世界国家体制の形成,間違った文章である。迎えられたのはドイツの「ハノーヴァー選帝侯（ジョージ1世）」です。
1721年に最初の首相となったウォルポールのもとで、責任内閣制の基礎が築かれた。,◯,第13章　世界国家体制の形成,内閣が国王ではなく議会に対して責任を負う仕組みが成立しました。
「王は君臨すれども統治せず」とは、国王が全ての政治決定権を握る絶対王政を肯定する言葉である。,×,第13章　世界国家体制の形成,間違った文章である。国王は国家の象徴であるが、実際の政治は議会と内閣が行うという立憲君主制の原則です。
権利章典では、国会議員の選挙の自由や、国会内での言論の自由が保障された。,◯,第13章　世界国家体制の形成,史料にある通り、議会が独立して活動するための権利が明文化されました。
アンリ4世はナントの王令を発して、ユグノーに信仰の自由を認め、宗教内乱を終結させた。,◯,第13章　世界国家体制の形成,これによりブルボン朝の基礎が固まり、フランスは主権国家としての安定を迎えました。
ルイ14世は、宰相リシュリューの死後、自ら親政を開始し「太陽王」と呼ばれた。,×,第13章　世界国家体制の形成,間違った文章である。ルイ14世が親政を開始したのは宰相「マザラン」の死後である。
三十年戦争は、ベーメン（ボヘミア）のプロテスタントがハプスブルク家に反抗したことから始まった。,◯,第13章　世界国家体制の形成,当初は宗教対立でしたが、次第にヨーロッパの覇権を争う国際戦争へと拡大しました。
三十年戦争において、フランスはカトリック国であるため、一貫してハプスブルク家を支援した。,×,第13章　世界国家体制の形成,間違った文章である。フランスは自国の利益（覇権奪取）のため、新教側についてハプスブルク家と戦った。
1648年のウェストファリア条約により、スイスとオランダの独立が国際的に承認された。,◯,第13章　世界国家体制の形成,また、カルヴァン派が初めて公認され、ドイツ（神聖ローマ帝国）は事実上解体されました。
ルイ14世は財務長官コルベールを登用し、重商主義政策を推進して経済の強化をはかった。,◯,第13章　世界国家体制の形成,国内産業を保護し、輸出を増やすことで戦争や宮廷の莫大な費用を支えようとしました。
フロンドの乱は、ルイ14世の親政末期に、重税に苦しんだ民衆が起こしたフランス革命の先駆けである。,×,第13章　世界国家体制の形成,間違った文章である。フロンドの乱は、ルイ14世の幼少期に起きた、王権強化に反対する貴族や法院による反乱である。
ルイ14世がナントの王令を廃止したため、優秀なユグノーの商工業者が国外へ流出し、フランス経済は打撃を受けた。,◯,第13章　世界国家体制の形成,信仰の統一を優先した結果、イギリスやオランダといったライバル国に人材を奪われることになりました。
スペイン継承戦争の結果結ばれたユトレヒト条約で、フランス王家（ブルボン家）がスペイン王位を継承することが認められた。,◯,第13章　世界国家体制の形成,ただし、フランスとスペインの合邦（一つになること）は永久に禁じられました。
三十年戦争後のヨーロッパでは、国家主権の不可侵性が確認され、主権国家体制が確立した。,◯,第13章　世界国家体制の形成,宗教よりも「国家」が外交の主体となる、現代につながる国際秩序の原型ができました。
17世紀のヨーロッパでは、気候の温暖化により農業生産が飛躍的に向上し、人口が急増した。,×,第13章　世界国家体制の形成,間違った文章である。実際には気候が寒冷化し、疫病や凶作が相次いで人口が停滞しました。
17世紀半ばに各地で反乱や一揆が多発した一因には、三十年戦争などの戦乱に伴う重税があった。,◯,第13章　世界国家体制の形成,戦費調達のための増税が、生活苦にあえぐ民衆の怒りに火をつけました。
イギリスでは「17世紀の危機」に対し、絶対王政を強化することで資本主義の発展を抑え込もうとした。,×,第13章　世界国家体制の形成,間違った文章である。イギリスでは革命によって絶対王政が打倒され、資本主義の発展に有利な体制が築かれました。
フランスでは領主勢力を抑える必要から、危機への対応として絶対王政のさらなる強化が図られた。,◯,第13章　世界国家体制の形成,リシュリューやルイ14世のもとで、中央集権化と王権の絶対化が進められました。
重商主義とは、国家が経済活動に介入し、自国の商業や産業を保護・育成する政策である。,◯,第13章　世界国家体制の形成,貿易黒字を増やし、国力を蓄えることでオランダの商業覇権に対抗しようとしました。
イギリスの航海法は、自国の輸入品運搬をイギリス船か産出国の船に限定し、オランダの中継貿易に打撃を与えた。,◯,第13章　世界国家体制の形成,代表的な重商主義政策であり、英蘭戦争の直接的な原因となりました。
名誉革命後のイギリスでは、イングランド銀行の設立などの財政革命により、軍事費の調達能力が向上した。,◯,第13章　世界国家体制の形成,国家の信用に基づく公債制度などが整い、対外戦争を有利に進める背景となりました。
スペイン継承戦争のユトレヒト条約で、イギリスはジブラルタルやミノルカ島、貿易特権（アシエント）を獲得した。,◯,第13章　世界国家体制の形成,これによりイギリスは地中海と大西洋での商業的優位を決定的なものにしました。
フランスの最高司法機関である高等法院は、常に国王の絶対権力を支持し、王令の執行を助けた。,×,第13章　世界国家体制の形成,間違った文章である。高等法院は「王令審査権」を盾に王権の強化にしばしば抵抗しました（フロンドの乱など）。
ウェストファリア条約により、ドイツ諸侯の独立性が強まったため、神聖ローマ帝国は事実上解体（有名無実化）した。,◯,第13章　世界国家体制の形成,「帝国の死体公示状」とも呼ばれ、主権国家体制の確立を象徴する出来事となりました。
重商主義とは、貿易によって金や銀の貨幣を獲得し、国を富ませようとする思想・政策である。,◯,第13章　世界国家体制の形成,国家が積極的に経済に介入し、輸出を増やして輸入を制限する保護貿易が主流となりました。
フランスのコルベールは、王立マニュファクチュア（工場）を育成し、高級品の輸出を奨励した。,◯,第13章　世界国家体制の形成,典型的な重商主義政策であり、フランスの国内産業の基盤を作りました。
17世紀、砂糖の生産中心地はブラジルから、英仏が領有した西インド諸島へと移った。,◯,第13章　世界国家体制の形成,サトウキビ栽培は過酷な労働を要したため、アフリカから大量の黒人奴隷が送り込まれました。
大西洋三角貿易では、西アフリカからアメリカ大陸へ、銃器や綿製品が運ばれた。,×,第13章　世界国家体制の形成,間違った文章である。西アフリカからアメリカへ運ばれたのは「黒人奴隷」である。
ヨーロッパのコーヒーハウスは、単なる喫茶店ではなく、文学・政治・経済の情報交換の場として機能した。,◯,第13章　世界国家体制の形成,ロンドンのコーヒーハウスからは、世界最大の保険市場ロイズなどが誕生しました。
イギリスは、インド産綿布の輸入に対抗し、自国で綿織物を生産しようとしたことが産業革命の一因となった。,◯,第13章　世界国家体制の形成,軽くて丈夫な綿布（キャラコ）への爆発的な需要が、機械化の動機となりました。
大西洋三角貿易によって蓄積された資本は、のちのイギリス産業革命を推進する原資の一つとなった。,◯,第13章　世界国家体制の形成,リヴァプールやブリストルといった港町が、奴隷貿易と砂糖貿易で巨大な富を蓄えました。
プランテーション経営は、特定の作物のみを栽培するモノカルチャー化や、環境破壊をもたらした。,◯,第13章　世界国家体制の形成,経済構造が単一の作物に依存するようになり、現地の自給自足体制が崩壊しました。
イギリスで紅茶が庶民に普及したのは、砂糖が安価に大量供給されるようになったことも要因である。,◯,第13章　世界国家体制の形成,砂糖入り紅茶は、過酷な労働に従事する庶民にとって重要なエネルギー源でもありました。
航海法は、オランダの中継貿易を保護し、ヨーロッパ全体の貿易を活性化させるために制定された。,×,第13章　世界国家体制の形成,間違った文章である。航海法は「オランダの商業覇権に打撃を与えるため」にイギリスが制定した。
奴隷貿易によって連れ去られた一千万人以上の人々は、主にアフリカの北部に集中していた。,×,第13章　世界国家体制の形成,間違った文章である。被害を受けたのは主に「西アフリカと中央アフリカ」の人々です。
奴隷貿易の結果、アフリカでは働き手が失われ、伝統的な交易路であるサハラの都市なども衰退した。,◯,第13章　世界国家体制の形成,地域によっては人口増加が止まり、ヨーロッパ製の武器が持ち込まれたことで戦争が激化しました。
17世紀後半、オランダの商業覇権が揺らいだ理由の一つに、胡椒価格の暴落がある。,◯,第13章　世界国家体制の形成,中継貿易に依存していたオランダは、商品の価格変動や英仏の重商主義政策によって打撃を受けました。
インド綿布は、ヨーロッパで高く評価されただけでなく、奴隷貿易の代価としても用いられた。,◯,第13章　世界国家体制の形成,インド綿布は、当時の世界で最も重要な「国際通貨」のような役割を果たしていました。
18世紀、オランダは中継貿易から植民地経営へと路線を転換し、ジャワ島全土を支配下におさめた。,◯,第13章　世界国家体制の形成,オランダ領東インドとして、コーヒーやサトウキビのプランテーションを経営するようになりました。
イギリスが北米で奪い取ったニューアムステルダムは、のちにフィラデルフィアと改称された。,×,第13章　世界国家体制の形成,間違った文章である。ニューアムステルダムは現在の「ニューヨーク」である。
1620年に北米へ渡ったピューリタンの一団（ピルグリム・ファーザーズ）は、ニューイングランドの基礎を築いた。,◯,第13章　世界国家体制の形成,信仰の自由を求めて渡った彼らは、北米におけるイギリス植民地拡大の先駆けとなりました。
フランスのルイジアナ植民地は、ミシシッピ川流域に進出した際、国王ルイ14世の名にちなんで命名された。,◯,第13章　世界国家体制の形成,フランスはカナダのケベックから五大湖、ミシシッピ川へと広大な領土を主張しました。
18世紀半ばまでに北アメリカの東海岸に成立したイギリス植民地は、全部で20あった。,×,第13章　世界国家体制の形成,間違った文章である。成立したのは「13植民地」である。
北米のイギリス植民地では、北部で商業や海運、南部でプランテーション経営が発展し、地域差が生まれた。,◯,第13章　世界国家体制の形成,北部は商工業中心、南部は奴隷労働による農業中心という構造が、のちの南北戦争の遠因にもなります。
イギリスが戦費調達で有利に立った背景には、17世紀末のイングランド銀行設立などの財政革命があった。,◯,第13章　世界国家体制の形成,安定した国債市場により、膨大な軍事費を低利で調達できる仕組みが勝利の鍵となりました。
1713年のユトレヒト条約で、イギリスはフランスからカナダ全土を獲得した。,×,第13章　世界国家体制の形成,間違った文章である。この時獲得したのはハドソン湾地方やニューファンドランド等であり、カナダ全土は「パリ条約（1763年）」です。
インドでは、フランス総督のデュプレクスが一時勢力を伸ばしたが、イギリスのクライヴに敗れた。,◯,第13章　世界国家体制の形成,フランスの攻勢をイギリス東インド会社が押し返し、インドの主導権を奪いました。
1757年のプラッシーの戦いにより、イギリスはベンガル地方の支配権を固め、インド制圧の足がかりを築いた。,◯,第13章　世界国家体制の形成,フランスと現地太守の連合軍を破り、実質的なインド支配が始まりました。
1763年のパリ条約により、フランスはミシシッピ川以東のルイジアナをスペインに譲渡した。,×,第13章　世界国家体制の形成,間違った文章である。ミシシッピ川以「東」はイギリスに、以「西」をスペインに譲渡しました。
七年戦争と並行して北アメリカで行われた英仏の戦いは、イギリス側で「フレンチ・インディアン戦争」と呼ばれる。,◯,第13章　世界国家体制の形成,各地の戦争は連動しており、最終的にイギリスが北米からフランスをほぼ一掃しました。
植民地戦争で勝利したイギリスは、蓄積した資本を工場や機械に投資し、世界に先駆けて産業革命を展開した。,◯,第13章　世界国家体制の形成,巨大な植民地市場と資本が結びつき、19世紀の「世界の工場」への道が開かれました。
インド綿布（キャラコ）は、毛織物に比べて染色しにくく、重いためヨーロッパでは普及しなかった。,×,第13章　世界国家体制の形成,間違った文章である。染色しやすく軽量で丈夫だったため、爆発的に流行しました。
パリ条約の結果、フランスは北アメリカの植民地をほぼ全て失い、インドにおける勢力も後退した。,◯,第13章　世界国家体制の形成,18世紀半ばのこの大敗北が、フランス国内の不満を高め、のちのフランス革命の一因にもなります。
イギリスは、スペイン継承戦争に対応する北米の戦い（アン女王戦争）で、ジブラルタルなどの要衝も獲得した。,◯,第13章　世界国家体制の形成,ヨーロッパ内だけでなく、世界規模で貿易ルートの拠点（要衝）を確保していきました。
プロイセン公国は、1618年にブランデンブルク選帝侯（ホーエンツォレルン家）によって併合され成立した。,◯,第13章　世界国家体制の形成,ドイツ騎士団領をもとに成立し、軍隊と官僚制を軸に強大化しました。
オーストリア継承戦争で、プロイセンのフリードリヒ2世はオーストリアからシュレジエンを奪った。,◯,第13章　世界国家体制の形成,石炭・鉄鉱石が豊富なこの地域を奪ったことが、プロイセン飛躍の鍵となりました。
外交革命とは、長年敵対していたオーストリア（ハプスブルク家）とフランス（ブルボン家）が同盟したことを指す。,◯,第13章　世界国家体制の形成,シュレジエン奪還を目指すマリア・テレジアが、宿敵フランスと手を組むという歴史的転換でした。
フリードリヒ2世は啓蒙専制君主の典型とされ、「君主は国家第一の下僕」と自称した。,◯,第13章　世界国家体制の形成,ヴォルテールらと交流し、理性的・効率的な「上からの改革」で富国強兵を推進しました。
オーストリアのヨーゼフ2世による農民解放や免税特権の廃止などの改革は、諸民族や貴族の支持を得て大成功した。,×,第13章　世界国家体制の形成,間違った文章である。多民族国家ゆえの反発や貴族の抵抗により、多くが挫折または譲歩を余儀なくされました。
ロシアのイヴァン4世は、正式に「ツァーリ」の称号を用い、シベリア方面へ領土を広げた。,◯,第13章　世界国家体制の形成,「雷帝」と呼ばれ、中央集権化と農奴制の強化を推し進めました。
ピョートル1世（大帝）は、北方戦争でスウェーデンを破り、新都ペテルブルクを建設して西欧化を急いだ。,◯,第13章　世界国家体制の形成,「西欧への窓」を求めてバルト海に進出し、ロシアを近代的な強国へと変造しました。
ピョートル1世は、1689年に清とネルチンスク条約を結び、アムール川（黒龍江）以南を領土とした。,×,第13章　世界国家体制の形成,間違った文章である。条約は結んだが、国境はスタノヴォイ山脈（外興安嶺）付近に定められました。
エカチェリーナ2世は、プガチョフの反乱を鎮圧した後、農奴制を廃止して自由農民を育成した。,×,第13章　世界国家体制の形成,間違った文章である。反乱後は逆に貴族と結託し、農奴制をさらに強化しました。
エカチェリーナ2世は、日本にラクスマンを派遣して通商を求めるなど、東方への進出にも積極的であった。,◯,第13章　世界国家体制の形成,ポーランド分割やオスマン帝国との戦争など、全方位的に領土を拡大しました。
ポーランドは16世紀以降、西欧への食料輸出国となったことで領主の力が強まり、都市や市民層の発達が遅れた。,◯,第13章　世界国家体制の形成,これを「再版農奴制」と呼び、西欧とは逆に農奴への束縛が強まる結果となりました。
16世紀後半にヤゲウォ朝が断絶した後のポーランドでは、強力な世襲王制が確立され、王権が安定した。,×,第13章　世界国家体制の形成,間違った文章である。実際には「選挙王制」となり、貴族の争いによって政治が極度に混乱しました。
第1回ポーランド分割（1772年）に参加した3国は、ロシア・プロイセン・オーストリアである。,◯,第13章　世界国家体制の形成,東欧の3強国が、隣国の混乱に乗じて一方的に国土を切り取りました。
第2回ポーランド分割（1793年）には、オーストリアは参加せず、ロシアとプロイセンの2国で行われた。,◯,第13章　世界国家体制の形成,フランス革命への対応で忙しかったオーストリアはこの回のみ不参加でした。
ポーランドの愛国者コシューシコは、第3回分割に抵抗して独立運動を率い、領土の消滅を阻んだ。,×,第13章　世界国家体制の形成,間違った文章である。領土の消滅は阻めず、1795年、地図上からポーランドという国家が一時的に消滅しました。
外交革命において、オーストリアとの提携を推進した人物の一人に、ルイ15世の愛妾ポンパドゥール夫人がいる。,◯,第13章　世界国家体制の形成,彼女のような「サロン」を主宰する女性たちが、政治や文化に大きな影響を与えました。
啓蒙思想家のルソーは、男女は完全に平等であると主張し、女性の積極的な社会進出を支援した。,×,第13章　世界国家体制の形成,間違った文章である。ルソーは女性を「家庭的で男性に従属すべきもの」と描き、保守的な女性観を持っていました。
ウルストンクラフトは、ルソーの女性観を批判し、女子教育の重要性を訴えたフランスの女性作家である。,×,第13章　世界国家体制の形成,間違った文章である。イギリスの女性で『女性の権利の擁護』を著し、近代フェミニズムの先駆けとなりました。
プロイセンのユンカーは、広大な農場を経営する地主貴族であり、軍や官僚の要職を独占した。,◯,第13章　世界国家体制の形成,彼らは20世紀に至るまでドイツの支配階級として強い影響力を持ち続けました。
啓蒙専制主義のもとでは、旧習を批判する啓蒙思想が、貴族の特権を抑えるための「上からの改革」の根拠とされた。,◯,第13章　世界国家体制の形成,理性による効率的な国家運営を目指し、君主が権力を振るうための武器となりました。
① プロイセンのフリードリヒ2世は、自ら「国家第一の下僕」と称し、農奴制を即座に廃止して近代的な市民社会を実現した。,×,第13章　世界国家体制の形成,啓蒙的ではあったが、軍事・経済を支える「ユンカー」への配慮から農奴制は維持した。
② 1763年のパリ条約により、フランスはカナダとミシシッピ川以西のルイジアナをイギリスに割譲した。,×,第13章　世界国家体制の形成,イギリスに割譲したのは「以東」。以西はスペインへ譲渡された。
③ 17世紀、国際商業の中心地はスペインのセビリャからオランダのアムステルダム、次いでイギリスのロンドンへと移った。,◯,第13章　世界国家体制の形成,経済の覇権が南欧から北西欧へとシフトした流れは正しい。
④ 北方戦争でピョートル1世に敗北したスウェーデン国王カール12世は、バルト海の覇権を失った。,◯,第13章　世界国家体制の形成,ロシアが「西欧への窓」を手に入れ、スウェーデンは強国の座から転落した。
⑤ 近代化学の父ボイルは、燃焼が酸素との結合であることを証明し、質量保存の法則を確立した。,×,第13章　世界国家体制の形成,燃焼と酸素の結合を解明したのはフランスのラヴォワジェである。
⑥ イギリスの航海法は、重商主義政策の一環として、オランダの中継貿易に打撃を与える目的で制定された。,◯,第13章　世界国家体制の形成,1651年にクロムウェルが制定し、のちの英蘭戦争の引き金となった。
⑦ 18世紀末、コシューシコ率いる愛国者の抵抗を鎮圧したロシア・プロイセン・オーストリアは、第2回ポーランド分割で同国を完全に消滅させた。,×,第13章　世界国家体制の形成,ポーランドが消滅したのは「第3回」分割（1795年）である。
⑧ イギリス東インド会社のクライヴは、プラッシーの戦いでフランス・ベンガル連合軍を破り、インド支配を決定づけた。,◯,第13章　世界国家体制の形成,これにより、フランスのインドにおける影響力は激減した。
⑨ ロシアのエカチェリーナ2世は、プガチョフの反乱を機に、啓蒙思想をさらに徹底させて農奴を全面的に解放した。,×,第13章　世界国家体制の形成,反乱に恐怖した彼女は、逆に貴族と結んで農奴制を強化した。
⑩ ジェンナーが種痘法を開発し、ハーヴェーが血液の循環を解明したことは、科学革命期の医学的成果である。,◯,第13章　世界国家体制の形成,両者ともイギリスの医師であり、科学的観察に基づき医学を発展させた。
⑪ 1756年の外交革命は、イギリスがフランスと結び、プロイセンを孤立させるために行った同盟の組み替えである。,×,第13章　世界国家体制の形成,外交革命は「オーストリア（ハプスブルク家）とフランス（ブルボン家）」の提携である。
⑫ 17世紀後半のヨーロッパ人口は、寒冷化や疫病、三十年戦争などの影響により、停滞または減少に転じた。,◯,第13章　世界国家体制の形成,これを「17世紀の危機」と呼び、社会的不安が魔女狩りを激化させる要因にもなった。
ボダンは、主権は人民にあると説き、国王の権力を厳しく制限する理論を構築した。,×,第13章　世界国家体制の形成,彼は「国家主権」を、むしろ国王の権力を擁護するために使いました。
ホッブズは『リヴァイアサン』の中で、自然状態を「平和で理想的な社会」と想定した。,×,第13章　世界国家体制の形成,彼の有名なフレーズ「万人の万人に対する……」を思い出してください。
ロックの抵抗権の理論は、アメリカ独立宣言やフランス人権宣言の思想的支柱となった。,◯,第13章　世界国家体制の形成,近代民主主義の「生みの親」とも言える非常に重要な理論です。
重農主義のケネーは、国家が貿易を徹底的に管理し、金銀を蓄積すべきだと説いた。,×,第13章　世界国家体制の形成,ケネーは「なすにまかせよ」という自由放任（レッセ・フェール）の提唱者です。
アダム・スミスは、富の源泉は「金銀の保有量」ではなく「人間の労働」にあると主張した。,◯,第13章　世界国家体制の形成,これが重商主義を打破し、古典派経済学の出発点となりました。
フランシス・ベーコンは、理性を唯一の真理の基準とする大陸合理論の先駆者である。,×,第13章　世界国家体制の形成,彼は「観察と経験」を重視する、イギリス経験論の祖です。
デカルトは、『方法叙説』において「我思う、ゆえに我あり」という命題を確立した。,◯,第13章　世界国家体制の形成,すべてを疑っても、疑っている自分の存在だけは否定できないと考えました。
ライプニッツは微積分法を発見したほか、「単子（モナド）論」を説いて宇宙の調和を説明した。,◯,第13章　世界国家体制の形成,ニュートンと同時期に微積分を発見した、万能の天才です。
モンテスキューは、司法・立法・行政を一人に集中させることで政治の効率化をはかるべきだと説いた。,×,第13章　世界国家体制の形成,彼は権力の腐敗を防ぐための「三権分立」を唱えました。
ルソーは、個人の利益を追求する「特殊意思」こそが国家を運営すべきだと説いた。,×,第13章　世界国家体制の形成,ルソーが重視したのは、公共の利益をめざす「一般意思」です。
『百科全書』を編集したディドロやダランベールは、キリスト教の教理を絶対的な真理として普及させた。,×,第13章　世界国家体制の形成,彼ら（啓蒙思想家）は、むしろ教会の迷信や偏見を批判しました。
カントは、イギリス経験論と大陸合理論を対立させ、どちらか一方が正しいことを証明した。,×,第13章　世界国家体制の形成,カントの功績は、対立していた両者を「総合・統一」したことにあります。
17世紀にハーヴェーが種痘法を開発したことで、ヨーロッパの人口は爆発的に増加した。,×,第13章　世界国家体制の形成,種痘法を開発したのは18世紀の「ジェンナー」です。ハーヴェーは血液循環です。
タスマンは、イギリス王立協会の依頼を受けて南太平洋を探検し、オーストラリアへの植民を開始した。,×,第13章　世界国家体制の形成,タスマンは「オランダ東インド会社」から派遣されました。王立協会の依頼で探検したのはクックです。
ルイ14世が建造したヴェルサイユ宮殿は、繊細で優美なロココ様式の代表的な建築物である。,×,第13章　世界国家体制の形成,ヴェルサイユ宮殿は、華麗で荘厳な「バロック様式」の代表です。ロココはサンスーシ宮殿などです。
フリードリヒ2世がポツダムに建てたサンスーシ宮殿は、18世紀半ばのロココ様式によっている。,◯,第13章　世界国家体制の形成,フランス語で「憂いなし」を意味し、当時の啓蒙専制君主の好みを反映しています。
フランス古典主義演劇では、コルネイユやラシーヌが悲劇を、モリエールが喜劇の傑作を残した。,◯,第13章　世界国家体制の形成,ルイ14世の宮廷で、フランス語の洗練とともに演劇も黄金期を迎えました。
ドイツのバッハやヘンデルは、感情のままに流れるロココ音楽を大成させた。,×,第13章　世界国家体制の形成,バッハやヘンデルは、理論的に構成された「バロック音楽」の大成者です。
18世紀後半にはハイドンやモーツァルトが交響曲をつくり、18世紀末にはベートーヴェンが登場した。,◯,第13章　世界国家体制の形成,これらは「古典楽派」と呼ばれ、音楽の形式美を完成させました。
オランダのレンブラントは、華麗な宮廷装飾画を専門とし、内面的な市民の描写を批判した。,×,第13章　世界国家体制の形成,レンブラントは市民の生活を「写実的」に描き、『夜警』などの傑作を残しました。
スペインのベラスケスやエル・グレコは、宮廷の装飾や肖像画を中心に活躍した。,◯,第13章　世界国家体制の形成,バロック期の美術は、絶対君主や教会の権威を飾るものとして発展しました。
ミルトンの『失楽園』やバンヤンの『天路歴程』は、イギリスのピューリタン文学の代表作である。,◯,第13章　世界国家体制の形成,市民層の成長を背景に、個人の内面や信仰を問う作品が生まれました。
デフォーの『ガリヴァー旅行記』は、イギリスの海外進出を背景とした寓意的な小説である。,×,第13章　世界国家体制の形成,間違った文章である。デフォーの作品は『ロビンソン・クルーソー』であり、スウィフトが『ガリヴァー旅行記』の著者である。
近世のフランスでは、上流婦人が主催するサロンが新しい思想の普及の場となった。,◯,第13章　世界国家体制の形成,料理や作法の体系化とともに、フランス語が各国の宮廷共通語となっていきました。
18世紀フランスでは、バロック様式に代わって、ワトーらによる優雅なロココ絵画が流行した。,◯,第13章　世界国家体制の形成,軽快で装飾的なスタイルが、当時の貴族社会の好みに合致しました。
農業革命とは、18世紀前半の西欧で、休耕地を設ける三圃制が復活し、食料増産が実現したことを指す。,×,第14章　国民国家と近代社会の形成,間違った文章である。実際には休耕地を設けない「輪作法（ノーフォーク農法など）」が普及しました。
イギリスの第2次囲いこみは、羊毛生産のために大地主が強引に農地を牧場化したものであった。,×,第14章　国民国家と近代社会の形成,間違った文章である。羊毛のための囲いこみは「第1次」。第2次は「穀物増産」のための大農場化です。
囲いこみで土地を失った農民は、都市へ移住して工場労働者となり、産業革命の労働力を供給した。,◯,第14章　国民国家と近代社会の形成,農村から都市への人口移動が、工業化を支える必須条件となりました。
産業革命が世界に先駆けてイギリスで始まった理由の一つに、私的所有権の保障などの法的整備があった。,◯,第14章　国民国家と近代社会の形成,安定した政治と権利の保護が、企業活動や技術革新を後押ししました。
イギリス綿織物業の中心地となったのは、奴隷貿易で繁栄したロンドンに近いバーミンガムであった。,×,第14章　国民国家と近代社会の形成,間違った文章である。綿工業の中心は「マンチェスター」であり、近い港町は「リヴァプール」です。
18世紀前半にワットがコークス製鉄法を開発したことで、木炭不足が解消され製鉄業が飛躍した。,×,第14章　国民国家と近代社会の形成,間違った文章である。コークス製鉄法を開発したのは「ダービー」であり、ワットは「蒸気機関の改良」です。
産業革命初期の機械の動力は、当初から蒸気機関が独占しており、水力が使われることはなかった。,×,第14章　国民国家と近代社会の形成,間違った文章である。18世紀の段階では、まだ「水力」が主流であり、蒸気機関が普及するのはその後です。
綿織物業では、まず織布の機械化が先行し、その後に不足した糸を補うために紡績が機械化された。,×,第14章　国民国家と近代社会の形成,間違った文章である。まず「紡績（糸車）」の機械化が先行し、織布の機械化は1830年代以降に遅れました。
問屋制家内工業とは、資本家が労働者を一つの作業場に集め、分業によって生産を行う形態を指す。,×,第14章　国民国家と近代社会の形成,間違った文章である。作業場に集めるのは「マニュファクチュア（工場制手工業）」です。問屋制は在宅労働です。
産業革命は、農業に対して工業の比重が上昇する「工業化」の過程の一部である。,◯,第14章　国民国家と近代社会の形成,経済の主役が農業から工業へとシフトする、歴史上最大の構造変化でした。
機械化に抵抗し、機械を打ち壊そうとした手工業者たちの動きを、ラッダイト運動（機械打ちこわし）という。,◯,第14章　国民国家と近代社会の形成,自律的な手仕事を奪われた職人たちの、切実な抵抗運動でした（※注釈②の内容）。
近代資本主義が成立するためには、物（財）だけでなく、労働や土地についても市場が存在することが条件である。,◯,第14章　国民国家と近代社会の形成,すべてが商品として取り引きされるシステムこそが資本主義の本質です。
1825年にフルトンが蒸気機関車を実用化すると、イギリスでは鉄道建設が急速に進み鉄道網が完成した。,×,第14章　国民国家と近代社会の形成,間違った文章である。蒸気機関車を実用化したのは「スティーヴンソン」であり、フルトンは「蒸気船」の開発者である。
1765年の印紙法に対し、植民地側は「代表なくして課税なし」と主張して、イギリス本国の議会に代表を送ることを実現した。,×,第14章　国民国家と近代社会の形成,間違った文章である。抗議の結果、印紙法を「撤廃」させたが、本国議会に代表を送ることは認められなかった。
ボストン茶会事件は、イギリス本国が茶法によって東インド会社に茶の独占販売権を与えたことに反発して起きた。,◯,第14章　国民国家と近代社会の形成,これに対するイギリス側の制裁措置が、独立への動きを一気に加速させました。
第1回大陸会議は、当初からイギリス国王を否定し、アメリカの完全独立を宣言するためにフィラデルフィアで開催された。,×,第14章　国民国家と近代社会の形成,間違った文章である。当初はまだ独立派は少数で、第1回大陸会議は本国の措置への「抗議」が主目的であった。
トマス・ペインの著書『コモン・センス』は、君主制を否定し、植民地の人々に独立の必要性を説いて大流行した。,◯,第14章　国民国家と近代社会の形成,このパンフレットが、迷っていた植民地の人々の独立心を強く後押ししました。
1776年の独立宣言は、自然法理論に基づき、政府が人権を侵害した場合には「革命権」を行使できると明記した。,◯,第14章　国民国家と近代社会の形成,ロックの社会契約説を理論的根拠としており、近代民主政治の基本理念となりました。
アメリカ独立戦争において、フランスとスペインはイギリスを支援するために参戦し、アメリカ軍を窮地に追い込んだ。,×,第14章　国民国家と近代社会の形成,間違った文章である。フランスとスペインは、宿敵イギリスを弱体化させるために「アメリカ側」で参戦した。
ロシアの提唱で結成された武装中立同盟は、イギリスの海上封鎖に反発し、アメリカ側の貿易を間接的に助けた。,◯,第14章　国民国家と近代社会の形成,これによりイギリスは国際的に孤立し、アメリカの勝利を助ける一因となりました。
1781年のプラッシーの戦いでイギリス軍が降伏したことにより、アメリカの勝利が事実上確定した。,×,第14章　国民国家と近代社会の形成,間違った文章である。勝利を確定させたのは「ヨークタウンの戦い」である。プラッシーはインドでの戦い。
1783年のパリ条約により、イギリスはアメリカの独立を承認し、ミシシッピ川以西の地をアメリカに譲渡した。,×,第14章　国民国家と近代社会の形成,間違った文章である。アメリカに譲渡されたのはミシシッピ川以「東」の地である（以西はスペイン領）。
ポーランド人のコシューシコは、義勇兵としてアメリカ独立戦争に参加し、のちに母国のポーランド分割にも抵抗した。,◯,第14章　国民国家と近代社会の形成,自由のために戦う国際的な「愛国者」として、両方の歴史に名を残しています。
蒸気機関車や汽船の進歩は「交通革命」と呼ばれ、世界各地の結びつきを迅速にしたが、煤煙による環境問題も引き起こした。,◯,第14章　国民国家と近代社会の形成,石炭の活用は産業を飛躍させた一方で、大気汚染という新たな課題を生みました。
1787年に制定された合衆国憲法は、州の権限を中央政府よりも強く設定する、ゆるい連合主義を採用した。,×,第14章　国民国家と近代社会の形成,間違った文章である。実際には「連邦主義」を採用し、州の上に立つ強力な中央政府を樹立しました。
初代大統領ワシントンのもと、強力な連邦政府を支持する反連邦派（アンチ・フェデラリスト）が政権を主導した。,×,第14章　国民国家と近代社会の形成,間違った文章である。強力な連邦政府を支持したのは「連邦派（フェデラリスト）」です。
第3代大統領ジェファソンは、1803年にフランスからルイジアナを購入し、領土をほぼ倍増させた。,◯,第14章　国民国家と近代社会の形成,これによりアメリカはミシシッピ川流域の広大な平原を手に入れ、農業発展の基礎を築きました。
アメリカ＝イギリス戦争（米英戦争）の結果、イギリス製品の流入が途絶えたことで、アメリカ国内の綿工業が発展した。,◯,第14章　国民国家と近代社会の形成,経済的な自立を促したこの戦争は、「第二次独立戦争」とも呼ばれます。
第7代大統領ジャクソンは、先住民の権利を保護するため、強制移住法を廃止して土地を返還した。,×,第14章　国民国家と近代社会の形成,間違った文章である。ジャクソンは「強制移住法」を定め、先住民をミシシッピ川以西へ追いやりました。
マニフェスト・デスティニー（明白な天命）とは、西部への領土拡大は神から与えられた使命だとする思想である。,◯,第14章　国民国家と近代社会の形成,この思想を掲げ、アメリカは太平洋岸を目指して急速に領土を広げていきました。
アメリカはアメリカ＝メキシコ戦争の結果、テキサスとカリフォルニアを同時にメキシコから奪取した。,×,第14章　国民国家と近代社会の形成,間違った文章である。テキサスは戦争前に「併合」されており、戦争の結果獲得したのはカリフォルニア等です。
世界初の黒人共和国として独立を達成したハイチの指導者は、トゥサン・ルヴェルチュールである。,◯,第14章　国民国家と近代社会の形成,フランス革命の影響を受け、ナポレオン軍を撃退して1804年に独立を宣言しました。
南米北部の独立を指導したシモン・ボリバルは、アルゼンチンやチリの独立にも直接貢献した。,×,第14章　国民国家と近代社会の形成,間違った文章である。アルゼンチンやチリの独立に寄与したのは、南部の英雄「サン・マルティン」です。
モンロー宣言（1823年）は、ヨーロッパ列強によるアメリカ大陸への干渉を拒否する姿勢を明確にした。,◯,第14章　国民国家と近代社会の形成,アメリカの「孤立主義」の伝統を形作り、ラテンアメリカ諸国の独立を外交的に支えました。
メキシコでは、イダルゴの指導のもと、クリオーリョ（植民地生まれの白人）だけが団結して独立を勝ち取った。,×,第14章　国民国家と近代社会の形成,間違った文章である。イダルゴの蜂起を支えたのは、インディオやメスティソ（混血）の人々でした。
ブラジルは、他国のような激しい独立戦争をへず、ポルトガルの王子が皇帝として独立を宣言した。,◯,第14章　国民国家と近代社会の形成,ラテンアメリカの中では例外的に、帝政という形で平和的に独立へ移行しました。
大西洋革命とは、アメリカ、フランス、ラテンアメリカの変革を、大西洋を挟んだ一体の動きとして捉える概念である。,◯,第14章　国民国家と近代社会の形成,自由・平等という思想が、人・もの・情報の交流を通じて大西洋全域に波及したことを示しています。
1804年のハイチ独立は、ラテンアメリカ諸国の独立運動の「後」に起こり、大西洋革命の終結を象徴した。,×,第14章　国民国家と近代社会の形成,間違った文章である。ハイチ独立はラテンアメリカ諸国の独立に「先立つ」事件であり、革命の要石となりました。
パン・アフリカニズムは、20世紀にアフリカ大陸の人々と政治的・文化的な連帯を強めようとした動きである。,◯,第14章　国民国家と近代社会の形成,奴隷制廃止後、ディアスポラ（離散民）となったアフリカ系の人々の中から生まれた地位向上運動です。
アメリカ独立を支援した義勇兵には、フランスのラ・ファイエットや、ポーランドのコシューシコらがいた。,◯,第14章　国民国家と近代社会の形成,自由の理念に共鳴した国際的な義勇兵の参加は、独立戦争の大きな特徴です。
合衆国憲法において、下院議員数の算出にあたり、黒人奴隷は「1人」としてカウントされ、先住民も含まれた。,×,第14章　国民国家と近代社会の形成,間違った文章である。黒人奴隷は「0.6人（5分の3）」分とされ、先住民は除外されました。
ペンシルヴェニア植民地は、1681年に新教の一派であるクエーカー教徒のために建設された。,◯,第14章　国民国家と近代社会の形成,信仰の自由を求めて渡った人々により、独自の自治体制が築かれました。
南部の植民地では自営農が中心であり、輸出先であるイギリスとの経済的結びつきは希薄であった。,×,第14章　国民国家と近代社会の形成,間違った文章である。南部は「奴隷を使用したプランテーション経営」が盛んで、イギリスと強く結びついていました。
フランクリンは、雷の正体を解明した科学者であるとともに、外交官としてフランスなどの支援を取り付けた。,◯,第14章　国民国家と近代社会の形成,多才な啓蒙思想家として、アメリカ独立の正当性をヨーロッパに広めました。
1848年にカリフォルニアで銀鉱が発見されたことは、ゴールドラッシュと呼ばれ、急激な人口増をもたらした。,×,第14章　国民国家と近代社会の形成,間違った文章である。発見されたのは銀ではなく「金（金鉱）」です。
モンロー主義は、ヨーロッパによるアメリカ大陸への干渉を拒否する一方で、アメリカ自身のラテンアメリカへの干渉も禁じた。,×,第14章　国民国家と近代社会の形成,間違った文章である。他国の干渉は拒否しましたが、アメリカ自身の干渉の自由は「留保（確保）」されていました。
ジャクソン大統領が導入したスポイルズ・システムは、選挙で勝利した政党の者に公職を与える制度である。,◯,第14章　国民国家と近代社会の形成,政党政治を活性化させた一方で、汚職の原因にもなりました。
18世紀、北アメリカの植民者たちは、ラテンアメリカの場合と同様に先住民と積極的に融合して新社会を作った。,×,第14章　国民国家と近代社会の形成,間違った文章である。北米の植民者は先住民と「融合しなかった」点が、中南米（ラテンアメリカ）との大きな違いです。
革命前の旧体制（アンシャン・レジーム）では、第一身分（聖職者）と第二身分（貴族）が免税特権を享受していた。,◯,第14章　国民国家と近代社会の形成,この不平等な特権階級に対し、第三身分の不満が爆発したことが革命の根本原因です。
シェイエスは『第一身分とは何か』を著し、聖職者こそが国民の模範であると主張して革命を煽動した。,×,第14章　国民国家と近代社会の形成,間違った文章である。著書は『第三身分とは何か』であり、「第三身分こそがすべてである」と主張しました。
1789年5月に召集された三部会では、議決方法をめぐって特権身分と平民代表が激しく対立した。,◯,第14章　国民国家と近代社会の形成,議席数ではなく「身分別」か「個人別」かの投票方法をめぐる争いが、国民議会への分離につながりました。
球戯場の誓い（テニスコートの誓い）とは、憲法を制定するまで三部会を解散しないことを誓ったものである。,◯,第14章　国民国家と近代社会の形成,平民代表たちが自らを「国民議会」と宣言し、王権に挑戦した記念碑的な事件です。
バスティーユ要塞の襲撃は、1789年7月14日、国王側による議会弾圧の動きに激昂したパリ市民によって行われた。,◯,第14章　国民国家と近代社会の形成,これを機に革命は全国的な広がりを見せ、現在もフランスの建国記念日（パリ祭）となっています。
国民議会が採択した人権宣言は、基本的人権、国民主権とともに、私有財産の国有化を明記した。,×,第14章　国民国家と近代社会の形成,間違った文章である。人権宣言は「私有財産の不可侵」を聖なる権利として強く保障しました。
ヴァレンヌ逃亡事件において、国王ルイ16世一家はイギリスへの亡命に成功し、国外から反革命軍を指揮した。,×,第14章　国民国家と近代社会の形成,間違った文章である。亡命先は妻アントワネットの実家があるオーストリア方面であり、途中で発見され連れ戻されました。
1791年憲法は、男性普通選挙制を導入し、国王の権限を完全に廃止して共和政を樹立した。,×,第14章　国民国家と近代社会の形成,間違った文章である。1791年憲法は「制限選挙」に基づき、「立憲王政」を定めたものでした。
ジロンド派は、商工業ブルジョワを地盤として共和政を主張し、1792年にはオーストリアに宣戦布告した。,◯,第14章　国民国家と近代社会の形成,革命を国外に広めることで内政の安定を図りましたが、これが戦争の長期化を招きました。
1792年の八月十日事件により王権が停止され、新たに招集された国民公会によって第一共和政が宣言された。,◯,第14章　国民国家と近代社会の形成,義勇兵と民衆（サン・キュロット）の力が、ついに国王を玉座から引きずり下ろしました。
国民公会によって成立した第一共和政では、全ての男女に選挙権が与えられる完全普通選挙が実施された。,×,第14章　国民国家と近代社会の形成,間違った文章である。実施されたのは「男性普通選挙」であり、女性にはまだ参政権は認められていませんでした。
ルイ16世の処刑後、国民公会では穏健なジロンド派が実権を握り、恐怖政治を開始した。,×,第14章　国民国家と近代社会の形成,間違った文章である。恐怖政治を指導したのは、急進共和主義の「ジャコバン派（山岳派）」である。
ロベスピエール率いる公安委員会は、反対派を次々と処刑したが、1793年憲法は即座に実施された。,×,第14章　国民国家と近代社会の形成,間違った文章である。1793年憲法は人民主権をうたったが、革命防衛を理由に「施行は延期」された。
テルミドールの反動によりロベスピエールが打倒されると、5人の総裁が行政を担う総裁政府が成立した。,◯,第14章　国民国家と近代社会の形成,穏健派が主導し、制限選挙制に戻して政局の安定を図りましたが、政府は軟弱で混乱が続きました。
ナポレオンは1799年、ブリュメール18日のクーデタにより、第一統領として事実上の独裁権を握った。,◯,第14章　国民国家と近代社会の形成,総裁政府の無策に失望した人々は、強力な指導者として軍の英雄ナポレオンを支持しました。
1802年のアミアンの和約により、フランスは宿敵イギリスと一時的に講和した。,◯,第14章　国民国家と近代社会の形成,これによりナポレオンの国内的人気は不動のものとなり、同年に終身統領となりました。
ナポレオン法典（フランス民法典）は、革命で否定された封建的特権を復活させ、貴族社会を再建した。,×,第14章　国民国家と近代社会の形成,間違った文章である。法典は「私有財産の不可侵」や「法の下の平等」など、近代市民社会の原理をまとめました。
1804年、ナポレオンは国民投票を経て皇帝に即位し、第一帝政を開始した。,◯,第14章　国民国家と近代社会の形成,共和政から帝政へ。国民はナポレオンが革命の成果（土地所有権など）を守ってくれることを期待しました。
1805年のトラファルガーの海戦で、フランス海軍はネルソン率いるイギリス艦隊を撃破した。,×,第14章　国民国家と近代社会の形成,間違った文章である。フランス軍はこの海戦でイギリスに「大敗」し、制海権を失いました。
アウステルリッツの戦いに勝利したナポレオンは、ライン同盟を結成させ、神聖ローマ帝国を解体した。,◯,第14章　国民国家と近代社会の形成,オーストリア・ロシアの連合軍を破った「三帝会戦」としても知られ、中欧の地図を塗り替えました。
大陸封鎖令（ベルリン勅令）は、フランスがイギリスと経済的に提携し、共同でロシアを封じ込めるために発された。,×,第14章　国民国家と近代社会の形成,間違った文章である。大陸諸国とイギリスの「通商を禁止」し、イギリスを経済的に孤立させるのが目的でした。
オランプ・ド・グージュは、人権宣言が男性の権利に偏っているとして『女権宣言』を掲げ、男女同権を訴えた。,◯,第14章　国民国家と近代社会の形成,彼女のような先駆的な女性がいた一方で、ナポレオン法典では女性の権利は制限される方向へ向かいました。
1789年10月のヴェルサイユ行進は、主にパリの男性兵士たちが王宮に押し寄せ、国王をパリへ連行した事件である。,×,第14章　国民国家と近代社会の形成,間違った文章である。行進の主体は、食料難に怒るパリの「女性たち」でした。
オランプ・ド・グージュは、『女権宣言』において「女性は処刑台にのぼる権利があるのだから、演壇にのぼる権利もある」と訴えた。,◯,第14章　国民国家と近代社会の形成,人権宣言が男性のみを対象としていたことを批判しましたが、彼女自身も後に処刑されました。
フランス革命下では、全国統一の制度としてメートル法や太陽暦（グレゴリオ暦）が導入され、国民意識の形成が図られた。,×,第14章　国民国家と近代社会の形成,間違った文章である。導入されたのは太陽暦ではなく、独自の「共和暦（革命暦）」である。
プロイセンでは、シュタインやハルデンベルクによって農民解放などのプロイセン改革が実施された。,◯,第14章　国民国家と近代社会の形成,ナポレオンに敗北した屈辱から、国力を高めるために「上からの近代化」を断行しました。
フィヒテは、パリ占領下のフランス国民に向けて「フランス国民に告ぐ」という講演を行い、自由を訴えた。,×,第14章　国民国家と近代社会の形成,間違った文章である。講演の名は「ドイツ国民に告ぐ」であり、ドイツのナショナリズムを鼓舞した。
ナポレオンのロシア遠征は、ロシア軍の焦土作戦と冬将軍に阻まれ、1813年のワーテルローの戦いで決定的敗北を喫した。,×,第14章　国民国家と近代社会の形成,間違った文章である。1813年の敗北は「ライプツィヒの戦い」であり、ワーテルローは1815年である。
1814年に開催されたウィーン会議では、フランス外相タレーランが提唱した正統主義が基本原則とされた。,◯,第14章　国民国家と近代社会の形成,「革命前の状態に戻すのが正しい」という理屈で、フランスの領土喪失を最小限に抑えようとしました。
ウィーン会議の結果、ドイツでは消滅した神聖ローマ帝国が復活し、再びハプスブルク家が皇帝に即位した。,×,第14章　国民国家と近代社会の形成,間違った文章である。神聖ローマ帝国は復活せず、35の君主国と4自由市からなる「ドイツ連邦」が成立した。
オランダは、南ネーデルラント（ベルギー）をオーストリアに譲る代わりに、セイロンやケープ植民地を獲得した。,×,第14章　国民国家と近代社会の形成,間違った文章である。オランダはベルギーを「獲得」し、海外植民地（スリランカ等）をイギリスに譲った。
ロシア皇帝アレクサンドル1世の提唱で、キリスト教的友愛に基づく神聖同盟が結成された。,◯,第14章　国民国家と近代社会の形成,イギリス、教皇、オスマン皇帝を除くヨーロッパの君主のほとんどが参加しました。
四国同盟は、イギリス・ロシア・プロイセン・オーストリアで結成され、のちにフランスも加わって五国同盟となった。,◯,第14章　国民国家と近代社会の形成,自由主義やナショナリズムの動きを抑圧するための、ウィーン体制を支える軍事的枠組みです。
ナポレオンは退位後、最初に大西洋の孤島セントヘレナに流され、そこで百日天下の再起を計った。,×,第14章　国民国家と近代社会の形成,間違った文章である。最初に流されたのは「エルバ島」であり、セントヘレナは二度目の敗北後の流刑地である。
ダヴィッドなどの画家は、ナポレオンを勇敢なリーダーとして描く肖像画を制作し、彼のイメージ戦略に協力した。,◯,第14章　国民国家と近代社会の形成,『ベルナール峠を越えるナポレオン』などの劇的な名画が、国民の支持を集める装置となりました。
ナショナリズムは、国民の一体性を求める点でウィーン体制と調和し、当時の保守的な君主たちから歓迎された。,×,第14章　国民国家と近代社会の形成,間違った文章である。ナショナリズムはウィーン体制の「現状維持」と真っ向から対立し、弾圧の対象となりました。
多民族国家であるオーストリアやオスマン帝国では、少数民族が独立を求める運動がおこり、ウィーン体制を揺るがした。,◯,第14章　国民国家と近代社会の形成,多様な民族を抱える大帝国にとって、ナショナリズムは国家の解体につながる脅威でした。
ロマン主義は、理性による普遍的な法則を重視し、啓蒙思想の合理主義をさらに徹底させた思潮である。,×,第14章　国民国家と近代社会の形成,間違った文章である。ロマン主義は「理性」よりも「人間の熱情や意志、民族の個性」を重んじる運動です。
ドイツやイタリアのように小国家に分裂していた地域では、ナショナリズムは政治的統一を求める動きとなった。,◯,第14章　国民国家と近代社会の形成,共通の言語や文化を持つ人々が「ひとつの国」になろうとする、統合のナショナリズムです。
19世紀末のナショナリズムは、初期の自由主義的な性格を強め、他民族との協調を最大の目標とするようになった。,×,第14章　国民国家と近代社会の形成,間違った文章である。19世紀末になると、ナショナリズムは「排外主義」や「国家主義」の傾向を強めました。
ネイションという言葉は、「国家」という意味のほかに「国民」や「民族」という意味も併せ持っている。,◯,第14章　国民国家と近代社会の形成,政治的な枠組み（国）と、文化的な枠組み（民）が重なり合う近代独特の概念です。
ロマン主義は、過去を美化したり民族文化を称揚したりする一方で、社会変革への夢とも結びついていた。,◯,第14章　国民国家と近代社会の形成,過去へのノスタルジー（保守的側面）と、英雄的な自己犠牲（進歩的側面）の両面を持っていました。
フランス革命期のブルジョワジー（有産市民）とは、もともと農村で地主として暮らしていた有力者を指す。,×,第14章　国民国家と近代社会の形成,間違った文章である。ブルジョワジーはもともと「城砦都市（ブール）」の住民、つまり商工業に携わる「都市の有産市民」を指します。
フランス国歌「ラ・マルセイエーズ」は、もともとパリの王党派が国王を賛美するために歌っていた曲である。,×,第14章　国民国家と近代社会の形成,間違った文章である。マルセイユから来た「義勇兵」が歌っていた革命歌がもとになっています。
神聖同盟には、自由主義的なイギリスや、イスラーム教を奉じるオスマン帝国の君主も積極的に参加した。,×,第14章　国民国家と近代社会の形成,間違った文章である。イギリス（自由主義）、教皇（カトリック首長）、オスマン帝国（イスラーム）は不参加でした。
タレーランが唱えた「正統主義」は、フランスの戦争責任を認め、多額の賠償金を支払うことを前提としていた。,×,第14章　国民国家と近代社会の形成,間違った文章である。正統主義は「革命前が正しい」という理屈で、フランスの戦争責任を「回避」するための外交手段でした。
ウィーン体制下の大国間では勢力均衡が保たれたが、国内的には自由主義やナショナリズムを弾圧する保守的・反動的な姿勢がとられた。,◯,第14章　国民国家と近代社会の形成,メッテルニヒを中心とする「現状維持」の姿勢が、各地の自由を求める運動と衝突しました。
審査法の廃止（1828年）やカトリック教徒解放法（1829年）により、イギリスでは非国教徒の公職就任が認められるようになった。,◯,第14章　国民国家と近代社会の形成,これにより、宗教的な差別による政治参加の制限が大きく緩和されました。
1833年に制定された工場法は、産業資本家の利益を守るために児童労働を奨励し、労働時間の延長を定めた。,×,第14章　国民国家と近代社会の形成,間違った文章である。実際には「児童労働に制限」を加え、過酷な労働から子供を保護することを目指しました。
第1次選挙法改正（1832年）により、イギリスでは都市の労働者や女性を含むすべての成人に参政権が与えられた。,×,第14章　国民国家と近代社会の形成,間違った文章である。選挙権が拡大されたのは「中間市民層（ブルジョワジー）の男性」までであり、労働者や女性は除外されました。
選挙法改正後、地主層を基盤とするトーリー党は自由党となり、商工業者を基盤とするホイッグ党は保守党となった。,×,第14章　国民国家と近代社会の形成,間違った文章である。トーリー党が「保守党」、ホイッグ党が「自由党」へと再編されました。
反穀物法同盟を結成したコブデンやブライトの運動により、1846年には地主を保護していた穀物法の撤廃が実現した。,◯,第14章　国民国家と近代社会の形成,安価な外国産穀物の輸入を認めることで、都市労働者の生活安定と自由貿易を推進しました。
イギリス東インド会社は、1833年に中国貿易の独占権を廃止されたが、その後も商業活動を拡大し続けた。,×,第14章　国民国家と近代社会の形成,間違った文章である。1833年の独占権廃止をもって、東インド会社は「商業活動を停止」しました。
1849年の航海法廃止により、長らく自由貿易の障害となっていた重商主義的な規制が取り払われた。,◯,第14章　国民国家と近代社会の形成,17世紀のクロムウェル以来続いていた規制が撤廃され、イギリスの自由貿易体制が完成しました。
ベンサムやJ.S.ミルは、個人の自由と社会の利益の調和を説き、「最大多数の最大幸福」を掲げる功利主義を主張した。,◯,第14章　国民国家と近代社会の形成,合理的な視点から社会全体の幸福を追求するこの思想は、その後の改革の指針となりました。
イギリスの奴隷解放法（1833年）により、イギリス国内だけでなく、帝国全土の植民地で奴隷制度が公的に禁止された。,◯,第14章　国民国家と近代社会の形成,自由主義の進展とともに、人道的な観点からも制度の廃止が断行されました。
1817年のブルシェンシャフト運動は、ドイツの学生たちが憲法制定と国家統一を求めて起こした運動である。,◯,第14章　国民国家と近代社会の形成,メッテルニヒによる「カールスバート決議」で弾圧されましたが、ドイツ統一の先駆けとなりました。
ロシアのデカブリストの乱（1825年）は、ニコライ1世が自由主義的な改革を断行しようとしたことに反発して貴族が起こした。,×,第14章　国民国家と近代社会の形成,間違った文章である。実際には「自由主義的な貴族士官」が、専制政治を倒すためにニコライ1世の即位に際して起こした反乱である。
ギリシア独立戦争では、オーストリアがオスマン帝国からギリシアを独立させるために積極的に軍事支援を行った。,×,第14章　国民国家と近代社会の形成,間違った文章である。オーストリアは正統主義（現状維持）の立場から「独立に干渉（反対）」し、支援したのは露・英・仏である。
フランスの七月革命（1830年）の結果、シャルル10世が追放され、共和政が樹立された。,×,第14章　国民国家と近代社会の形成,間違った文章である。革命後、共和派は抑え込まれ、ルイ・フィリップを王とする「立憲王政（七月王政）」となった。
七月革命の影響でオランダから独立し、1831年に立憲王政として成立した国はベルギーである。,◯,第14章　国民国家と近代社会の形成,ウィーン会議でオランダに併合された南ネーデルラントの人々が、カトリックの信仰や言語の違いから独立しました。
イタリアの統一を目指したマッツィーニは、カルボナリの失敗を教訓に秘密結社「青年イタリア」を組織した。,◯,第14章　国民国家と近代社会の形成,統一・共和政・独立を掲げたこの組織は、ヨーロッパ各地のナショナリズムに影響を与えました。
イギリスの労働者が展開したチャーティスト運動は、女性を含む完全普通選挙を求めて1848年まで継続された。,×,第14章　国民国家と近代社会の形成,間違った文章である。人民憲章で求めたのは「男性普通選挙制」であり、女性参政権は含まれていなかった。
ロバート・オーウェンは、アメリカの綿工場経営者として、労働者の環境改善や協同組合的な理想社会を模索した。,×,第14章　国民国家と近代社会の形成,間違った文章である。彼はアメリカではなく「イギリス」の工場経営者である。
フランスのルイ・ブランは、国家の援助によって生産を組織化する「社会作業場」の設置を主張した。,◯,第14章　国民国家と近代社会の形成,後の二月革命後に臨時政府に入閣し、国立作業場の設立を実現させることになります。
プルードンは、自立した小生産者の連合による社会を理想とし、国家や権力を否定する無政府主義を唱えた。,◯,第14章　国民国家と近代社会の形成,「所有とは盗みである」という言葉で知られ、マルクスとも対立した思想家です。
マルクスとエンゲルスは、1848年に『資本論』を発表し、万国の労働者に団結と革命を呼びかけた。,×,第14章　国民国家と近代社会の形成,間違った文章である。1848年に発表されたのは『共産党宣言』であり、『資本論』はその後の著書である。
二月革命（1848年）により、ルイ・フィリップが退位して第二共和政が成立し、社会主義者のルイ・ブランも閣僚となった。,◯,第14章　国民国家と近代社会の形成,労働者の支持を背景に、国立作業場の設置などの社会主義的政策が試みられました。
1848年4月の男性普通選挙では、社会主義派が大勝し、フランスは急進的な社会主義国家へと移行した。,×,第14章　国民国家と近代社会の形成,間違った文章である。実際には「穏健共和派が大勝」し、社会主義派はやぶれました。
六月蜂起は、国立作業場の閉鎖などに反発したパリの労働者が起こした武装蜂起であり、政府軍によって鎮圧された。,◯,第14章　国民国家と近代社会の形成,これを機にフランス社会は保守化し、強力な指導者を求める空気が醸成されました。
ルイ・ナポレオンは、1848年の大統領選挙に当選した後、国民投票を経てナポレオン3世として皇帝に即位した。,◯,第14章　国民国家と近代社会の形成,伯父ナポレオン1世の威光を利用し、第二帝政を樹立しました。
ウィーンで三月革命がおこると、長年ウィーン体制を主導してきたメッテルニヒは失脚し、イギリスへ亡命した。,◯,第14章　国民国家と近代社会の形成,1815年以来の保守反動体制（ウィーン体制）が、この時ついに名実ともに崩壊しました。
ハンガリーでは、マジャール人のコシュートが指導して独立政府を樹立したが、最終的には鎮圧された。,◯,第14章　国民国家と近代社会の形成,諸国民の春の象徴的な動きでしたが、ロシア軍の介入などもあり失敗に終わりました。
フランクフルト国民議会では、オーストリアを含む全てのドイツ語圏を統合する「小ドイツ主義」が採択された。,×,第14章　国民国家と近代社会の形成,間違った文章である。オーストリアを含むのは「大ドイツ主義」であり、小ドイツ主義はプロイセン中心・オーストリア除外の案です。
1848年の諸革命により、ポーランドはロシアからの独立を勝ち取り、現在のポーランド共和国の基礎を築いた。,×,第14章　国民国家と近代社会の形成,間違った文章である。ポーランドの独立運動は、ロシアによって徹底的に弾圧されました。
イタリアでは、ミラノの臨時政府樹立やヴェネツィア共和国の復活など、統一への動きが一時的に高まった。,◯,第14章　国民国家と近代社会の形成,「青年イタリア」などの活動もありましたが、この段階ではまだオーストリア軍などに敗れ、統一は成りませんでした。
革命の失敗の要因として、ハンガリーの他民族抑圧に反発したクロアチア人が皇帝側につくなど、民族間の利害対立があった。,◯,第14章　国民国家と近代社会の形成,ナショナリズムが、解放の力になると同時に、民族同士がぶつかり合う原因にもなりました。
1848年革命後、ナポレオン3世は、かつて革命勢力の武器であった普通選挙や国民投票を独裁維持のために活用した。,◯,第14章　国民国家と近代社会の形成,民意を抑え込むのではなく、「世論を誘導して利用する」という近代的な大衆政治の手法が生まれました。
19世紀前半、それまで特権階級のものであったオペラやバレエは、都市の劇場の普及により、中間市民層も楽しむようになった。,◯,第14章　国民国家と近代社会の形成,印刷技術の向上による新聞の普及とともに、文化の「大衆化・市民化」が進んだ時代です。
フランスのユゴーは、ギリシア独立戦争に義勇兵として参加し、戦地で客死したロマン派の詩人である。,×,第14章　国民国家と近代社会の形成,間違った文章である。ギリシア独立戦争に参加して客死したのは、イギリスの詩人「バイロン」である。
ロマン主義音楽では、ベートーヴェンが先駆となり、シューベルトやショパン、民族性の強いスメタナらが活躍した。,◯,第14章　国民国家と近代社会の形成,形式よりも感情や民族的個性を重んじる音楽が、市民社会に受け入れられました。
ドイツのグリム兄弟は、民話を収集して言語学の基礎を築くとともに、ナショナリズムの形成にも寄与した。,◯,第14章　国民国家と近代社会の形成,民族の伝承（『グリム童話』など）をまとめることは、ドイツ国民の一体感を高める役割を果たしました。
近代歴史学の基礎を固めたのは、ベルリン大学で活躍し、客観的な記述を重視したフランスの思想家ランケである。,×,第14章　国民国家と近代社会の形成,間違った文章である。ランケはフランスではなく「ドイツ」の歴史学者である。
ドイツ観念論哲学は、カントから始まり、フィヒテを経て、ヘーゲルによって大成された。,◯,第14章　国民国家と近代社会の形成,精神の発展を説くヘーゲルの哲学は、当時の国家観や社会思想に絶大な影響を与えました。
工業化の進展により、民衆の生活は季節のリズムから、画一的な時計の時間による規律へと変化した。,◯,第14章　国民国家と近代社会の形成,「工場」という労働現場が、人々の生活リズムを根本から変え、公私の分離が進みました。
ジェンダーの役割については、男性が外で稼ぎ女性が家庭を守るという考え方が弱まり、男女の賃金格差は解消された。,×,第14章　国民国家と近代社会の形成,間違った文章である。実際には「男性が稼ぎ手、女性は従属的」という分業意識が強まり、格差も大きかった。
イタリアの統一運動では、マッツィーニらが1849年にローマ共和国を樹立したが、フランス軍の介入で倒された。,◯,第14章　国民国家と近代社会の形成,1848年革命の一環でしたが、ウィーン体制崩壊後の混乱の中で再建された旧勢力によって鎮圧されました。
フランクフルト国民議会は、プロイセン王を皇帝に選出したが、王は国民から贈られた「泥の中の王冠」を拒否した。,◯,第14章　国民国家と近代社会の形成,王は「君権神授説」を信じていたため、議会（民衆）による推戴を拒み、ドイツ統一は失敗に終わりました。
チャーティスト運動の人民憲章（6か条）には、議会の毎年選挙や議員の有給制、女性参政権が含まれていた。,×,第14章　国民国家と近代社会の形成,間違った文章である。有給制などは含まれていたが、「女性参政権」は含まれておらず、男性普通選挙が目標であった。
東方問題とは、オスマン帝国の弱体化にともない、ヨーロッパ列強がバルカン半島などで勢力圏を争った国際問題を指す。,◯,第14章　国民国家と近代社会の形成,ロシアの南下政策と、それを阻止しようとする英・仏・オーストリアの利害が複雑に絡み合いました。
クリミア戦争（1853年〜）では、ロシアがイギリス・フランスと連合して、オスマン帝国の専制政治を攻撃した。,×,第14章　国民国家と近代社会の形成,間違った文章である。実際には「イギリス・フランスがオスマン帝国を支援」してロシアの南下を阻みました。
クリミア戦争の敗北後、ロシアは1856年のパリ条約により、黒海の広範囲な制海権と不凍港を確保することに成功した。,×,第14章　国民国家と近代社会の形成,間違った文章である。ロシアは敗北し、黒海の中立化を余儀なくされ、南下政策は一時挫折しました。
ヴィクトリア女王時代のイギリスでは、1867年の第2次選挙法改正によって、都市の労働者にも選挙権が拡大された。,◯,第14章　国民国家と近代社会の形成,1884年の第3次改正では農業労働者にも拡大され、段階的に大衆民主主義へと移行しました。
1906年に結成された労働党は、フェビアン協会などの社会主義団体を母体としており、自由党に代わる勢力へと成長した。,◯,第14章　国民国家と近代社会の形成,議会を通じた穏健な社会変革を目指し、やがて保守党と対抗する二大政党の一翼を担うようになります。
保守党のディズレーリ首相は、1875年にスエズ運河会社の株を買収し、ヴィクトリア女王をインド皇帝に即位させた。,◯,第14章　国民国家と近代社会の形成,帝国主義的な外交を推進し、イギリスの世界的権威を高める政策を次々と打ち出しました。
自由党のグラッドストン首相は、一貫して植民地拡大を否定し、エジプトの保護国化を中止させた。,×,第14章　国民国家と近代社会の形成,間違った文章である。自由党内閣も帝国主義的政策をとり、1882年にエジプトを事実上の保護国としました。
ジャガイモ飢饉（1840年代）により、アイルランドでは人口が激減し、多くのアイルランド人がアメリカなどへ移住した。,◯,第14章　国民国家と近代社会の形成,この大量移民は、後のアメリカの歴史や政治にも大きな影響を与えることとなりました。
1916年にダブリンで起こった武装蜂起（イースター蜂起）は、アイルランドがイギリスからの完全独立を即座に勝ち取る結果となった。,×,第14章　国民国家と近代社会の形成,間違った文章である。蜂起自体は鎮圧されました。独立（アイルランド自由国成立）は、1922年まで待つことになります。
カナダ、オーストラリア、南アフリカなどは、20世紀初頭までに順次、本国から独立した共和国となった。,×,第14章　国民国家と近代社会の形成,間違った文章である。これらは「自治領（ドミニオン）」となり、イギリス国王を元首として仰ぐ形をとりました。
イタリア統一の中心となったサルディニア王国の首相カヴールは、プロンビエール密約によりロシアの支援を取り付けた。,×,第14章　国民国家と近代社会の形成,間違った文章である。密約を結び、イタリア統一戦争で共闘したのはロシアではなく「フランス（ナポレオン3世）」である。
ガリバルディは、千人隊（赤シャツ隊）を率いて両シチリア王国を占領し、その領土をサルディニア国王に献上した。,◯,第14章　国民国家と近代社会の形成,共和主義者だったガリバルディが、統一のために私心を捨てて国王に領土を譲った「テアーノの再会」は有名です。
イタリア王国は、普仏戦争に乗じてヴェネツィアを、普墺戦争に乗じて教皇領をそれぞれ併合した。,×,第14章　国民国家と近代社会の形成,間違った文章である。正しくは「普墺戦争でヴェネツィア」を、「普仏戦争で教皇領」を併合した（順番が逆）。
統一後のイタリアにおいて、依然としてオーストリア領に残されたトリエステや南チロルは「未回収のイタリア」と呼ばれた。,◯,第14章　国民国家と近代社会の形成,この領土問題が、のちにイタリアが第一次世界大戦で三国同盟を裏切る大きな要因となります。
プロイセン首相ビスマルクは、議会の承認を得ずに軍備拡張を進める「鉄血政策」を断行して統一を推進した。,◯,第14章　国民国家と近代社会の形成,「言論や多数決ではなく、鉄（武器）と血（兵士）によってのみ問題は解決される」と演説しました。
1866年の普墺戦争に勝利したプロイセンは、オーストリアを盟主とする「北ドイツ連邦」を結成した。,×,第14章　国民国家と近代社会の形成,間違った文章である。北ドイツ連邦の盟主は「プロイセン」であり、オーストリアはドイツ統一から排除されました。
普仏戦争（1870年〜）に勝利したドイツは、フランスからアルザス・ロレーヌを奪い、パリのヴェルサイユ宮殿で帝国成立を宣言した。,◯,第14章　国民国家と近代社会の形成,フランスのプライドを深く傷つけたこの出来事は、その後の独仏対立の決定的な火種となりました。
ビスマルクは国内のカトリック勢力を「帝国の敵」として弾圧したが、この一連の闘争を「文化闘争」と呼ぶ。,◯,第14章　国民国家と近代社会の形成,南ドイツに多いカトリック教徒が教皇の権威を重んじることを、国家統合の妨げと考えたためです。
ビスマルクは社会主義者を弾圧する一方で、労働者の不満を抑えるために世界に先駆けて社会保険制度を導入した。,◯,第14章　国民国家と近代社会の形成,「飴（社会保険）と鞭（社会主義者鎮圧法）」と呼ばれる巧妙な国内政策です。
ドイツ帝国の外交方針であるビスマルク体制は、ロシアを孤立させるためにフランス・イギリスと同盟を結ぶものであった。,×,第14章　国民国家と近代社会の形成,間違った文章である。ビスマルク体制の核心は「フランスを孤立させる」ことであり、ロシアとは再保障条約を結んでいました。
ヴィルヘルム2世はビスマルクを留任させ、その慎重な外交方針を引き継いでヨーロッパの平和を維持した。,×,第14章　国民国家と近代社会の形成,間違った文章である。彼はビスマルクを「辞職」させ、積極的な対外拡張を目指す「世界政策」へと転換しました。
ドイツ社会民主党内では、ベルンシュタインらが革命ではなく議会を通じて社会を変える「修正主義」を唱えた。,◯,第14章　国民国家と近代社会の形成,資本主義の崩壊を待つのではなく、現実的な改良を積み重ねる路線は、後の社会民主主義の源流となりました。
ナポレオン3世は、クリミア戦争やイタリア統一戦争に勝利して国威を発揚したが、メキシコ出兵の失敗により威信を低下させた。,◯,第14章　国民国家と近代社会の形成,自由主義的・積極的な対外政策で支持を集めましたが、遠征の失敗とプロイセンへの敗北で帝政は幕を閉じました。
1871年にパリの民衆が樹立したパリ・コミューンは、世界初の社会主義的政権とも称される自治政府である。,◯,第14章　国民国家と近代社会の形成,敗戦と屈辱的な講和に反対して蜂起しましたが、臨時政府軍によって「血の一週間」と呼ばれる惨劇の中で鎮圧されました。
1875年に制定された共和国憲法により確立された第三共和政は、強力な大統領権限をもつ帝政的な共和制であった。,×,第14章　国民国家と近代社会の形成,間違った文章である。実際には議会主導の政治体制であり、大統領の権限は限定的でした。
フランスは1894年に露仏同盟を結び、余剰資本の多くをロシアの鉄道建設などに投資（資本輸出）した。,◯,第14章　国民国家と近代社会の形成,ビスマルクによって孤立させられていたフランスは、ロシアに接近することで外交的突破口を開きました。
ブーランジェ事件（1889年）は、ユダヤ系軍人がスパイ容疑で逮捕されたことから国論を二分した事件である。,×,第14章　国民国家と近代社会の形成,間違った文章である。ユダヤ系軍人のスパイ容疑事件は「ドレフュス事件」であり、ブーランジェ事件は軍部によるクーデタ未遂です。
20世紀初頭のフランスでは、急進共和派が政教分離を推進し、カトリック教会の政治的影響力を排除しようとした。,◯,第14章　国民国家と近代社会の形成,1905年の「政教分離法」により、国家の宗教的中立性が法的に確立されました。
アルザス・ロレーヌの住民について、フランス側の学者は「言語や民族」こそが国民を決定する唯一の基準だと主張した。,×,第14章　国民国家と近代社会の形成,間違った文章である。フランス側は「意志や記憶の共同体（主観的意志）」を、ドイツ側は「言語や血統（客観的基準）」を重視しました。
テキストの歴史家によれば、アルザスをフランスにしたのはルイ14世の征服ではなく、1789年の革命（自由の獲得）である。,◯,第14章　国民国家と近代社会の形成,「フランスという理念を自ら選んだ」という民主的な国民意識を根拠に、ドイツへの割譲を批判しました。
第三共和政下のフランスは、国内の工業化が遅れたため、イギリスのような広大な海外植民地を持つことはなかった。,×,第14章　国民国家と近代社会の形成,間違った文章である。フランスは1880年代以降、チュニジアやインドシナなどを獲得し、イギリスに次ぐ植民地帝国となりました。
農奴解放令（1861年）により、ロシアの農民は身分的に自由となり、領主から無償で土地を譲り受けた。,×,第14章　国民国家と近代社会の形成,間違った文章である。農民は土地を「買い取る」必要があり、多額の負債を抱えることになりました。
知識人らが農村に入り農民を啓蒙したナロードニキ運動は、スローガンとして「ヴ・ナロード（人民のなかへ）」を掲げた。,◯,第14章　国民国家と近代社会の形成,農民からの理解を得られず失敗に終わり、のちに一部の勢力はテロリズム（皇帝暗殺など）へと過激化しました。
1905年の血の日曜日事件をきっかけに勃発した第1次ロシア革命において、労働者は独自の評議会（ソヴィエト）を組織した。,◯,第14章　国民国家と近代社会の形成,日露戦争による生活苦と専制への不満が爆発し、後のロシア革命の先駆けとなる組織が生まれました。
ニコライ2世は十月勅令で国会（ドゥーマ）の開設を約束したが、その後の首相ストルイピンは反動政治を強行した。,◯,第14章　国民国家と近代社会の形成,ウィッテが事態収拾を図ったのに対し、ストルイピンはミールを解体して自作農を育成しようとしましたが、強権的で社会不安を招きました。
オーストリアは、プロイセンに敗北した後、ハンガリーの自立を認めるアウスグライヒ（妥協）を行った。,◯,第14章　国民国家と近代社会の形成,これにより「オーストリア＝ハンガリー帝国」という、二つの政府を持つ独特な二重帝国となりました。
1905年にスウェーデンから武力による激しい内戦を経て独立を勝ち取ったのは、北欧のノルウェーである。,×,第14章　国民国家と近代社会の形成,間違った文章である。ノルウェーの独立は「平和的に（非暴力で）」行われました。
フィンランドは19世紀を通じてロシアの支配下にあったが、1917年のロシア革命を機に独立に成功した。,◯,第14章　国民国家と近代社会の形成,厳しいロシア化政策を受けながらも、民族意識を保ち続け、革命の混乱に乗じて独立を果たしました。
ドレフュス事件に衝撃を受けたヘルツルは、パレスチナにユダヤ人国家を建設しようとするシオニズム運動を開始した。,◯,第14章　国民国家と近代社会の形成,フランスのような民主的な国でも反ユダヤ主義が存在することに絶望し、独自の国家が必要だと考えました。
1848年に民主的な連邦憲法を制定したスイスは、国際紛争に対して特定の大国を支援する軍事同盟政策をとった。,×,第14章　国民国家と近代社会の形成,間違った文章である。スイスは一貫して「中立主義」を国是として守り続けています。
社会革命党（エスエル）はレーニンによって指導され、工場労働者を中心としたマルクス主義による革命を目指した。,×,第14章　国民国家と近代社会の形成,間違った文章である。レーニンの党は「ロシア社会民主労働党」であり、エスエルはナロードニキの流れを汲む農民中心の党です。
南北戦争前、南部諸州は工業を保護するために保護貿易を求め、北部は綿花輸出を優先するために自由貿易を主張した。,×,第14章　国民国家と近代社会の形成,間違った文章である。南部はイギリスとの取引のために「自由貿易」を、北部は自国工業を守るために「保護貿易」を求めた（南北逆）。
1860年に大統領に当選したリンカンは、奴隷制の即時廃止を強く掲げて南部との対決姿勢を鮮明にした。,×,第14章　国民国家と近代社会の形成,間違った文章である。当選当時のリンカンは、奴隷制の「拡大防止」が主眼であり、即時廃止論者ではなかった（当選後に南部の離脱を招いた）。
1862年の自営農地法（ホームステッド法）は、5年間定住した者に土地を無償で与えるものであり、西部の農民を北部側に引きつけた。,◯,第14章　国民国家と近代社会の形成,戦争継続のために、西部の支持を確保する高度な政治的カードでした。
1863年の奴隷解放宣言は、全米の奴隷を直ちに解放する人道的な目的のみで出され、軍事的な意図は含まれていなかった。,×,第14章　国民国家と近代社会の形成,間違った文章である。南部の戦力を削ぎ、イギリスなどの対外介入を防ぐ（世論を味方につける）という戦略的側面も強かった。
南北戦争中の綿花不足により、イギリスでは「綿花飢饉」が起き、代わりにインドやエジプトでの綿花栽培が急拡大した。,◯,第14章　国民国家と近代社会の形成,アメリカに依存していたイギリスの経済構造が、一時的に他地域へとシフトする契機となりました。
1869年に完成した大陸横断鉄道は、広大な国内市場を統合し、アメリカの工業化を急速に加速させた。,◯,第14章　国民国家と近代社会の形成,東部の工業地帯と西部の資源・市場が結ばれ、世界一の工業国への土台が整いました。
1882年に制定された中国人労働者移民排斥法は、アメリカ史上初の移民制限法であり、主に白人労働者の要求によるものだった。,◯,第14章　国民国家と近代社会の形成,大陸横断鉄道建設などを支えたアジア系労働者に対し、低賃金競争を恐れた人々が排斥へと動きました。
南部で制定されたジム・クロウ法などの隔離政策により、公共施設や交通機関での人種分離が行われ、差別が制度化された。,◯,第14章　国民国家と近代社会の形成,奴隷制は廃止されましたが、「分離しても平等（実際は不平等）」という法理で差別は続きました。
シャーマン（反トラスト）法は、巨大企業による独占を規制するために制定され、即座に独占資本の解体に成功した。,×,第14章　国民国家と近代社会の形成,間違った文章である。法は制定されたものの、巨大企業の形成に十分な歯止めをかけることはできませんでした。
19世紀末の激しい経済成長と拝金主義的な社会風潮は、マーク・トウェインらによって「金ピカ時代」と揶揄された。,◯,第14章　国民国家と近代社会の形成,表面はきらびやかだが、中身は腐敗や貧富の差に満ちているという意味が込められています。
1823年に発せられたモンロー宣言は、ヨーロッパ諸国のラテンアメリカ干渉を歓迎し、アメリカの積極的な欧州介入を宣言した。,×,第14章　国民国家と近代社会の形成,正しくは「相互不干渉」。欧州の介入を拒否し、アメリカも欧州の紛争に関わらないとする孤立主義の表明。
第1次選挙法改正（1832年）の翌年、イギリスでは奴隷解放法が制定され、これと同時に児童労働を全面的に禁止する工場法も成立した。,×,第14章　国民国家と近代社会の形成,工場法は制定されたが、児童労働を「制限」したものであり、「全面的に禁止」したわけではない。
ナポレオン3世が推進したアルジェリア出兵は、七月革命の混乱を鎮めるためにシャルル10世が始めた政策を継承したものである。,◯,第14章　国民国家と近代社会の形成,正解。アルジェリア侵攻を開始したのはシャルル10世で、その後ナポレオン3世も植民地化を加速させました。
普墺戦争の結果、オーストリアはドイツ連邦から追放され、プロイセンを盟主とする「ドイツ帝国」が1867年に成立した。,×,第14章　国民国家と近代社会の形成,1867年に成立したのは「北ドイツ連邦」。ドイツ帝国の成立は普仏戦争後の1871年。
ロシアのストルイピンは、第1次ロシア革命の混乱を収拾するため、農村共同体（ミール）を強化して農民の支持を取り付けた。,×,第14章　国民国家と近代社会の形成,ストルイピンは農民の自立を促すため、むしろミールを「解体」して自作農を創出しようとした。
アメリカ労働総同盟（AFL）は、1886年に結成された熟練労働者中心の組織で、政治闘争よりも経済的地位の向上を重視した。,◯,第14章　国民国家と近代社会の形成,正解。これに対し、20世紀に成立したIWW（世界産業労働者同盟）はより革命的・政治的でした。
ドレフュス事件において、作家のゾラは新聞紙上で「私は告発する」と発表し、軍部の不正と反ユダヤ主義を鋭く批判した。,◯,第14章　国民国家と近代社会の形成,正解。これによりフランス国内は「ドレフュス派」と「反ドレフュス派」に二分されました。
メキシコ革命（1910年〜）において、サパタやビリャら農民軍の指導者は、最終的にマデロと協力して独裁を打破し、政権を握り続けた。,×,第14章　国民国家と近代社会の形成,マデロは暗殺され、その後サパタらも殺害されるなど、革命勢力内での内部抗争が激化しました。
イギリスのフェビアン協会は、マルクス主義的な階級闘争による革命を主張し、労働者による武力蜂起を指導した。,×,第14章　国民国家と近代社会の形成,フェビアン協会は「議会を通じた漸進的な改良」を主張する知識人集団であり、革命主義ではない。
クリミア戦争の際、ナポレオン3世はイギリスやサルディニアと結んでロシアを破り、ウィーン体制の「重し」を排除することに成功した。,◯,第14章　国民国家と近代社会の形成,正解。この勝利により、ウィーン体制を支えた「列強の協調」が完全に崩れ、伊・独の統一が可能になりました。
1823年に発せられたモンロー宣言は、ヨーロッパ諸国のラテンアメリカ干渉を歓迎し、アメリカの積極的な欧州介入を宣言した。,×,第14章　国民国家と近代社会の形成,正しくは「相互不干渉」。欧州の介入を拒否し、アメリカも欧州の紛争に関わらないとする孤立主義の表明。
第1次選挙法改正（1832年）の翌年、イギリスでは奴隷解放法が制定され、これと同時に児童労働を全面的に禁止する工場法も成立した。,×,第14章　国民国家と近代社会の形成,工場法は制定されたが、児童労働を「制限」したものであり、「全面的に禁止」したわけではない。
ナポレオン3世が推進したアルジェリア出兵は、七月革命の混乱を鎮めるためにシャルル10世が始めた政策を継承したものである。,◯,第14章　国民国家と近代社会の形成,正解。アルジェリア侵攻を開始したのはシャルル10世で、その後ナポレオン3世も植民地化を加速させました。
普墺戦争の結果、オーストリアはドイツ連邦から追放され、プロイセンを盟主とする「ドイツ帝国」が1867年に成立した。,×,第14章　国民国家と近代社会の形成,1867年に成立したのは「北ドイツ連邦」。ドイツ帝国の成立は普仏戦争後の1871年。
ロシアのストルイピンは、第1次ロシア革命の混乱を収拾するため、農村共同体（ミール）を強化して農民の支持を取り付けた。,×,第14章　国民国家と近代社会の形成,ストルイピンは農民の自立を促すため、むしろミールを「解体」して自作農を創出しようとした。
アメリカ労働総同盟（AFL）は、1886年に結成された熟練労働者中心の組織で、政治闘争よりも経済的地位の向上を重視した。,◯,第14章　国民国家と近代社会の形成,正解。これに対し、20世紀に成立したIWW（世界産業労働者同盟）はより革命的・政治的でした。
ドレフュス事件において、作家のゾラは新聞紙上で「私は告発する」と発表し、軍部の不正と反ユダヤ主義を鋭く批判した。,◯,第14章　国民国家と近代社会の形成,正解。これによりフランス国内は「ドレフュス派」と「反ドレフュス派」に二分されました。
メキシコ革命（1910年〜）において、サパタやビリャら農民軍の指導者は、最終的にマデロと協力して独裁を打破し、政権を握り続けた。,×,第14章　国民国家と近代社会の形成,マデロは暗殺され、その後サパタらも殺害されるなど、革命勢力内での内部抗争が激化しました。
イギリスのフェビアン協会は、マルクス主義的な階級闘争による革命を主張し、労働者による武力蜂起を指導した。,×,第14章　国民国家と近代社会の形成,フェビアン協会は「議会を通じた漸進的な改良」を主張する知識人集団であり、革命主義ではない。
クリミア戦争の際、ナポレオン3世はイギリスやサルディニアと結んでロシアを破り、ウィーン体制の「重し」を排除することに成功した。,◯,第14章　国民国家と近代社会の形成,正解。この勝利により、ウィーン体制を支えた「列強の協調」が完全に崩れ、伊・独の統一が可能になりました。
後発資本主義国では、イギリスを模範としたため、政府の介入を一切排した「自由放任主義」によって軽工業から順に発展した。,×,第15章　世界市場の形成とアジア,実際は、政府による「保護関税や資本援助」が行われ、鉄道や機械などの「重工業」を中心に推進されました。
ドイツでは、1834年に発足したドイツ関税同盟が経済的統一を促し、1830年代から重工業中心の産業革命が進展した。,◯,第15章　世界市場の形成とアジア,正解。政治的統一（1871年）に先駆けて、経済的な統一が先行したのがドイツの特徴です。
アメリカの工業化は、19世紀末の米英戦争を契機にイギリス製品が流入したことで、綿工業を中心に本格化した。,×,第15章　世界市場の形成とアジア,米英戦争によってイギリスとの貿易が途絶えたため、自国での「輸入代替」による工業化が始まりました（逆の効果）。
古典派経済学を確立したアダム・スミスやリカードは、国家が積極的に市場をコントロールし、関税で国内産業を守るべきだと説いた。,×,第15章　世界市場の形成とアジア,彼らは「自由な経済活動（自由放任）」を理論化したのであり、保護貿易を主張したのはドイツのリストです。
ドイツの経済学者リストは、イギリスのような先進国に対抗するため、保護貿易の必要性を唱えて歴史学派の先駆けとなった。,◯,第15章　世界市場の形成とアジア,正解。リストは、経済の発展段階に応じた国家の保護政策を重視しました。
19世紀後半、世界貿易の決済システムとして、イギリスのポンドを基軸とした金銀複本位制が国際的な主流となった。,×,第15章　世界市場の形成とアジア,1870年代以降、イギリスに倣って「金本位制」へと移行しました。ポンド＝金というシステムです。
株式会社の形態が普及した理由は、重工業化にともなう巨額の資金調達に、個人企業や共同企業では対応できなくなったからである。,◯,第15章　世界市場の形成とアジア,正解。この時期、ロンドンのシティは世界金融の中心地として君臨しました。
19世紀のヨーロッパからアメリカへの移住者は、一貫してイタリアやロシアなどの南東ヨーロッパ出身者が多数を占めていた。,×,第15章　世界市場の形成とアジア,初期（19世紀半ばまで）はイギリス、アイルランド、ドイツなどの「北西欧」が中心で、南東欧が増えるのは19世紀末以降です。
フェミニズム運動の高揚に対し、欧米各国は即座に女性参政権を認め、19世紀末までには全ヨーロッパで女性の政治参加が実現した。,×,第15章　世界市場の形成とアジア,運動は活発化しましたが、多くの国で女性参政権が実現するのは第一次世界大戦後（20世紀）のことです。
19世紀末の国家は、労働運動の激化に対し、弾圧だけでなく社会立法（保険制度など）によって労働者を体制内に取り込もうとした。,◯,第15章　世界市場の形成とアジア,正解。ドイツのビスマルクによる社会保険などがその代表例です。
クーリー（苦力）は、奴隷貿易の禁止にともなう労働力不足を補うため、主に日本や韓国から欧米各地へ送り出された契約労働者である。,×,第15章　世界市場の形成とアジア,間違った文章である。労働力の主な供給源は「中国やインド」などである。
19世紀半ば、モース（モールス）の発明した電信機と海底ケーブルの敷設により、情報の伝達速度は飛躍的に向上した。,◯,第15章　世界市場の形成とアジア,大西洋横断ケーブル（1858年）などの敷設により、物理的な距離を超えた情報共有が可能になりました。
万国電気通信連合や万国郵便連合などの国際組織は、20世紀の第一次世界大戦後に初めて設立された。,×,第15章　世界市場の形成とアジア,間違った文章である。これらは19世紀後半（1865年、1875年）に、産業資本主義の展開を円滑にするために設立された。
1884年の国際子午線会議において、グリニッジ天文台を通る子午線が基準とされ、世界標準時が制定された。,◯,第15章　世界市場の形成とアジア,鉄道や船の運行、電信による取引を正確に行うために、時間の世界的な統一が必要となりました。
国際赤十字社は、普仏戦争をきっかけとして、戦時負傷者の救護を目的に1864年に設立された。,◯,第15章　世界市場の形成とアジア,デュナンらの提唱により、ナショナリズムの時代にあって超国家的な人道支援組織が誕生しました。
第1インターナショナルは、マルクスらが指導した国際的な労働者の組織であり、世界の一体化にともなう労働問題に対応した。,◯,第15章　世界市場の形成とアジア,資本の国際的な動きに対し、労働者側も国境を越えたネットワークを構築しようとしました。
マルサスは『人口論』において、人口の増加が食料生産の増加を追い越し、貧困が不可避であることを説いた。,◯,第15章　世界市場の形成とアジア,古典派経済学の悲観的な側面を代表する理論であり、その後の社会政策に大きな影響を与えました。
日本が世界の電信網に接続されたのは、日露戦争後の20世紀初頭になってからであった。,×,第15章　世界市場の形成とアジア,間違った文章である。明治維新直後の1871年に、長崎から上海・ウラジヴォストクへ海底ケーブルが引かれ、接続された。
19世紀の海底ケーブル敷設は、純粋な人道的活動として行われ、民間投資や経済活動としての側面は希薄であった。,×,第15章　世界市場の形成とアジア,間違った文章である。電信ネットワークは、それ自体が多額の投資を必要とする「巨大な経済活動」であった。
第2インターナショナルは、1889年に結成された国際社会主義者大会を起源とし、各国社会主義政党のゆるやかな連合体であった。,◯,第15章　世界市場の形成とアジア,19世紀末の社会主義運動の高揚を背景に、第1インターナショナルを継承する形で発展しました。
マフムト2世は、旧態依然としたイェニチェリ軍団を温存しつつ、西欧式の新軍を創設することで軍事改革を成功させた。,×,第15章　世界市場の形成とアジア,間違った文章である。実際には改革の障害となっていた「イェニチェリを廃止（一掃）」した。
オスマン帝国が1839年に発したギュルハネ勅令により始まった、西欧化・中央集権化を目指す一連の改革をタンジマートと呼ぶ。,◯,第15章　世界市場の形成とアジア,恩恵という意味のこの改革は、行政・軍事・教育など広範にわたりましたが、財政難などで難航しました。
1856年の改革勅令は、宗教に関わらず全住民の法的な平等を宣言し、非ムスリムをジンミーではなく「国民」として統合することを目指した。,◯,第15章　世界市場の形成とアジア,列強の圧力を背景に、近代的な国民国家への脱皮を試みた画期的な宣言でした。
エジプトのムハンマド・アリーは、フランス軍撤退後の混乱を収拾し、マムルーク勢力を保護することで国内を安定させた。,×,第15章　世界市場の形成とアジア,間違った文章である。彼は実権を握るため、敵対する「マムルーク勢力を一掃（虐殺）」した。
ムハンマド・アリーは、綿花の国家独占輸出などを通じて富国強兵を推進し、オスマン帝国から独立してエジプト＝トルコ戦争を起こした。,◯,第15章　世界市場の形成とアジア,シリアの領有をめぐって本国と戦い、一時は本国を圧倒するほどの軍事力を誇りました。
1840年のロンドン会議の結果、ムハンマド・アリーはシリアの領有を認められ、オスマン帝国からの完全独立を果たした。,×,第15章　世界市場の形成とアジア,間違った文章である。列強の介入により「シリアは放棄」させられ、独立ではなく「総督位の世襲」のみが認められた。
アラビア半島で始まったワッハーブ派の運動は、聖者信仰を重視し、神秘主義的な儀礼をイスラームの正統として推奨した。,×,第15章　世界市場の形成とアジア,間違った文章である。ワッハーブ派は「聖者信仰を批判」し、初期の教えに立ち返る（厳格な一神教）を主張した。
サウード家と結びついたワッハーブ王国は、メッカ・メディナを支配下に置いたが、最終的にムハンマド・アリーの軍によって滅ぼされた。,◯,第15章　世界市場の形成とアジア,一度は滅びますが、この精神と家系がのちのサウジアラビア建国へと繋がっていきます。
フランスは1830年にアルジェリアを占領し、現地の抵抗運動を退けて1848年にこれを自国へ併合した。,◯,第15章　世界市場の形成とアジア,これに危機感を抱いたオスマン帝国は、隣接するリビアの直接支配を強化することになりました。
クリミア戦争に勝利したオスマン帝国は、外国からの借款をすべて返済し、自国資本による鉄道建設や銀行設立を自力で達成した。,×,第15章　世界市場の形成とアジア,間違った文章である。戦争により財政は破綻状態となり、鉄道や銀行は「外国資本」に支配されることになった。
サファヴィー朝滅亡後の混乱を収拾したカージャール朝は、デリーを襲撃するなどインド方面へ積極的に進出した。,×,第15章　世界市場の形成とアジア,間違った文章である。インドへ進出しデリーを襲撃したのは、カージャール朝ではなく、その前のナーディル・シャーである。
ロシアとの戦争に敗れたカージャール朝は、1828年にトルコマンチャーイ条約を締結し、カフカスの一部を割譲した。,◯,第15章　世界市場の形成とアジア,この条約で領土（アルメニア等）を失っただけでなく、治外法権や不平等な関税を認めることになりました。
トルコマンチャーイ条約は、イランにとって有利な通商条件を含む対等な条約であり、ロシアの南下を完全に阻止した。,×,第15章　世界市場の形成とアジア,間違った文章である。実際にはイランにとって極めて不利な不平等条約であり、ロシアの南下を加速させました。
カージャール朝はロシアの支持を得てアフガニスタンへ侵攻したが、これを阻止しようとするフランスと戦うことになった。,×,第15章　世界市場の形成とアジア,間違った文章である。ロシアの南下を警戒して介入し、イランと対立したのはフランスではなくイギリスである。
19世紀半ばのイランでは、シーア派から派生し独自の教義をもつバーブ教が広まり、農民や商人の支持を得た。,◯,第15章　世界市場の形成とアジア,社会的混迷の中で急速に広まりましたが、政府の激しい弾圧を受けることになります。
1848年に起こったバーブ教徒の乱は、政府軍を圧倒してイラン全土にイスラーム改革国家を樹立することに成功した。,×,第15章　世界市場の形成とアジア,間違った文章である。武装蜂起は行われましたが、政府によってまもなく鎮圧されました。
北カフカスでは、ロシアの征服に対して神秘主義教団が指導する抵抗運動が起こり、長年にわたってロシア軍を苦しめた。,◯,第15章　世界市場の形成とアジア,ナショナリズムと宗教が結びついた強固な抵抗でしたが、クリミア戦争後の大攻勢で占領されました。
イランの改革は19世紀半ばに軍事・行政・教育の分野で試みられ、イギリスの全面的な支援によって永続的な成功を収めた。,×,第15章　世界市場の形成とアジア,間違った文章である。改革は試みられたものの、保守派の反発や列強の干渉などにより長続きしませんでした。
バーブ教から派生したバハーイー教は、イラン国内で国教として認められ、中東全域に布教を拡大した。,×,第15章　世界市場の形成とアジア,間違った文章である。バハーイー教はイランで迫害を受け、主にイラン国外で布教が行われました。
19世紀後半、イギリスとロシアの勢力争いの結果、イランの領土はおおよそ現在の領域へと確定した。,◯,第15章　世界市場の形成とアジア,二大国の緩衝地帯となる形で、現在のイランの国境線の原型が形作られました。
1757年のプラッシーの戦いで、クライヴ率いるイギリス東インド会社軍は、フランスと結んだベンガル太守軍を破った。,◯,第15章　世界市場の形成とアジア,この勝利により、イギリスはインドにおけるフランスの影響力を排除し、実質的な支配権を確立し始めました。
イギリスは、マイソール戦争やマラーター戦争を通じて諸王国を服従させ、19世紀半ばにはインド全域を支配下に置いた。,◯,第15章　世界市場の形成とアジア,直轄領（管区）と、外交権を奪われた「藩王国」によって、インドの植民地化が完成しました。
1833年にイギリス議会で決定された措置により、東インド会社は茶貿易や中国貿易の独占権を拡大し、商業活動を強化した。,×,第15章　世界市場の形成とアジア,間違った文章である。実際には独占権が「廃止」され、会社は商業活動を停止して「統治専門組織」へと変わった。
ベンガル地方で導入されたザミンダーリー制は、耕作農民（ライヤット）に直接土地所有権を与え、納税させる制度である。,×,第15章　世界市場の形成とアジア,間違った文章である。農民ではなく、伝統的な領主層（ザミンダール）を地主として認定し、納税義務を課した。
南インドなどで実施されたライヤットワーリー制は、政府が実際の耕作者（自作農）を納税者として直接契約する制度である。,◯,第15章　世界市場の形成とアジア,北部のザミンダーリー制に対し、南部ではより直接的な徴税体制がとられました。
産業革命の結果、インドはイギリスへ高品質な綿布を大量に輸出し、イギリスの機械製綿布を圧倒し続けた。,×,第15章　世界市場の形成とアジア,間違った文章である。安価なイギリス製綿布の流入により、インドは「綿製品の輸出国」から「原料（綿花）の輸出国」へ転落した。
ヒンドゥー教の風習であるサティー（後追い自殺）に対し、近代知識人のローイらは伝統文化の保持を理由に存続を主張した。,×,第15章　世界市場の形成とアジア,間違った文章である。ローイらは西欧の知識を学び、サティーを「因習」として批判し、廃止運動を推進した。
イギリス東インド会社が獲得したベンガルの徴税権（ディワーニー）は、ムガル皇帝から正式に認められたものである。,◯,第15章　世界市場の形成とアジア,形式的にはムガル皇帝の臣下として、実質的には領主として税を徴収する複雑な支配形態をとりました。
植民地支配下のインドでは、ザミンダーリー制の導入によって耕作農民の権利が強化され、地主への従属性は解消された。,×,第15章　世界市場の形成とアジア,間違った文章である。慣習的な権利が認められなかったため、農民は地主に対してより「従属的」になった。
19世紀のイギリス東インド会社は、インドで生産したアヘンを中国（清）へ輸出し、その利益を本国への送金や貿易決済に充てた。,◯,第15章　世界市場の形成とアジア,英・印・清を結ぶ「三角貿易」が形成され、これが後にアヘン戦争の原因となります。
インド大反乱（1857年）は、東インド会社のインド人傭兵（シパーヒー）による、新式銃の弾薬に牛や豚の脂が塗られているという噂への反発が端緒となった。,◯,第15章　世界市場の形成とアジア,宗教的禁忌に触れたことが直接の引き金ですが、背景にはイギリスの強引な藩王国併合や重税への不満がありました。
インド大反乱の結果、イギリスはムガル皇帝を擁護して保護国とし、東インド会社による支配をさらに強化した。,×,第15章　世界市場の形成とアジア,間違った文章である。実際にはムガル帝国を滅亡させ、東インド会社を解散してイギリス政府の直轄領とした。
1877年に成立したインド帝国では、ヴィクトリア女王が皇帝を兼ね、直轄領と多数の藩王国で構成された。,◯,第15章　世界市場の形成とアジア,これにより、イギリスによるインド支配の形式的な完成を見ることとなりました。
ベトナムの阮朝（フエを都とする）は、清の援助を得てタイソン政権を倒し、1802年に全ベトナムを統一した。,×,第15章　世界市場の形成とアジア,間違った文章である。阮福暎を援助したのは清ではなく、フランス人宣教師ピニョーらである（清には後に朝貢した）。
1824年の英蘭協定により、イギリスはジャワ島の支配を認め、オランダはマレー半島の支配権を獲得した。,×,第15章　世界市場の形成とアジア,間違った文章である。正しくは「イギリスがマレー半島」、「オランダがインドネシア（ジャワ・スマトラ側）」の支配権を互いに認めた。
イギリスは、ペナン、マラッカ、シンガポールを合わせて海峡植民地を成立させ、東南アジア進出の拠点とした。,◯,第15章　世界市場の形成とアジア,特にシンガポールはラッフルズによって建設され、自由港として急速に発展しました。
フィリピンを支配したスペインは、1834年にマニラを自由港とし、サトウキビなどの輸出用商品作物の生産を拡大させた。,◯,第15章　世界市場の形成とアジア,貿易制限を緩和することで、国際市場に直結した大土地所有（プランテーション）が広がりました。
タイのラタナコーシン朝（チャクリ朝）は、ビルマ（コンバウン朝）の侵入を退け、現在のタイの領域をほぼ統一した。,◯,第15章　世界市場の形成とアジア,バンコクを首都とし、清との交易や華人商人の活動を背景に繁栄しました。
コンバウン朝（アラウンパヤー朝）は、タイのアユタヤ王国を滅ぼし、清やイギリスに対しても攻勢に出るなど強勢を誇った。,◯,第15章　世界市場の形成とアジア,ビルマ史上最強の王朝の一つでしたが、のちにイギリスとの戦争（ビルマ戦争）で植民地化されることになります。
オランダ東インド会社は、18世紀を通じてジャワ島を領土化し、コーヒーや砂糖などの国際的商品の生産を強制した。,◯,第15章　世界市場の形成とアジア,単なる「中継貿易」から、植民地での「商品生産」へと政策を転換しました。
18世紀末、清では人口急増にともなう乱開発により社会が不安定化し、終末論を唱える白蓮教徒の乱が発生した。,◯,第15章　世界市場の形成とアジア,この反乱の鎮圧に多額の費用がかかり、清の財政悪化と権威失墜の端緒となりました。
イギリスは清との貿易赤字を解消するため、本国からアヘンを直接清に輸出し、茶を買い付ける二国間貿易を開始した。,×,第15章　世界市場の形成とアジア,間違った文章である。本国からではなく、植民地インドを介した「三角貿易」によってアヘンを輸出した。
清から銀が流出した結果、国内の銀価格が下落したため、銀で税を納める農民の生活は大幅に改善された。,×,第15章　世界市場の形成とアジア,間違った文章である。銀不足により銀価格が「騰貴（上昇）」したため、実質的な増税となり農民を圧迫した。
南京条約（1842年）により、清は広州の公行（特権商人）を廃止し、上海などの5港を開港、さらに香港島を割譲した。,◯,第15章　世界市場の形成とアジア,これにより、清の伝統的な管理貿易体制（広東貿易体制）が崩壊しました。
南京条約の追加条約により、清はイギリスに対し協定関税や領事裁判権を認めたが、これらは当時、不平等とは意識されていなかった。,◯,第15章　世界市場の形成とアジア,当時は主権の侵害という認識が薄く、のちに不平等条約として改正運動の対象となりました。
アロー戦争（第2次アヘン戦争）は、イギリスとフランスが共同で開戦し、最終的に北京まで侵攻した。,◯,第15章　世界市場の形成とアジア,北京への侵攻の際、英仏軍は離宮である円明園を略奪・破壊しました。
1860年の北京条約では、外国使節の北京駐在やアヘン貿易の公認、さらに九竜半島の北部が割譲された。,×,第15章　世界市場の形成とアジア,間違った文章である。割譲されたのは九竜半島の「南部（市街地）」である（北部の新界はのちに租借）。
アロー戦争の混乱に乗じたロシアは、清と条約を結んで沿海州を獲得し、東アジアでの領土を拡大した。,◯,第15章　世界市場の形成とアジア,アイグン条約や北京条約を通じて、ロシアは不凍港を求めて南下し、沿海州を手に入れました。
1861年に設置された総理各国事務衙門は、清における外交専任の正式な省庁として、伝統的な中央官制を抜本的に改革した。,×,第15章　世界市場の形成とアジア,間違った文章である。高官が兼任するなど「非公式で臨時性の高い」組織であり、外交を末端業務とみなす意識が残っていた。
アヘン戦争の衝撃により、日本では警戒感から攘夷論が高まった一方、中国の世界地理書『海国図志』などが広く読まれた。,◯,第15章　世界市場の形成とアジア,清の敗北は、日本に「対岸の火事ではない」という危機感を与え、幕末の動乱に影響を与えました。
第2次産業革命では、石炭と蒸気機関に代わって、石油や電力が新しい動力源となり、重化学工業が発達した。,◯,第16章　アジア・アフリカの統治再編と列強の世界分割,鉄鋼・化学・機械などの分野で技術革新が進み、大規模な設備投資が必要な時代となりました。
19世紀末、巨大企業が利益を守るために結成した企業連合をカルテル、より強力な企業合同をトラストと呼ぶ。,◯,第16章　アジア・アフリカの統治再編と列強の世界分割,自由競争から独占資本の形成へと経済構造が変化したことを示す重要な用語です。
後発工業国であるイギリスやフランスは独占資本の形成でリードし、ドイツやアメリカは資本輸出（国外投資）で優位を保った。,×,第16章　アジア・アフリカの統治再編と列強の世界分割,間違った文章である。独占が顕著だったのは「独・米」であり、資本輸出で優位だったのは「英・仏」である（前後が逆）。
1884〜85年のベルリン会議では、最初に実効支配した国がその土地を領有できるという「先占権」の原則が承認された。,◯,第16章　アジア・アフリカの統治再編と列強の世界分割,ビスマルクの仲介により、アフリカを「無主の地」とみなして分割するルールが確定し、分割が加速しました。
イギリスのセシル・ローズらが推進した、エジプトとケープ植民地を南北に結ぶ政策をアフリカ横断政策と呼ぶ。,×,第16章　アジア・アフリカの統治再編と列強の世界分割,間違った文章である。南北を結ぶのは「縦断政策」であり、横断政策はフランスの政策である。
1898年のファショダ事件では、スーダンで英仏両軍が衝突したが、最終的にイギリスがスーダン、フランスがモロッコを確保して妥協した。,◯,第16章　アジア・アフリカの統治再編と列強の世界分割,この妥協が、のちの英仏協商（1904年）へとつながる大きな一歩となりました。
南アフリカ戦争（ボーア戦争）の結果、イギリスはオランダ系ブール人の建てたトランスヴァール共和国とオレンジ自由国を併合した。,◯,第16章　アジア・アフリカの統治再編と列強の世界分割,金やダイヤモンドの資源を目的とした戦争であり、イギリスの帝国主義的な野心が露骨に現れた事件です。
20世紀初頭までアフリカで独立を維持できたのは、エチオピアとリビアの2カ国だけであった。,×,第16章　アジア・アフリカの統治再編と列強の世界分割,間違った文章である。独立を維持したのは「エチオピア」と「リベリア」である（リビアはイタリアの植民地となった）。
エチオピアは1896年のアドワの戦いにおいて、侵攻してきたイタリア軍を撃退し、独立を守り抜いた。,◯,第16章　アジア・アフリカの統治再編と列強の世界分割,アフリカの近代兵器による抵抗が、ヨーロッパの列強を破った稀有な例です。
ベルギー王レオポルド2世の私領として認められたコンゴ自由国では、人道的な統治が行われ、現地人の権利が尊重された。,×,第16章　アジア・アフリカの統治再編と列強の世界分割,間違った文章である。実際にはゴムの採取などのために極めて「過酷な強制労働」が行われ、国際的な非難を浴びた。
ロシア＝トルコ戦争後のサン・ステファノ条約では、ブルガリアの広大な自治領形成が認められたが、イギリスやオーストリアの反発を招いた。,◯,第16章　アジア・アフリカの統治再編と列強の世界分割,ロシアの南下を警戒する列強の反対により、のちのベルリン会議で条約内容が大幅に修正されました。
1878年のベルリン会議を主催したドイツ首相ビスマルクは、セルビアの独立を認める一方で、ボスニア・ヘルツェゴヴィナをロシアの統治下に置いた。,×,第16章　アジア・アフリカの統治再編と列強の世界分割,間違った文章である。ボスニア・ヘルツェゴヴィナの統治権を得たのはロシアではなくオーストリアである。
1912年に結成されたバルカン同盟は、ロシアの支援を受け、オスマン帝国から領土を奪うために戦った（第1次バルカン戦争）。,◯,第16章　アジア・アフリカの統治再編と列強の世界分割,セルビア、モンテネグロ、ブルガリア、ギリシアによる同盟で、バルカン半島の緊張は「火薬庫」と呼ばれるほど高まりました。
アメリカのマッキンリー大統領は、1898年の米西戦争に勝利し、フィリピン、グアム、プエルトリコを獲得するとともにハワイを併合した。,◯,第16章　アジア・アフリカの統治再編と列強の世界分割,これによりアメリカはカリブ海と太平洋の両方に拠点を持ち、世界列強の仲間入りを果たしました。
アメリカ国務長官ジョン・ヘイが1899年に出した門戸開放宣言は、列強による清（中国）の分割を強く推奨する内容であった。,×,第16章　アジア・アフリカの統治再編と列強の世界分割,間違った文章である。むしろ、中国市場への後発参入を狙い、「機会均等」や「領土保全」を訴えて他国の独占を牽制した。
セオドア・ローズヴェルト大統領は、カリブ海諸国に対し「棍棒外交」と呼ばれる積極介入を行い、パナマ運河の建設を推進した。,◯,第16章　アジア・アフリカの統治再編と列強の世界分割,軍事力を背景に強引に交渉を進める姿勢は、ラテンアメリカ諸国に強い警戒心を与えました。
1903年に独立したパナマは、もともとベネズエラの一部であったが、アメリカの支援によって分離独立を果たした。,×,第16章　アジア・アフリカの統治再編と列強の世界分割,間違った文章である。パナマが分離独立したのはベネズエラからではなくコロンビアからである。
イギリスは1882年にウラービーの反乱を鎮圧してエジプトを事実上の保護国とし、さらにペルシア湾岸へも勢力を広げた。,◯,第16章　アジア・アフリカの統治再編と列強の世界分割,スエズ運河の確保がイギリスの帝国主義戦略において最優先事項となっていました。
ドイツが獲得したバグダード鉄道の敷設権は、ベルリン、ビザンティウム（イスタンブル）、バグダードを結ぶ「3B政策」の一環であった。,◯,第16章　アジア・アフリカの統治再編と列強の世界分割,イギリスの「3C政策」と激しく対立し、第一次世界大戦の遠因となりました。
アメリカの「孤立主義」とは、アジアやラテンアメリカを含む全世界との交流を断つ政策であり、19世紀末まで一貫して守られた。,×,第16章　アジア・アフリカの統治再編と列強の世界分割,間違った文章である。孤立主義は主に「対ヨーロッパ」の関係を指し、アジア等に対しては早くから積極的な進出（ペリー来航など）を行っていた。
エネルギー保存の法則を発見したマイヤーやヘルムホルツの研究は、熱力学の発展に寄与し、蒸気機関のさらなる改良を促した。,◯,第16章　アジア・アフリカの統治再編と列強の世界分割,自然現象をエネルギーの形態変化として捉える視点は、内燃機関（ガソリンエンジン等）の革新にも繋がりました。
19世紀末にダイムラーがガソリン自動車を開発したことで、動力源は石炭から石油や電気へと本格的に移行し始めた。,◯,第16章　アジア・アフリカの統治再編と列強の世界分割,これがいわゆる「第2次産業革命」の技術的基盤となりました。
エディソンは電信機を発明して情報伝達を革新し、のちにベルが電話を、モースが電灯や映画を発明した。,×,第16章　アジア・アフリカの統治再編と列強の世界分割,間違った文章である。正しくは、モースが電信機、ベルが電話、エディソンが電灯・映画である（名前と発明の不一致）。
レントゲンによるX線の発見や、キュリー夫妻による放射性元素の研究は、20世紀の原子物理学の端緒となった。,◯,第16章　アジア・アフリカの統治再編と列強の世界分割,目に見えないミクロの世界の探求は、従来の古典物理学の枠組みを大きく変えました。
細菌学においてパストゥールやコッホが病原菌を発見したことで、コレラなどの伝染病に対する医学的な治療・予防法が確立された。,◯,第16章　アジア・アフリカの統治再編と列強の世界分割,公衆衛生の向上は、爆発的に増加する都市人口の維持に不可欠な要素でした。
ダーウィンは『種の起源』で進化論を唱えたが、これはあくまで生物学の範囲に留まり、当時の社会思想には影響を与えなかった。,×,第16章　アジア・アフリカの統治再編と列強の世界分割,間違った文章である。進化論は自然科学を越えた大反響を呼び、のちの「社会進化論」などへも繋がった。
ランケは、史料批判に基づいた実証的な近代歴史学を確立し、ヨーロッパ文明の起源としての古典古代研究を本格化させた。,◯,第16章　アジア・アフリカの統治再編と列強の世界分割,伝説や物語ではなく、確かな史料から歴史を再構築する手法は、現代歴史学の基礎となりました。
スペンサーは、ダーウィンの適者生存説を人間社会に適用して「社会進化論」を唱え、これが植民地支配の正当化に利用された。,◯,第16章　アジア・アフリカの統治再編と列強の世界分割,「強者が弱者を支配するのは自然の摂理である」という主張は、帝国主義を支える危険な理論的支柱となりました。
哲学者ニーチェは、ヨーロッパ文明の理性を高く評価し、伝統的なキリスト教的道徳こそが人類を救うと主張した。,×,第16章　アジア・アフリカの統治再編と列強の世界分割,間違った文章である。ニーチェはむしろ伝統的なキリスト教道徳やヨーロッパ文明の根本を批判した（ニヒリズム等）。
精神科医フロイトは、人間の意識的な行動よりも「無意識」の層が重要であると考え、精神分析学の基礎を築いた。,◯,第16章　アジア・アフリカの統治再編と列強の世界分割,人間の理性を信じていた近代社会において、本能や無意識に光を当てた彼の理論は大きな衝撃を与えました。
写実主義の先駆者であるスタンダールやバルザックに対し、ゾラやモーパッサンは、より客観的に現実を描く自然主義文学を確立した。,◯,第16章　アジア・アフリカの統治再編と列強の世界分割,社会の暗部や人間の本能を科学的な視点で描こうとしたのが自然主義の特徴です。
ロシア文学では、ドストエフスキーや『戦争と平和』のトルストイが、帝政下の暗い社会を反映した深い精神性を備えた作品を著した。,◯,第16章　アジア・アフリカの統治再編と列強の世界分割,彼らの作品は、西欧の近代合理主義に対するロシア独自の深い洞察を含んでいます。
フランスの詩人ボードレールは、自然主義文学の代表者として、農村の貧しい生活をありのままに描く詩集を発表した。,×,第16章　アジア・アフリカの統治再編と列強の世界分割,間違った文章である。ボードレールは自然主義に反発し、内面性を重視する象徴主義・耽美主義の先駆者となった。
美術では、モネやルノワールら印象派が光と色彩の感覚的表現を重視し、のちのセザンヌやゴッホら後期印象派へと繋がった。,◯,第16章　アジア・アフリカの統治再編と列強の世界分割,写実的な正確さよりも、その瞬間に目が受けた「印象」をキャンバスに定着させようとしました。
19世紀末に流行したアール・ヌーヴォーは、絵画だけに限定された運動であり、建築や工芸品には影響を与えなかった。,×,第16章　アジア・アフリカの統治再編と列強の世界分割,間違った文章である。アール・ヌーヴォーは、家具、建築、装飾など生活空間全体に及ぶデザイン運動であった。
音楽では、ドビュッシーがロマン主義を脱した印象主義音楽を切り開き、シェーンベルクが無調音楽を創始した。,◯,第16章　アジア・アフリカの統治再編と列強の世界分割,音楽においても、従来の調性や形式を打破する新しい試みが始まりました。
1903年にライト兄弟が飛行機の初飛行に成功したことは、その後の交通や軍事技術の発展に決定的な影響を与えた。,◯,第16章　アジア・アフリカの統治再編と列強の世界分割,写真、映画、飛行機といった新技術は、20世紀の「速度」と「視覚」の時代を予感させるものでした。
ドイツの植民地政策は、ベルリン・イスタンブル・バグダードを結ぶ「3B政策」と呼ばれ、イギリスの「3C政策」と対立した。,◯,第16章　アジア・アフリカの統治再編と列強の世界分割,この列強間の勢力圏争いが、のちの第一次世界大戦の火種（バルカン半島の火薬庫など）となりました。
極地探検において、1911年に人類で初めて南極点に到達したのは、イギリスのスコットであった。,×,第16章　アジア・アフリカの統治再編と列強の世界分割,間違った文章である。一番乗りを果たしたのはノルウェーのアムンゼンである（スコットはその翌年に到達）。
欧米で唱えられた黄禍論は、日清戦争での勝利や移民の増加を背景に、アジア人を「脅威」として差別する人種主義的議論であった。,◯,第16章　アジア・アフリカの統治再編と列強の世界分割,社会進化論を人種差別に悪用した、帝国主義時代の負の側面を象徴する思想です。
ミドハト・パシャが起草したミドハト憲法（1876年）は、アジアで最初の近代的な憲法であり、立憲政の導入を目指した。,◯,第16章　アジア・アフリカの統治再編と列強の世界分割,アジア最初の近代憲法として重要です。しかし、発布後まもなく停止される不遇な運命をたどりました。
アブデュルハミト2世は、ミドハト憲法を永久不変の法として守り、議会を中心とした民主的な政治を終生維持した。,×,第16章　アジア・アフリカの統治再編と列強の世界分割,間違った文章である。実際にはロシアとの戦争（露土戦争）を口実に、1878年に憲法を停止し、専制政治を復活させた。
アブデュルハミト2世は、自らのカリフとしての地位を強調し、帝国内内外のムスリムの団結を訴える「パン・イスラーム主義」を展開した。,◯,第16章　アジア・アフリカの統治再編と列強の世界分割,領土を失いムスリム比重が高まった帝国を、宗教的な権威で統合しようとする戦略でした。
1908年の青年トルコ革命は、専制政治に反対する若手将校らが憲法の復活を求めて起こしたもので、立憲政が復活した。,◯,第16章　アジア・アフリカの統治再編と列強の世界分割,「統一と進歩委員会」を中心としたこの革命により、再び議会政治が始まりました。
青年トルコ革命の直後、オスマン帝国の政治的混乱に乗じて、オーストリアはボスニア・ヘルツェゴヴィナの独立を認めた。,×,第16章　アジア・アフリカの統治再編と列強の世界分割,間違った文章である。オーストリアは独立を認めたのではなく、自国に併合した。
1911年にイタリアがリビアに侵攻したイタリア＝トルコ戦争は、オスマン帝国のバルカン半島領土喪失を加速させる一因となった。,◯,第16章　アジア・アフリカの統治再編と列強の世界分割,この戦争に連動して第1次バルカン戦争が勃発し、帝国はヨーロッパ側の領土をほぼ失うことになります。
青年トルコ人の新政権は、当初から一貫して「トルコ人至上主義」を掲げ、アラブ人やギリシア人を徹底的に排除する方針をとった。,×,第16章　アジア・アフリカの統治再編と列強の世界分割,間違った文章である。当初は多様な民族を「オスマン国民」として統合することを目指したが、領土喪失の危機を経てトルコ民族主義へと傾斜した。
オスマン帝国の近代化が進む中、土着の綿織物業はイギリス綿製品の流入によって完全に消滅し、再建されることはなかった。,×,第16章　アジア・アフリカの統治再編と列強の世界分割,間違った文章である。輸入綿糸を利用した国内向け生産や、輸出用の絨毯産業など、形態を変えて生き延びた。
青年トルコ革命後のオスマン帝国は、外交的にイギリスやフランスとの同盟を深め、ドイツの3B政策を真っ向から批判した。,×,第16章　アジア・アフリカの統治再編と列強の世界分割,間違った文章である。帝国はむしろドイツに接近し、第一次世界大戦でもドイツ側の陣営で参戦することになります。
ミドハト憲法では、オスマン国籍を有する者は宗教や宗派に関わらずすべて「オスマン人」と称されることが定められた。,◯,第16章　アジア・アフリカの統治再編と列強の世界分割,非ムスリムを「国民」として平等に扱うことで、帝国の分裂を防ごうとした「オスマン主義」の表現です。
ムハンマド・アリー朝のエジプトは、1869年にフランスの協力のもとスエズ運河を完成させ、国家財政を劇的に改善させた。,×,第16章　アジア・アフリカの統治再編と列強の世界分割,間違った文章である。運河建設等の経費により財政は破綻し、逆に列強（英・仏）の介入を招くことになった。
1875年、エジプト政府は財政難を解消するため、スエズ運河会社の持ち株をイギリスに売却した。,◯,第16章　アジア・アフリカの統治再編と列強の世界分割,当時のイギリス首相ディズレーリが独断で買収を決め、イギリスの運河管理権が確立しました。
ウラービー（オラービー）率いる運動は、立憲政の確立を求めたが、1882年にイギリス軍の介入により鎮圧され、エジプトは事実上の保護国となった。,◯,第16章　アジア・アフリカの統治再編と列強の世界分割,「エジプト人のためのエジプト」を掲げた民族運動でしたが、イギリスの軍事力によって抑え込まれました。
スーダンで「マフディー」を自称したムハンマド・アフマドは、エジプト・イギリスに対し抵抗運動を行い、マフディー国家を築いた。,◯,第16章　アジア・アフリカの統治再編と列強の世界分割,神秘主義教団を基盤としたこの国家は、1898年に滅ぼされるまで約17年間独立を維持しました。
日露戦争での日本の勝利は、中東の人々に衝撃を与え、大日本帝国憲法がペルシア語やアラビア語に翻訳されるなど関心を集めた。,◯,第16章　アジア・アフリカの統治再編と列強の世界分割,アジアの立憲国家がヨーロッパの専制大国に勝ったことが、各地のナショナリズムを刺激しました。
チュニジアは、1861年にイスラーム世界初の憲法を制定したが、1881年にイタリアによって保護国化された。,×,第16章　アジア・アフリカの統治再編と列強の世界分割,間違った文章である。チュニジアを保護国としたのはイタリアではなくフランスである。
リビアでは、イタリアの植民地化に対し、サヌーシー教団という神秘主義教団が中心となって抵抗運動を展開した。,◯,第16章　アジア・アフリカの統治再編と列強の世界分割,イスラーム改革運動と結びついた教団が、植民地支配に対する抵抗の担い手となりました。
モロッコは、1912年のモロッコ事件を経て、その大部分がイギリスの保護国となり、南部はドイツが領有した。,×,第16章　アジア・アフリカの統治再編と列強の世界分割,間違った文章である。大部分はフランスの保護国となり、北部はスペイン、ドイツは撤退した。
エジプトは、綿花の輸出に依存するモノカルチャー経済を形成していたため、国際価格の変動が国家財政に直結する脆弱さを抱えていた。,◯,第16章　アジア・アフリカの統治再編と列強の世界分割,特定の商品（綿花）に頼る構造は、植民地・半植民地経済の典型的な特徴です。
明治の日本において、柴四朗（東海散士）は、エジプトのウラービーの運動を、日本の自由民権運動と共通する民主化運動であると評価した。,◯,第16章　アジア・アフリカの統治再編と列強の世界分割,日本の知識人が、同じアジア・アフリカの民族運動を共感と警戒の目で見守っていたことを示しています。
カージャール朝のイランでは、1891年にイギリス人に与えられたタバコ販売利権に反対し、ウラマーや商人によるボイコット運動が起こった。,◯,第16章　アジア・アフリカの統治再編と列強の世界分割,この「タバコ・ボイコット運動」の成功が、のちの立憲革命へつながる民衆の自信となりました。
イラン立憲革命（1905年〜）は、日露戦争での日本の勝利にも刺激され、国民議会の開設や憲法の制定を実現させた。,◯,第16章　アジア・アフリカの統治再編と列強の世界分割,アジアの小国日本がロシアを破ったことは、イランの知識人や改革派に大きな勇気を与えました。
1911年、イランの立憲運動はイギリスの軍事介入によって壊滅し、カージャール朝は完全に滅亡して共和制に移行した。,×,第16章　アジア・アフリカの統治再編と列強の世界分割,間違った文章である。軍事介入して議会を解散に追い込んだのはロシアであり、王朝はこの時点では存続した。
ロシアは1867年にタシケントに総督府を置き、中央アジアのブハラ・ハン国やヒヴァ・ハン国を保護国とした。,◯,第16章　アジア・アフリカの統治再編と列強の世界分割,クリミア戦争後のロシアは、南下政策の矛先を中央アジアへ向け、着実に勢力圏を拡大しました。
ロシア領内のムスリム知識人が展開した、経済改革を中心とする近代化運動をジャディード運動と呼ぶ。,×,第16章　アジア・アフリカの統治再編と列強の世界分割,間違った文章である。ジャディード運動は教育改革。新方式の学校（ジャディード）を通じて、民族意識やパン・トルコ主義が育まれました。
アフガーニーは、イスラーム世界の団結（パン・イスラーム主義）を説き、列強の侵略に対抗するための内部改革を訴えた。,◯,第16章　アジア・アフリカの統治再編と列強の世界分割,彼はエジプト、イラン、オスマン帝国など各地を渡り歩き、革命の種をまいた「革命の風雲児」です。
アフガーニーの弟子ムハンマド・アブドゥフは、神秘主義的な儀礼のみを重視し、西洋の近代的な要素を一切拒絶する改革を行った。,×,第16章　アジア・アフリカの統治再編と列強の世界分割,間違った文章である。アブドゥフはむしろ近代的な要素を取り入れ、教育や宗教の合理的な改革を試みた。
19世紀、汽船の普及によってメッカ巡礼者が激増したことは、各地のムスリムが意見交換を行い、改革思想が広まる要因となった。,◯,第16章　アジア・アフリカの統治再編と列強の世界分割,交通革命が、皮肉にも帝国主義に対抗する宗教的なネットワークを強化しました。
アフガニスタンは、1880年にロシアを脅威とみたイギリスによって事実上の保護国とされた。,◯,第16章　アジア・アフリカの統治再編と列強の世界分割,イギリスはインド防衛のため、アフガニスタンをロシアに対する緩衝地帯（防波堤）にしようとしました。
イランでは、19世紀末に絹織物業が成長して輸出の主力となり、ヨーロッパの綿織物に対して圧倒的な優位を保った。,×,第16章　アジア・アフリカの統治再編と列強の世界分割,間違った文章である。安価な欧州製綿織物により絹織物業は打撃を受け、代わって輸出の主力となったのは絨毯（じゅうたん）である。
フィリピンのホセ・リサールは、武力革命組織「カティプーナン」を率いてスペイン軍を圧倒し、フィリピンを独立に導いた。,×,第16章　アジア・アフリカの統治再編と列強の世界分割,間違った文章である。ホセ・リサールは改革と啓蒙を重視した知識人であり、武力革命を直接開始したのはカティプーナン党である。
アギナルドを大統領とするマロロス共和国は、米西戦争の混乱に乗じて樹立されたが、その後のアメリカとの戦争に敗れ植民地化された。,◯,第16章　アジア・アフリカの統治再編と列強の世界分割,スペインを追い出した後、今度はアメリカとの戦い（フィリピン＝アメリカ戦争）になり、直轄領とされました。
インドネシアのブディ・ウトモは、イスラーム商人の相互扶助を目的として結成され、最初から急進的な武力独立を掲げていた。,×,第16章　アジア・アフリカの統治再編と列強の世界分割,間違った文章である。ブディ・ウトモはジャワ伝統文化の再評価を掲げた運動であり、商人の団体はサレカット・イスラムである。
ファン・ボイ・チャウは、日露戦争に勝利した日本に学ぶ「ドンズー（東遊）運動」を展開したが、日本政府によって留学生が追放され失敗した。,◯,第16章　アジア・アフリカの統治再編と列強の世界分割,日本がフランスとの協調（日仏協約など）を優先したため、ベトナムの独立運動家たちは裏切られる形となりました。
ベトナムのファン・チュー・チンらは、ドンキン義塾を設立してフランスとの提携による近代化を目指したが、フランスに弾圧された。,◯,第16章　アジア・アフリカの統治再編と列強の世界分割,武装闘争を重視したファン・ボイ・チャウに対し、彼は啓蒙と民衆教育による改革を志向しました。
オランダ領東インドのカルティニは、書簡を通じてジャワ人女性の地位向上や教育の必要性を訴えた。,◯,第16章　アジア・アフリカの統治再編と列強の世界分割,彼女の苦悩と希望は、のちのインドネシア民族運動における女性解放の象徴となりました。
複合社会とは、欧米人、華人、現地人が文化的に深く混ざり合い、身分の差がない平等な社会を形成した状態を指す。,×,第16章　アジア・アフリカの統治再編と列強の世界分割,間違った文章である。階層ごとに役割が固定され、「文化的に相交わることのない」複数の社会が共存している状態を指す。
アメリカは、米西戦争でフィリピンの領有権を得たのち、直ちにフィリピン人に完全な内政自治権と独立を認めた。,×,第16章　アジア・アフリカの統治再編と列強の世界分割,間違った文章である。アメリカはマロロス共和国を認めず、フィリピン委員会による直轄統治を行った。
20世紀初頭、インドネシアの民族意識は、オランダ語による教育を受けた知識人たちが中心となって芽生えていった。,◯,第16章　アジア・アフリカの統治再編と列強の世界分割,支配者の言語（オランダ語）を学ぶことで、逆に近代的な民族主義の概念を身につける皮肉な結果となりました。
タイ（シャム）では、ラタナコーシン朝のもとで近代化が進められたが、英仏の緩衝地帯となることで独立を維持した。,◯,第16章　アジア・アフリカの統治再編と列強の世界分割,周辺諸国が次々と植民地化される中、東南アジアで唯一の独立維持は重要なポイントです。
18世紀後半、クックの航海によりイギリス領となったオーストラリアは、当初は流刑植民地として利用された。,◯,第16章　アジア・アフリカの統治再編と列強の世界分割,1788年から大量の流刑囚が送り込まれ、のちに自由移民による開拓が進みました。
オーストラリアでは、19世紀の金鉱発見などで発展し、1901年に自治領となったが、アジア系移民を排除する白豪主義を堅持した。,◯,第16章　アジア・アフリカの統治再編と列強の世界分割,白人中心の社会を維持するため、非白人に対する強い差別政策が1970年代まで続きました。
ニュージーランドの先住民はアボリジニーと呼ばれ、イギリスは1840年に彼らと条約を結んで植民地とした。,×,第16章　アジア・アフリカの統治再編と列強の世界分割,間違った文章である。ニュージーランドの先住民はマオリ（マオリ人）である（アボリジニーはオーストラリア）。
ハワイ諸島では、1810年にカメハメハ1世が全島を統一してハワイ王国を建設した。,◯,第16章　アジア・アフリカの統治再編と列強の世界分割,ヨーロッパから導入した火器を利用し、それまでの諸勢力を征服して統一王権を樹立しました。
ハワイ王国は、1898年のアメリカ＝スペイン戦争の最中に、フランスによって併合され消滅した。,×,第16章　アジア・アフリカの統治再編と列強の世界分割,間違った文章である。ハワイを併合したのはフランスではなくアメリカ合衆国である。
19世紀後半、フランスはタヒチ島やニューカレドニア島を獲得し、イギリスはフィジー諸島を領有した。,◯,第16章　アジア・アフリカの統治再編と列強の世界分割,太平洋の島々は、英仏を中心に激しい獲得競争の舞台となりました。
ドイツは太平洋進出に遅れたが、ニューギニア島東部やビスマルク諸島を領有することに成功した。,◯,第16章　アジア・アフリカの統治再編と列強の世界分割,後発の帝国主義国として、未占領の地域を次々と自国の勢力圏に組み込みました。
スペインは1898年の戦争に敗れたあと、グアムをアメリカに譲り、他のミクロネシアの島々をイギリスに売却した。,×,第16章　アジア・アフリカの統治再編と列強の世界分割,間違った文章である。スペインは残りの島々をイギリスではなくドイツに売却した。
オランダ領東インド（インドネシア）で行われた強制栽培制度は、コーヒーや砂糖などの商品作物を住民に義務づけるものであった。,◯,第16章　アジア・アフリカの統治再編と列強の世界分割,オランダの財政を潤しましたが、現地住民には過酷な負担を強いるものでした。
19世紀後半、清はベトナムへの宗主権をめぐってフランスと戦い（清仏戦争）、天津条約でフランスの保護権を認めた。,◯,第16章　アジア・アフリカの統治再編と列強の世界分割,これにより中国（清）の「冊封体制」はさらに崩壊し、フランス領インドシナの形成が進みました。
太平天国の乱（1851年〜）は、キリスト教の影響を受けた上帝会を組織した洪秀全によって起こされ、南京を首都とした。,◯,第16章　アジア・アフリカの統治再編と列強の世界分割,「滅満興漢」を掲げ、土地の均等分配（天朝田畝制度）などを理想として掲げました。
太平天国の乱を最終的に鎮圧したのは、清の正規軍である「八旗」や「緑営」を中心とする軍隊であった。,×,第16章　アジア・アフリカの統治再編と列強の世界分割,間違った文章である。実際には曾国藩（湘軍）や李鴻章（淮軍）らが組織した漢人義勇軍である「郷勇」が活躍した。
清が進めた洋務運動は、西洋の優れた軍事・技術を導入しつつ、儒教的な伝統秩序を維持しようとする「中体西用」の立場をとった。,◯,第16章　アジア・アフリカの統治再編と列強の世界分割,根本的な政治制度の改革には踏み込まず、技術の導入のみを優先したため、のちに変法運動との対立が生じました。
ロシアは1858年のアイグン条約で黒龍江（アムール川）以北を、1860年の北京条約でウスリー川以東の沿海州を領有した。,◯,第16章　アジア・アフリカの統治再編と列強の世界分割,列強の介入に乗じて、ロシアは武力を使わずに広大な領土を獲得し、ウラジヴォストクを建設しました。
1871年に調印された日清修好条規は、どちらか一方が他方の最恵国となる片務的な不平等条約であった。,×,第16章　アジア・アフリカの統治再編と列強の世界分割,間違った文章である。日清修好条規は、双方が対等な権利を持つ「対等・平等」な条約であった。
日本は1879年に沖縄県を設置して琉球の領土編入を強行したが、これは清との伝統的な朝貢関係を断絶させるものであった。,◯,第16章　アジア・アフリカの統治再編と列強の世界分割,これがいわゆる「琉球処分」であり、東アジアの伝統的な冊封体制を日本が打破していく過程でした。
1876年に日本が朝鮮と結んだ日朝修好条規（江華条約）は、朝鮮にとっての不平等条約であり、釜山などの開港を定めた。,◯,第16章　アジア・アフリカの統治再編と列強の世界分割,日本は欧米から受けた「砲艦外交」を、今度は自らが朝鮮に対して行ったことになります。
清仏戦争（1884年〜）の結果、清は勝利してベトナムに対する宗主権（冊封・朝貢関係）を強化した。,×,第16章　アジア・アフリカの統治再編と列強の世界分割,間違った文章である。清は軍事的には善戦したが、結果としてベトナムへの宗主権を放棄し、フランスの保護権を認めた。
伊里（イリ）地方をめぐるロシアとの紛争は、1881年のイリ条約によって、左宗棠が奪還した地域の大部分を清が確保することで解決した。,◯,第16章　アジア・アフリカの統治再編と列強の世界分割,清は外交的・軍事的に粘り強く交渉し、イリ地方の大部分を取り戻すことに成功しました。
19世紀後半、キリスト教を「邪教」とみなして反対する地方の郷紳や民衆によって、仇教運動と呼ばれる排外運動が頻発した。,◯,第16章　アジア・アフリカの統治再編と列強の世界分割,西洋の宗教が伝統的な村落秩序を破壊することへの恐怖や反発が、のちの義和団事件へと繋がっていきます。
壬午軍乱（1882年）では、大院君を擁立した軍隊が閔氏一派を襲撃したが、最終的に日本軍が介入して閔氏の権力を回復させた。,×,第16章　アジア・アフリカの統治再編と列強の世界分割,間違った文章である。反乱を鎮圧し、閔氏を後ろ盾として影響力を強めたのは清軍（清）である。
甲申事変（1884年）では、金玉均ら開化派（独立党）が日本を背景にクーデターを起こしたが、袁世凱率いる清軍に敗れた。,◯,第16章　アジア・アフリカの統治再編と列強の世界分割,これにより朝鮮における清の影響力が決定的となり、開化派は日本へ亡命しました。
下関条約（1895年）において、清は朝鮮の完全独立を認め、遼東半島、台湾、澎湖諸島を日本に割譲することに合意した。,◯,第16章　アジア・アフリカの統治再編と列強の世界分割,2億両という多額の賠償金も定められ、清の冊封体制は事実上消滅しました。
日清戦争後、清の国土が分割される危機の中で、ドイツは山東半島の膠州湾を、アメリカは旅順・大連をそれぞれ租借した。,×,第16章　アジア・アフリカの統治再編と列強の世界分割,間違った文章である。1898年、ドイツの膠州湾獲得をきっかけに、列強による激しい租借地獲得競争が始まりました。旅順・大連はロシアが租借しました。
イギリスは、山東半島の威海衛や九龍半島北部の新界を租借し、フランスは広州湾を租借した。,◯,第16章　アジア・アフリカの統治再編と列強の世界分割,各国は租借地を拠点に鉄道敷設権や鉱山開発権を握り、「勢力範囲」を形成しました。
アメリカ国務長官ジョン・ヘイが出した門戸開放宣言は、他国による清の領土分割を武力で阻止することを目的としていた。,×,第16章　アジア・アフリカの統治再編と列強の世界分割,間違った文章である。出遅れたアメリカは、門戸開放・機会均等・領土保全を提唱することで、自国の商機を確保しようとした。
19世紀末のアジア間貿易では、インドから中国へのアヘン輸出が急増し、中国の綿織物業は完全に壊滅した。,×,第16章　アジア・アフリカの統治再編と列強の世界分割,間違った文章である。アヘン輸出は減少し、代わりにインドや日本から綿糸が輸出され、中国ではそれを用いた綿織物生産が行われた。
北洋艦隊は、李鴻章が建設した当時アジア最大級の海軍であったが、日清戦争において日本海軍に敗北し壊滅した。,◯,第16章　アジア・アフリカの統治再編と列強の世界分割,洋務運動の成果であった精鋭艦隊の敗北は、中体西用的な改革の限界を露呈させました。
1894年の甲午農民戦争（東学党の乱）の際、日清両軍が出兵したが、両軍が到着した時にはすでに乱は収束していた。,◯,第16章　アジア・アフリカの統治再編と列強の世界分割,乱が収まったにもかかわらず、撤兵を拒否して朝鮮の改革を迫った日本の強硬姿勢が日清戦争の直接的な引き金となりました。
下関条約により、清は日本に対して欧米諸国と同等の通商上の特権（最恵国待遇など）を与えることとなった。,◯,第16章　アジア・アフリカの統治再編と列強の世界分割,これにより、かつては対等だった日清関係も、日本に有利な不平等条約の関係へと変化しました。
ロシアが1860年の北京条約で獲得したウスリー川以東の地域は、現在のアラスカにあたる地域である。,×,第16章　アジア・アフリカの統治再編と列強の世界分割,間違った文章である。北京条約で得たのは沿海州（ウラジヴォストクなど）である。アラスカはのちにアメリカに売却された。
1884年のベルリン会議（アフリカ分割）では、アフリカの土地を領有する条件として「実効支配」の原則が確立された。,◯,第16章　アジア・アフリカの統治再編と列強の世界分割,これにより、列強によるアフリカの内陸探検と「椅子取りゲーム」のような分割が加速しました。
1891年のイランで起きたタバコ・ボイコット運動は、ロシアの投資家に独占的な利権を与えた政府に対する抗議運動であった。,×,第16章　アジア・アフリカの統治再編と列強の世界分割,間違った文章である。タバコ利権を与えた相手はロシアではなくイギリス人である。
1898年の米西戦争の結果、アメリカはフィリピン、グアム、プエルトリコを獲得し、さらに同年にキューバを直接併合した。,×,第16章　アジア・アフリカの統治再編と列強の世界分割,間違った文章である。キューバは直接併合ではなく、のちに事実上の保護国とした。同年に併合したのはハワイである。
東南アジアの民族運動において、サレカット・イスラムはジャワの伝統文化の再興を主目的としたエリート知識人の団体である。,×,第16章　アジア・アフリカの統治再編と列強の世界分割,間違った文章である。文化再興を掲げたのはブディ・ウトモである。サレカット・イスラムはムスリム商人の相互扶助から始まった。
清仏戦争（1884-85）の講和条約である天津条約により、清はベトナムに対する宗主権を完全に認めさせた。,×,第16章　アジア・アフリカの統治再編と列強の世界分割,間違った文章である。清は逆にベトナムに対する宗主権を放棄し、フランスの保護権を認める結果となった。
1901年に清が調印した北京議定書（辛丑和約）では、賠償金の支払いとともに、外国軍の北京駐兵権が認められた。,◯,第16章　アジア・アフリカの統治再編と列強の世界分割,これにより、中国の首都北京は列強の軍事的な監視下に置かれるという屈辱的な状況になりました。
オーストラリアでは、1901年に連邦が成立して自治領となった際、アジア系移民を歓迎する「開戸開放」の政策がとられた。,×,第16章　アジア・アフリカの統治再編と列強の世界分割,間違った文章である。実際にはアジア系移民を排除する白豪主義が堅持された。
19世紀後半、アフガニスタンはロシアの南下を恐れたイギリスによって、2度のアフガン戦争を経て事実上の保護国とされた。,◯,第16章　アジア・アフリカの統治再編と列強の世界分割,イギリスはインドを守るための「緩衝地帯」としてアフガニスタンを支配下に置こうとしました。
1908年の青年トルコ革命により、アブデュルハミト2世は直ちに処刑され、オスマン帝国は完全に消滅してトルコ共和国となった。,×,第16章　アジア・アフリカの統治再編と列強の世界分割,間違った文章である。革命で復活したのは立憲政（ミドハト憲法の復活）であり、帝国が滅亡し共和国になるのは第一次世界大戦後である。
日露戦争後のポーツマス条約において、日本はロシアから賠償金3億両を獲得し、これを元手に八幡製鉄所を建設した。,×,第16章　アジア・アフリカの統治再編と列強の世界分割,間違った文章である。日露戦争では賠償金は獲得できなかった。八幡製鉄所の建設は日清戦争の賠償金によるものである。
1905年の第2次日韓協約により、韓国は外交権を奪われて日本の保護国となり、初代韓国総督として伊藤博文が着任した。,×,第16章　アジア・アフリカの統治再編と列強の世界分割,間違った文章である。伊藤博文が就いたのは韓国統監である（総督は1910年の併合後に設置）。
孫文が提唱した三民主義のうち「民権主義」とは、満洲人の王朝（清）を倒して漢民族の独立を回復することを指す。,×,第16章　アジア・アフリカの統治再編と列強の世界分割,間違った文章である。清朝打倒と民族独立は「民族主義」にあたる。民権主義は共和政の樹立を指す。
辛亥革命において、清朝から袁世凱へ臨時大総統の地位を譲る条件として、宣統帝（溥儀）の退位と共和政の採用が約束された。,×,第16章　アジア・アフリカの統治再編と列強の世界分割,間違った文章である。地位を譲ったのは清朝ではなく、南京の孫文（中華民国臨時政府）である。
1911年の武昌蜂起のきっかけは、清朝が財政難のために八幡製鉄所の国有化を宣言したことへの反対運動であった。,×,第16章　アジア・アフリカの統治再編と列強の世界分割,間違った文章である。国有化しようとしたのは鉄鋼施設ではなく幹線鉄道（鉄道国有化政策）である。
義兵闘争とは、日本の侵略に対して朝鮮の民衆や元軍人らが起こした武装抵抗運動であり、安重根による伊藤博文暗殺もその流れにある。,◯,第16章　アジア・アフリカの統治再編と列強の世界分割,激しい抵抗に対し、日本は武力による鎮圧と併合への道を強行しました。
中華民国建国後、袁世凱は議会を重んじ、国民党の宋教仁と協力してアジア初の民主的な政党内閣を組織した。,×,第16章　アジア・アフリカの統治再編と列強の世界分割,間違った文章である。袁世凱は独裁を強めるために議会を弾圧し、宋教仁を暗殺させた。
ロシアで1905年に起きた第1次ロシア革命は、日露戦争の敗色濃厚な状況に対する不満も一因となって発生した。,◯,第16章　アジア・アフリカの統治再編と列強の世界分割,「血の日曜日事件」をきっかけに、専制政治（ツァーリズム）への批判が爆発しました。
辛亥革命後、外モンゴル（ハルハ）やチベットでは、清朝の崩壊に乗じて独立や自立を目指す動きが強まった。,◯,第16章　アジア・アフリカの統治再編と列強の世界分割,中華民国側は「五族共和」を掲げて領土維持を図りましたが、辺境地域との摩擦が生じました。
日露戦争に際して、イギリスとフランスは日本を軍事・財政の両面で全面的に支援し、ロシアを国際的に孤立させた。,×,第16章　アジア・アフリカの統治再編と列強の世界分割,間違った文章である。日本を支援したのは英・米であり、フランスは露仏同盟を結んでいたロシアの同盟国であった。
太平天国は「滅満興漢」を掲げ、客家の習慣をもとにした「天朝田畝制」によって、女性を除いた男性のみへの耕地均分化を目指した。,×,第16章　アジア・アフリカの統治再編と列強の世界分割,間違った文章である。天朝田畝制は、女性も含めた耕地の均分化を目指したものである。
1886年の長崎清国水兵事件は、日本の軍事的な優位を清に見せつけ、清に「脱亜論」を抱かせるきっかけとなった。,×,第16章　アジア・アフリカの統治再編と列強の世界分割,間違った文章である。実際には北洋艦隊の強大さを見せつけられた日本側が、清に対する劣勢を痛感した事件である。
日露戦争後のポーツマス条約では、日本はロシアから賠償金を得られなかったが、南樺太や旅順・大連の租借権を獲得した。,◯,第16章　アジア・アフリカの統治再編と列強の世界分割,賠償金が得られなかったため、日本国内では国民の不満が爆発しました。
1905年に東京で結成された中国同盟会は、興中会、華興会、国民党の3つの組織が合同して成立した。,×,第16章　アジア・アフリカの統治再編と列強の世界分割,間違った文章である。合同したのは興中会、華興会、光復会などである（国民党は革命後に組織された）。
孫文の三民主義のうち「民権主義」は、貧富の格差を是正し、土地の権利を平等にすることを意味する。,×,第16章　アジア・アフリカの統治再編と列強の世界分割,間違った文章である。土地の均分や貧富の格差是正は「民生主義」である。民権主義は共和政の樹立を指す。
辛亥革命（1911年）の直接の契機となった武昌蜂起を起こしたのは、孫文が直接指揮する広東の武装組織であった。,×,第16章　アジア・アフリカの統治再編と列強の世界分割,間違った文章である。蜂起したのは湖北の地方新軍であり、当時孫文はアメリカにいた。
1912年に中華民国が建国された際、臨時政府は清と外国が結んでいた従来の条約をすべて破棄することを宣言した。,×,第16章　アジア・アフリカの統治再編と列強の世界分割,間違った文章である。中華民国は国際的な承認を得るため、清の条約の継承を宣言した。
中華民国が掲げた「五族共和」の五族とは、漢・満・蒙古・回・チベット（西蔵）を指す。,◯,第16章　アジア・アフリカの統治再編と列強の世界分割,清の広大な版図を維持するため、多民族の共存を理念として掲げました。
1907年のハーグ密使事件は、日本の韓国保護国化に抗議するために高宗が使節を送ったものだが、結果として高宗は退位に追い込まれた。,◯,第16章　アジア・アフリカの統治再編と列強の世界分割,列強の支持を得られず、逆に日本による韓国支配が強まる結果となりました。
近代史の「三段階論」によれば、洋務運動、変法自強運動、中国革命は、歴史的にこの順序で厳密に区別されて進行したとされる。,×,第16章　アジア・アフリカの統治再編と列強の世界分割,間違った文章である。実際には洋務期に変法が唱えられたり、変法期に洋務が継続されたりと、重なり合って進行していた。
ドイツのヴィルヘルム2世が退陣し、ビスマルクが親英路線に転じたことで、ロシアはフランスと結びつき露仏同盟が成立した。,×,第17章　第一次世界大戦と民族自決,間違った文章である。ビスマルクが退陣し、ヴィルヘルム2世が親英路線（実際には反露）をとったことでロシアが孤立し、露仏同盟が結ばれた。
ドイツが推進した3B政策とは、ベルリン、ビザンティウム、バグダードを結ぶ鉄道敷設を中心とした対外進出政策である。,◯,第17章　第一次世界大戦と民族自決,これがイギリスの3C政策（カイロ、ケープタウン、カルカッタ）と激しく衝突しました。
1904年の英仏協商では、イギリスがモロッコを、フランスがエジプトをそれぞれの勢力圏として認め合った。,×,第17章　第一次世界大戦と民族自決,間違った文章である。正しくはイギリスがエジプト、フランスがモロッコの優先権を認め合った。
第一次世界大戦の直接のきっかけは、1914年にサライェヴォでロシアの帝位継承者夫妻が暗殺された事件である。,×,第17章　第一次世界大戦と民族自決,間違った文章である。暗殺されたのはロシアではなくオーストリアの帝位継承者（フランツ・フェルディナント）である。
1915年、イタリアは「未回収のイタリア」の獲得を条件にロンドン密約を結び、連合国側として参戦した。,◯,第17章　第一次世界大戦と民族自決,これによりイタリアは三国同盟から離脱し、かつての同盟国オーストリアと戦うことになりました。
マルヌの戦い（1914年）においてドイツ軍が勝利し、フランス軍を制圧したことで、大戦は当初の予想通り短期決戦で終わった。,×,第17章　第一次世界大戦と民族自決,間違った文章である。マルヌの戦いでドイツ軍の進撃は阻止され、戦争は長期的な塹壕戦へと突入した。
第一次世界大戦では、戦車、毒ガス、飛行機といった新兵器が初めて登場し、戦争の形態が大きく変化した。,◯,第17章　第一次世界大戦と民族自決,科学技術が殺りく兵器として動員され、凄惨な物量戦・消耗戦となりました。
総力戦体制とは、前線の兵士だけでなく、銃後の女性や植民地の住民、国家の経済資源のすべてを戦争に動員する仕組みを指す。,◯,第17章　第一次世界大戦と民族自決,女性が工場労働に従事したことは、戦後の女性参政権獲得の背景にもなりました。
1907年の英露協商の成立により、イギリス、フランス、ロシアによる三国協商の枠組みが完成した。,◯,第17章　第一次世界大戦と民族自決,これにより、ヨーロッパは三国同盟（独・墺・伊）と三国協商に二分されることになりました。
第2インターナショナルは、大戦が勃発すると各国の社会主義政党が団結して徹底的な反戦運動を展開し、戦争を早期終結に導いた。,×,第17章　第一次世界大戦と民族自決,間違った文章である。各国政党が自国の「祖国防衛」を優先したため、第2インターナショナルは事実上崩壊した。
イギリスは、アラブ人の独立を約束したフサイン・マクマホン協定と、ユダヤ人の郷土建設を認めたバルフォア宣言を両立させ、パレスティナ問題を解決した。,×,第17章　第一次世界大戦と民族自決,間違った文章である。これらはサイクス・ピコ協定を含む「三枚舌外交」であり、現在まで続く中東紛争の火種となった。
1915年、日本はヨーロッパ列強がアジアに不干渉であることを利用し、中国の孫文政権に対して二十一か条要求を突きつけた。,×,第17章　第一次世界大戦と民族自決,間違った文章である。要求を突きつけた相手は孫文ではなく、北京政府の袁世凱である。
アメリカ合衆国が中立を破って参戦した直接の理由は、ドイツによる無制限潜水艦作戦の宣言であった。,◯,第17章　第一次世界大戦と民族自決,ドイツが中立国の商船も無差別に攻撃すると決めたことが、アメリカを連合国側での参戦に踏み切らせました。
ロシアの革命政権は1918年、ドイツとブレスト・リトフスク条約を結んで単独講和し、戦線を拡大させた。,×,第17章　第一次世界大戦と民族自決,間違った文章である。ロシアはこの条約によって領土を割譲し、戦線から離脱した。
ウィルソン大統領の掲げた十四か条では、秘密外交の廃止や民族自決が唱えられたが、民族自決はアジア・アフリカの植民地にも全面的に適用された。,×,第17章　第一次世界大戦と民族自決,間違った文章である。民族自決は主に東欧の敗戦国領内に限定され、戦勝国のアジア・アフリカ植民地には適用されなかった。
1918年11月、キール軍港における水兵の反乱をきっかけにドイツ革命が勃発し、ヴィルヘルム2世は退位してアメリカへ亡命した。,×,第17章　第一次世界大戦と民族自決,間違った文章である。皇帝ヴィルヘルム2世が亡命した先はアメリカではなく、中立国のオランダである。
大戦末期に流行した「スペイン風邪」は、中立国スペインが発祥地であることが科学的に証明されているためその名がついた。,×,第17章　第一次世界大戦と民族自決,間違った文章である。発祥は不明だが、交戦国が検閲で情報を伏せる中、中立国のスペインが詳しく報じたためにその名がついた。
インドでは、イギリスが戦後の自治を約束したため、約140万人もの兵士が連合国側として戦地に動員された。,◯,第17章　第一次世界大戦と民族自決,この「自治の約束」が戦後に反故にされたことが、その後の激しい独立運動につながります。
スペイン風邪による犠牲者は、第一次世界大戦の戦死者（約1000万人）をはるかに上回る数に達した。,◯,第17章　第一次世界大戦と民族自決,パンデミックによる犠牲は、戦争そのものによる死者を凌駕するほどの衝撃を世界に与えました。
1917年のロシア革命と秘密条約の暴露は、自国の独立や解放を願う植民地の民衆に、大きな期待と衝撃を与えた。,◯,第17章　第一次世界大戦と民族自決,帝国主義的な支配の裏側が白日の下に晒されたことは、世界的な反植民地運動の追い風となりました。
1917年3月の二月革命の結果、皇帝ニコライ2世が退位してロマノフ朝が崩壊し、レーニンを首班とするソヴィエト政権が直ちに樹立された。,×,第17章　第一次世界大戦と民族自決,間違った文章である。二月革命で樹立されたのは臨時政府であり、ソヴィエト政権が成立したのは11月の十月革命後である。
帰国したレーニンが発表した「四月テーゼ」では、臨時政府を全面的に支持し、連合国の一員として戦争を継続することを説いた。,×,第17章　第一次世界大戦と民族自決,間違った文章である。レーニンは臨時政府との対決を主張し、「すべての権力をソヴィエトへ」と説いた。
ソヴィエト政府が最初に出した「平和に関する布告」は、無併合・無賠償・民族自決の原則による即時停戦を呼びかけるものであった。,◯,第17章　第一次世界大戦と民族自決,これに対し、連合国側はアメリカのウィルソンが「十四か条」を発表して対抗しました。
憲法制定議会の選挙でボリシェヴィキが第一党になれなかったため、レーニンは武力で議会を解散させ、一党独裁体制を確立した。,◯,第17章　第一次世界大戦と民族自決,第一党となったのは農民を基盤とする社会革命党でしたが、レーニンは議会制民主主義を否定しました。
ロシア革命後、ロシアの首都は防衛上の理由から、沿岸部のペトログラードから内陸のモスクワへと移された。,◯,第17章　第一次世界大戦と民族自決,ドイツ軍などの侵攻を避け、革命の拠点を守るための移転でした。
内戦期に断行された戦時共産主義では、農民の余剰穀物を自由に市場で販売することを認め、経済の活性化をはかった。,×,第17章　第一次世界大戦と民族自決,間違った文章である。戦時共産主義では、穀物を強制的に徴発し、労働義務制を課すなど厳しい統制が行われた。
1919年に結成されたコミンテルン（第3インターナショナル）は、世界革命の推進とソヴィエト・ロシアの防衛を目的とした。,◯,第17章　第一次世界大戦と民族自決,各国の共産党を指導し、資本主義諸国を転覆させるための国際組織となりました。
ドイツ革命において、ローザ・ルクセンブルクらのスパルタクス団（ドイツ共産党）はベルリン蜂起に成功し、長期政権を樹立した。,×,第17章　第一次世界大戦と民族自決,間違った文章である。スパルタクス団の蜂起は鎮圧され、指導者たちは殺害された。
対ソ干渉戦争では、イギリスやフランスのほか、日本も「シベリア出兵」として大規模な軍隊を派遣した。,◯,第17章　第一次世界大戦と民族自決,革命の波及を恐れた列強が、白軍（帝政派など）を支援して介入しました。
1920年に起きたソヴィエト＝ポーランド戦争は、ポーランドによる旧領土回復の要求がきっかけで発生した。,◯,第17章　第一次世界大戦と民族自決,第一次世界大戦後の国境画定をめぐる混乱が、新たな戦争を引き起こしました。
1919年のパリ講和会議には、ドイツなどの敗戦国やソヴィエト政府も代表を送り、対等な立場で議論に参加した。,×,第17章　第一次世界大戦と民族自決,間違った文章である。敗戦国は参加を許されず、ソヴィエト政府も招かれなかった「勝者の会議」であった。
ヴェルサイユ条約により、ドイツはアルザス・ロレーヌをフランスに返還し、さらにすべての海外植民地を放棄した。,◯,第17章　第一次世界大戦と民族自決,巨額の賠償金やラインラントの非武装化も課され、ドイツ国内に強い反発を生みました。
1920年に発足した国際連盟は、提唱者であるウィルソンの母国アメリカが主導し、強力な軍事的制裁権を保有していた。,×,第17章　第一次世界大戦と民族自決,間違った文章である。アメリカは議会の反対で不参加であり、連盟は武力行使による制裁手段を持たなかった。
ヴェルサイユ体制下で提唱された「民族自決」の原則は、アジアやアフリカの植民地にも等しく適用され、多くの国が独立を果たした。,×,第17章　第一次世界大戦と民族自決,間違った文章である。民族自決は主に東欧の敗戦国領内に限定され、戦勝国の植民地（インドや朝鮮など）は無視された。
ドイツの旧植民地やオスマン帝国の領土は、国際連盟の委任統治という形式で、事実上イギリスやフランスなどの列強に分配された。,◯,第17章　第一次世界大戦と民族自決,形式的には連盟の監督下ですが、実態は列強による新たな植民地支配でした。
ワシントン海軍軍縮条約により、日本は主力艦の保有量をアメリカ・イギリスと対等な水準（同率）にすることが認められた。,×,第17章　第一次世界大戦と民族自決,間違った文章である。アメリカ・イギリスが対等（比率5）で、日本はそれより低い比率（比率3）に抑えられた。
四か国条約の締結にともない、長年続いていた日英同盟が解消され、太平洋地域の現状維持が約束された。,◯,第17章　第一次世界大戦と民族自決,アメリカの意向により、日本の突出を抑えるために日英同盟は廃止に追い込まれました。
九か国条約は、中国の主権尊重とともに、門戸開放・機会均等の原則を確認し、日本の二十一か条要求による利権を拡大させた。,×,第17章　第一次世界大戦と民族自決,間違った文章である。九か国条約は逆に日本の中国進出を抑制し、国際協調の中に組み込もうとしたものである。
ヴェルサイユ体制下の東欧では、一民族一国家の理念により国民国家が形成されたが、ズデーテン地方などのように少数民族問題が残った。,◯,第17章　第一次世界大戦と民族自決,複雑な民族分布を無視した国境画定は、のちに第2次世界大戦の火種となります。
国際労働機関（ILO）などの連盟付置機関は、8時間労働制の策定など、社会・文化面での国際協力において一定の成果をあげた。,◯,第17章　第一次世界大戦と民族自決,政治的な限界はありましたが、専門機関を通じた国際協力の枠組みは現代の国連にも引き継がれています。
1922年のラパロ条約は、独・ソ両国の国交を再開させたもので、これによりフランスが進めていた「独・ソ封じ込め」は強化された。,×,第17章　第一次世界大戦と民族自決,間違った文章である。この条約により、孤立していたドイツとソ連が接近したため、封じ込め体制はゆらぐことになった。
ロカルノ条約（1925年）では、ドイツの西部国境の現状維持が約束され、これによりドイツは翌年、国際連盟への加盟が認められた。,◯,第17章　第一次世界大戦と民族自決,ヨーロッパの集団安全保障が成立し、シュトレーゼマン（独）やブリアン（仏）ら立役者はノーベル平和賞を受賞しました。
1928年の不戦条約（ケロッグ・ブリアン協定）は、あらゆる戦争を違法とし、違反国に対する強力な軍事制裁を規定していた。,×,第17章　第一次世界大戦と民族自決,間違った文章である。不戦条約は「国策の手段としての戦争」を放棄したが、制裁規定は持たなかった。
ワシントン海軍軍縮条約（1922年）では、主力艦の保有比率が英・米・日で、5：5：3と定められた。,◯,第17章　第一次世界大戦と民族自決,日本の主力艦保有を米英の6割に抑えることで、海軍の建艦競争に歯止めをかけようとしました。
1930年のロンドン軍縮会議では、ワシントン会議で対象外だった補助艦（巡洋艦・駆逐艦など）の保有比率が決定された。,◯,第17章　第一次世界大戦と民族自決,日本ではこの条約調印が「統帥権干犯」として激しい政治問題（国内の右翼によるテロなど）を招きました。
ヴェルサイユ条約により、ドイツはオーストリアとの合併を認められ、失った領土を補填するためにポーランドの一部を割譲された。,×,第17章　第一次世界大戦と民族自決,間違った文章である。ドイツはオーストリアとの合併を禁止され、逆にポーランドなどへ領土を割譲した。
パリ講和会議に付随して結ばれた諸条約（サン・ジェルマン、トリアノン、ヌイイ、セーヴル）は、いずれもパリ市内の宮殿の名を冠している。,×,第17章　第一次世界大戦と民族自決,間違った文章である。これらは宮殿名ではなく、パリ近郊の地名である。
第一次世界大戦中に女性参政権が認められた大きな要因は、総力戦体制下で女性が軍需工場などで男性の仕事を肩代わりしたことにある。,◯,第17章　第一次世界大戦と民族自決,国家への貢献が認められる形で、大戦後、英・米・独などで女性参政権が実現しました。
北欧諸国では第一次世界大戦の経験を経て初めて女性参政権が導入されたが、スイスではそれより早く19世紀に認められていた。,×,第17章　第一次世界大戦と民族自決,間違った文章である。北欧には大戦前から導入していた国があり、逆にスイスで認められたのは20世紀後半（1971年）と非常に遅かった。
1920年代にアメリカを除く列強がソ連を承認した背景には、ソ連が「平和に関する布告」を撤回し、資本主義を容認したことがある。,×,第17章　第一次世界大戦と民族自決,間違った文章である。ソ連は資本主義を容認したわけではなく、新経済政策（NEP）による経済回復や国際的な安定を背景に承認が進んだ。
第一次世界大戦を経て、アメリカ合衆国は巨額の貸し付けにより債権国から債務国へと転落した。,×,第17章　第一次世界大戦と民族自決,間違った文章である。アメリカは世界最大の「債務国」から「債権国」へと立場を逆転させ、世界経済の中心となった。
1920年代の共和党政権は、自由放任主義を掲げるとともに、国内産業保護のため低率な関税政策を維持した。,×,第17章　第一次世界大戦と民族自決,間違った文章である。自国市場を守るために高率保護関税政策をとった。
1924年に制定された移民法は、日本人を含むアジア系移民の流入を事実上禁止し、南欧・東欧系移民も制限した。,◯,第17章　第一次世界大戦と民族自決,「排日移民法」とも呼ばれ、日本国内で反米感情が高まる一因となりました。
フォード社が導入したベルトコンベア方式は、自動車の生産コストを大幅に引き下げ、大衆への普及を可能にした。,◯,第17章　第一次世界大戦と民族自決,これにより「T型フォード」が爆発的に売れ、大量生産・大量消費時代の象徴となりました。
1920年代に制定された禁酒法は、アメリカ社会の近代化とリベラルな価値観の浸透を象徴する法律であった。,×,第17章　第一次世界大戦と民族自決,間違った文章である。禁酒法はむしろ、保守的で宗教色の強いアメリカ社会（清教徒的倫理）を物語るものである。
アメリカ社会の中心層はWASP（ワスプ）と呼ばれたが、同じ白人であればアイルランド系やイタリア系も一切差別されなかった。,×,第17章　第一次世界大戦と民族自決,間違った文章である。WASP（プロテスタント）を頂点とし、カトリックのアイルランド系やイタリア系は差別の対象となった。
ラジオの定時放送の開始やハリウッド映画の普及は、特定の富裕層だけでなく一般民衆にも娯楽を開放し、大衆文化を形成した。,◯,第17章　第一次世界大戦と民族自決,メディアの発展が、全米（さらには世界）で共通の文化を共有する「大衆社会」を生み出しました。
1920年代のアメリカは、国際連盟に参加することで、世界の警察官として国際秩序を積極的に軍事主導した。,×,第17章　第一次世界大戦と民族自決,間違った文章である。アメリカは孤立主義をとり、国際連盟には参加しなかった（ただし経済・外交的関与は続けた）。
第一次世界大戦後、労働組合の勢力が拡大し、サラリーマンなどの新中間層も政治的発言力を強めていった。,◯,第17章　第一次世界大戦と民族自決,階級構造の変化が、のちの現代政治のあり方に大きな影響を与えました。
工業化が進んだ北部では人手不足となり、仕事を求めた黒人が南部から大量に移住する「大移動」が起こった。,◯,第17章　第一次世界大戦と民族自決,これにより、ニューヨークのハーレムなどで黒人文化（ジャズなど）が花開くことになりました。
イギリスでは1924年、自由党と連立した労働党の第1次マクドナルド内閣が成立し、ソ連の承認や社会政策を実施した。,◯,第17章　第一次世界大戦と民族自決,自由党が衰退し、保守党と労働党による二大政党制へ移行する画期となりました。
1931年のウェストミンスター憲章により、イギリス本国と自治領が対等の関係にある「イギリス連邦」が法制化された。,◯,第17章　第一次世界大戦と民族自決,カナダやオーストラリアなどの自治領が、本国と法的に対等な主権国家として連合しました。
フランスは対独強硬派のポアンカレ内閣のもと、賠償支払いの遅延を理由に、1923年にベルギーとともにルール地方を占領した。,◯,第17章　第一次世界大戦と民族自決,これに対しドイツは「消極的抵抗」で応じ、ドイツ経済を破綻させるインフレを招きました。
1919年に制定されたヴァイマル憲法は、男女普通選挙や労働者の権利を認めた当時最も民主的な憲法だったが、大統領の非常大権も規定されていた。,◯,第17章　第一次世界大戦と民族自決,この大統領緊急令（非常大権）が、のちにヒトラーの独裁を許す法的「穴」となってしまいました。
ドイツのシュトレーゼマン内閣は、インフレ収束のために土地を担保とした新紙幣レンテンマルクを発行し、奇跡的な経済安定を実現した。,◯,第17章　第一次世界大戦と民族自決,彼はその後外相としてロカルノ条約を結び、国際連盟加盟を実現するなど「協調外交」を主導しました。
ドーズ案（1924年）は、ドイツの賠償総額を大幅に減額し、ドイツの経済的負担を即座に解消することを目的としていた。,×,第17章　第一次世界大戦と民族自決,間違った文章である。ドーズ案は「支払期間の延長」と「アメリカ資本の導入」が主であり、総額の減額は1929年のヤング案まで待つ必要があった。
アイルランドでは、1922年に北部アルスター地方を含む全域が「エール」として完全独立を達成した。,×,第17章　第一次世界大戦と民族自決,間違った文章である。1922年に成立したのは「アイルランド自由国」であり、北部アルスター地方はイギリスに残った。
第一次世界大戦の英雄であるヒンデンブルクは、1925年にドイツの大統領に当選し、共和国の保守化を象徴した。,◯,第17章　第一次世界大戦と民族自決,帝政時代の軍人が大統領になったことは、民主主義の脆さを示す予兆でもありました。
1931年、アメリカのフーヴァー大統領は世界恐慌に対応するため、賠償金や戦債の支払いを1年間停止するフーヴァー・モラトリアムを出した。,◯,第17章　第一次世界大戦と民族自決,しかし、この措置もドイツ経済の崩壊を止めるには手遅れに近いものでした。
ドイツの賠償金は、1932年のローザンヌ会議で免除が決定されたため、戦後に支払われることは一切なかった。,×,第17章　第一次世界大戦と民族自決,間違った文章である。ローザンヌ会議では減額（30億金マルク）されただけであり、支払いは紆余曲折を経て2010年に完了した。
ムッソリーニは、1922年の「ローマ進軍」によって軍事力で政権を奪取し、直ちに国王を退位させて共和政を宣言した。,×,第17章　第一次世界大戦と民族自決,間違った文章である。国王は退位せず、むしろ強力な政府を期待してムッソリーニに組閣を命じた。イタリアは王政を維持した。
1929年のラテラン条約により、イタリア政府はヴァチカン市国の独立を承認し、1870年以来の教皇庁との不和を解消した。,◯,第17章　第一次世界大戦と民族自決,これにより教皇庁との関係が正常化し、ファシズム政権の国内的支持基盤がさらに安定しました。
レーニンが1921年から導入した新経済政策（ネップ）は、戦時共産主義をさらに強化し、あらゆる私有財産を即座に国有化するものであった。,×,第17章　第一次世界大戦と民族自決,間違った文章である。穀物の自由販売や中小企業の個人経営を認めるなど、資本主義の要素を部分的に復活させるものであった。
1922年に結成されたソ連（ソヴィエト社会主義共和国連邦）は、当初、ロシア、ウクライナ、ベラルーシ、ポーランドの4共和国で構成された。,×,第17章　第一次世界大戦と民族自決,間違った文章である。構成国はロシア、ウクライナ、ベラルーシ、ザカフカスである。ポーランドは独立を維持した。
スターリンは、世界革命を優先するトロツキーと対立し、ロシア一国だけで社会主義建設が可能とする「一国社会主義」を主張して権力を握った。,◯,第17章　第一次世界大戦と民族自決,トロツキーを追放したことで、ソ連は世界革命の輸出よりも、自国内の体制固め（五カ年計画など）へと舵を切りました。
1924年のイギリス・フランスによるソ連承認は、ソ連が共産主義を放棄して議会制民主主義を導入したことを条件に行われた。,×,第17章　第一次世界大戦と民族自決,間違った文章である。ソ連が主義を捨てたわけではなく、NEPによる経済安定や実利的な外交関係の必要性から承認が進んだ。
中央アジアのブハラ・ハン国などは、ロシア革命後にムスリム知識人による共和国となったが、1924年までにソヴィエト政権により解体・再編された。,◯,第17章　第一次世界大戦と民族自決,民族ごとの社会主義共和国（ウズベク、カザフなど）に分割され、中央からの統制が強まりました。
1928年のイギリスの第5次選挙法改正では、30歳以上の女性に限定されていた選挙権が、21歳以上の男女すべてに拡大された。,◯,第17章　第一次世界大戦と民族自決,これにより、イギリスにおける男女平等の普通選挙権が完全に確立されました。
イタリアのファシズムは、ナショナリズムを武器として社会主義を攻撃したが、議会制民主主義についてはその価値を最後まで尊重し続けた。,×,第17章　第一次世界大戦と民族自決,間違った文章である。ファシズムは社会主義だけでなく、議会制民主主義も攻撃し、一党独裁による国家至上主義を掲げた。
サッコ・ヴァンゼッティ事件は、1920年代のアメリカにおいて、社会主義者や移民に対する偏見が冤罪を引き起こした象徴的な事件である。,◯,第17章　第一次世界大戦と民族自決,「黄金の20年代」の裏側にあった、排外主義や思想弾圧の一面を物語る事件です。
パリ講和会議で掲げられた「民族自決」の原則は、アジアやアフリカの植民地にも等しく適用され、各地の独立運動を沈静化させた。,×,第17章　第一次世界大戦と民族自決,間違った文章である。民族自決はアジア・アフリカには適用されなかったため、逆に各地で独立運動が激化した。
オスマン帝国の軍人ムスタファ・ケマルは、セーヴル条約による領土分割に抗議してアンカラで蜂起し、ギリシア軍を撃退した。,◯,第17章　第一次世界大戦と民族自決,彼は「トルコ人の国民国家」を守るために立ち上がり、のちに「父なるトルコ人（アタテュルク）」と呼ばれました。
1923年のローザンヌ条約により、トルコは独立の確保に成功したが、依然としてスルタン制とカリフ制を維持し続けた。,×,第17章　第一次世界大戦と民族自決,間違った文章である。ケマルはスルタン制を廃止して共和国を宣言し、翌年にはカリフ制も廃止した。
トル革命で行われた「国家の世俗化」には、トルコ語のローマ字化、西暦の採用、女性参政権の付与などが含まれる。,◯,第17章　第一次世界大戦と民族自決,伝統的なイスラームの慣習を排し、西欧的な近代国家への脱皮を強行しました。
イランでは、1921年にクーデタを起こしたレザー・ハーンがカージャール朝を倒し、新たにパフレヴィー朝を創始した。,◯,第17章　第一次世界大戦と民族自決,彼もケマルと同様に、軍事力を背景とした強力な近代化政策（上からの近代化）を推進しました。
パフレヴィー朝のレザー・シャーは、イスラームの伝統を第一とし、古代イランの歴史や民族的伝統を徹底的に排除した。,×,第17章　第一次世界大戦と民族自決,間違った文章である。彼は国民統合のため、逆に古代イランの民族的伝統を強調し、ナショナリズムを煽った。
1920年のセーヴル条約で一旦は自治を認められたクルド人は、現在のトルコ、シリア、イラク、イランにまたがる少数民族となった。,◯,第17章　第一次世界大戦と民族自決,トル独立後のローザンヌ条約で自治構想が無視されたため、現在に至る「国を持たない最大級の民族」問題となりました。
トル革命の文字改革では、それまで使われていたアラビア文字が廃止され、ロシア語で使われるキリル文字が採用された。,×,第17章　第一次世界大戦と民族自決,間違った文章である。採用されたのはキリル文字ではなく、ローマ字（ラテン文字）である。
アフガニスタンは、第一次世界大戦後にイギリスから完全に主権を回復し、国王を中心とする近代化を目指した。,◯,第17章　第一次世界大戦と民族自決,3度にわたるアフガン戦争を経て、ようやく完全独立を勝ち取りました。
1910年代のオスマン帝国は、宗教・民族を問わず平等な国民としてまとめる「オスマン主義」を最後まで国の方針として貫いた。,×,第17章　第一次世界大戦と民族自決,間違った文章である。1910年代には、トルコ人を特権視するトルコ民族主義へと方針が転換し、他民族の反発を招いた。
エジプトは1922年にイギリスから条件付きの独立を認められたが、スエズ運河の管理権は依然としてイギリスが保持した。,◯,第17章　第一次世界大戦と民族自決,1936年の条約で主権をほぼ回復しましたが、運河という急所はイギリスが握り続けました。
パレスティナでは、ユダヤ人国家の建設を認めるバルフォア宣言に基づきユダヤ人の移民が急増し、現地アラブ人との対立が激化した。,◯,第17章　第一次世界大戦と民族自決,イギリスの「矛盾した約束」が、今日まで続く中東問題の直接的な原因となりました。
イブン・サウードはアラビア半島を統一し、1932年にサウジアラビア王国を建国して、西欧的な世俗化政策を徹底した。,×,第17章　第一次世界大戦と民族自決,間違った文章である。サウジアラビアはケマルのトルコとは対照的に、イスラーム法の厳格な施行と国王中心の政治を行った。
アフリカでは、デュボイスらにより、世界のアフリカ系諸民族の連帯を目指すパン・アフリカニズムの運動が展開された。,◯,第17章　第一次世界大戦と民族自決,1919年の第1回パン・アフリカ会議には、アフリカ現地からも代表が参加しました。
1919年のインド統治法に対し、ガンディーは「非暴力・不服従」を掲げ、イギリス政府に対する納税の拒否や商品排斥を行った。,◯,第17章　第一次世界大戦と民族自決,宗教を超えた団結を訴え、民衆による巨大なエネルギーを独立運動に向けました。
ガンディーの不服従運動（非協力運動）は、民衆による暴力的な衝突が起きても、独立を勝ち取るまで一切中断されることはなかった。,×,第17章　第一次世界大戦と民族自決,間違った文章である。ガンディーは非暴力を徹底したため、暴力的な衝突が起きると自ら運動の中止を宣言した。
1929年の国民会議派ラホール大会では、イギリス連邦内での「自治」を最終目標とする方針が決定された。,×,第17章　第一次世界大戦と民族自決,間違った文章である。この大会で決定されたのは、自治ではなくプールナ・スワラージ（完全独立）である。
1930年の「塩の行進」は、イギリスの塩専売制に抗議するために、ガンディーが海岸まで歩いて自ら塩を作った運動である。,◯,第17章　第一次世界大戦と民族自決,生活に不可欠な「塩」をテーマにすることで、読み書きのできない農民までも運動に巻き込みました。
1935年の新インド統治法により、インドは連邦制を導入し、各州には一定の自治権が認められた。,◯,第17章　第一次世界大戦と民族自決,完全独立には及びませんでしたが、その後の州議会選挙では国民会議派が躍進しました。
南アフリカのアフリカ民族会議（ANC）は、白人による人種差別政策を支持し、アフリカ人の伝統的生活を守ることを目的とした。,×,第17章　第一次世界大戦と民族自決,間違った文章である。ANCは人種差別に反対し、アフリカ人の権利回復を要求する組織である。
インドネシア国民党（PNI）を組織したスカルノは、オランダからの独立を目指したが、1930年代には弾圧を受け逮捕された。,◯,第17章　第一次世界大戦と民族自決,スカルノは、のちにインドネシアの初代大統領となる重要人物です。
ベトナムでは、1930年にホー・チ・ミンがベトナム国民党を結成し、フランスに対して武力蜂起を主導した。,×,第17章　第一次世界大戦と民族自決,間違った文章である。ホー・チ・ミンが結成したのはベトナム共産党（のちのインドシナ共産党）である。
タイ（シャム）では1932年に立憲革命が起こり、王族による専制統治が終了して憲法が発布された。,◯,第17章　第一次世界大戦と民族自決,東南アジアで唯一独立を維持していたタイが、立憲君主制へと移行した画期的な出来事です。
中国の五・四運動は、パリ講和会議で日本の二十一か条要求撤廃が認められたことを祝うために始まった。,×,第17章　第一次世界大戦と民族自決,間違った文章である。日本の山東利権継承を認めたヴェルサイユ条約に抗議するために始まった運動である。
陳独秀らが雑誌『新青年』で展開した新文化運動では、伝統的な儒教が中国近代化の基盤として高く評価された。,×,第17章　第一次世界大戦と民族自決,間違った文章である。新文化運動は、旧来の儒教道徳を激しく批判し、民主（デモクラシー）と科学（サイエンス）を提唱した。
1924年の第1次国共合作を経て、蔣介石率いる国民革命軍は、北方の軍閥を打倒するための北伐を開始した。,◯,第17章　第一次世界大戦と民族自決,孫文の「連ソ・容共・扶助工農」の方針のもと、国民党と共産党が協力して統一を目指しました。
1927年の上海クーデタにより、蔣介石は共産党と決別し、南京に国民政府を樹立して国共分裂を招いた。,◯,第17章　第一次世界大戦と民族自決,これにより国民革命は変質し、国民党と共産党による長い対立（の内戦）が始まります。
張作霖爆殺事件（1928年）は、中国の国民政府軍が日本の関東軍を攻撃するために仕掛けたテロ事件である。,×,第17章　第一次世界大戦と民族自決,間違った文章である。日本の関東軍が、自国の権益を守るために親日的だった軍閥・張作霖を殺害した事件である。
モンゴル人民共和国は、1924年に世界で2番目の社会主義国家として建国され、ソ連との関係を深めた。,◯,第17章　第一次世界大戦と民族自決,中国（北京政府）の混乱とロシア赤軍の支援を背景に独立を果たしました。
日本では1925年に普通選挙法が成立し、全ての男女に選挙権が与えられると同時に、治安維持法も制定された。,×,第17章　第一次世界大戦と民族自決,間違った文章である。普通選挙権が与えられたのは25歳以上の男性のみであり、女性にはまだ認められていなかった。
日本による朝鮮併合後、朝鮮総督府は「文化政治」を掲げて言論・出版の自由を当初から認めていた。,×,第17章　第一次世界大戦と民族自決,間違った文章である。当初は軍隊や憲兵によるきびしい武断政治が行われ、自由は奪われていた。
朝鮮で行われた土地調査事業の結果、所有権が不明確な土地は没収され、多くの農民が土地を失い、日本や満洲へ移住した。,◯,第17章　第一次世界大戦と民族自決,没収された土地の多くは東洋拓殖会社や日本人地主に渡り、朝鮮農民の困窮を招きました。
三・一独立運動は、アメリカのウィルソンが提唱した「民族自決」の影響を受け、1919年にソウルから全土へ広がった。,◯,第17章　第一次世界大戦と民族自決,宗教界や学生、知識人による「独立宣言」が発端となり、非暴力のデモが全土に拡大しました。
日本政府は三・一独立運動に対し、直ちにその要求を受け入れ、朝鮮の完全独立を承認した。,×,第17章　第一次世界大戦と民族自決,間違った文章である。日本政府は軍隊と警察を投入して徹底的に弾圧し、多くの犠牲者を出した。
三・一独立運動の後、日本は統治方針を転換し、同化政策を強化しながら懐柔を図る「文化政治」へと移行した。,◯,第17章　第一次世界大戦と民族自決,武力一辺倒から、憲兵警察の廃止（普通警察への転換）や教育の普及を装う巧妙な統制へと変わりました。
上海では、運動の継続をめざして亡命朝鮮人により大韓民国臨時政府が結成され、李承晩らが指導した。,◯,第17章　第一次世界大戦と民族自決,海外での独立運動拠点となり、のちの朝鮮現代史にもつながる動きです。
インドでは、1919年に令状なしの逮捕・投獄を認めるローラット法が制定され、これへの抗議に対するアムリトサル事件が起きた。,◯,第17章　第一次世界大戦と民族自決,朝鮮の三・一運動と同じ1919年、イギリスもインドで厳しい弾圧を行っていました。
全インド・ムスリム連盟が展開したヒラーファト運動は、オスマン帝国のカリフの地位を守ることを目的としていた。,◯,第17章　第一次世界大戦と民族自決,宗教的な動機から始まったこの運動は、一時的にガンディーの非協力運動とも合流しました。
ガンディーが提唱したサティヤーグラハとは、「武力による現状打破」を意味する軍事用語である。,×,第17章　第一次世界大戦と民族自決,間違った文章である。サティヤーグラハは「真理の把握」を意味し、非暴力・不服従の精神的根拠となった。
1939年、シャムは自国が自由な国であることを示すため、国号を「タイ」へと改めた。,◯,第17章　第一次世界大戦と民族自決,「タイ」という言葉には、民族名と同時に「自由」という意味が込められています。
1929年の株価暴落後、アメリカは海外への投資をさらに拡大し、低関税政策をとることで世界経済の救済を図った。,×,第18章　国際協調体制の動揺と第二次世界大戦,間違った文章である。アメリカは資本を引き上げ、高関税（保護貿易）をとったため、恐慌が全世界に波及した。
イギリスのマクドナルド挙国一致内閣は、1931年に金本位制を停止し、ポンドの価値を下げて輸出競争力を高めようとした。,◯,第18章　国際協調体制の動揺と第二次世界大戦,同時に失業保険の削減など痛みを伴う緊縮財政を行い、労働党から除名される事態となりました。
オタワ連邦会議（1932年）において、イギリスは連盟内での特恵関税を決め、スターリング（ポンド）・ブロックを形成した。,◯,第18章　国際協調体制の動揺と第二次世界大戦,植民地や自治領を囲い込み、域外からの商品に高関税をかける排他的な経済圏を作りました。
フランスは自国の植民地を囲い込み、ドル・ブロックに対抗してフラン・ブロックを形成した。,◯,第18章　国際協調体制の動揺と第二次世界大戦,持てる国（英・仏）はブロック経済で耐えられましたが、これが「持たざる国」との対立を深めました。
世界恐慌時、植民地や従属国のモノカルチャー経済は、原料価格の暴落により壊滅的な打撃を受けた。,◯,第18章　国際協調体制の動揺と第二次世界大戦,特定の農産物や資源に依存させられていたため、本国の買い控えが即、経済崩壊に直結しました。
メキシコのカルデナス政権は、世界恐慌の混乱の中で外国石油資本を国有化し、土地改革などの民族主義的政策を推進した。,◯,第18章　国際協調体制の動揺と第二次世界大戦,経済的自立を目指すラテンアメリカのナショナリズムの象徴的な動きです。
フーヴァー大統領が実施したフーヴァー・モラトリアムにより、ドイツの賠償金問題は完全に解決し、欧州経済はV字回復を遂げた。,×,第18章　国際協調体制の動揺と第二次世界大戦,間違った文章である。1年間の支払い停止措置をとったが、状況は好転せず、恐慌は深刻化し続けた。
日本は英仏のブロック経済から締め出されたため、台湾、朝鮮、満洲を含む円ブロックの形成を強行しようとした。,◯,第18章　国際協調体制の動揺と第二次世界大戦,これが満洲事変（1931年）から続く中国侵略の経済的な背景となりました。
世界恐慌による大量失業に対し、各国は一貫して国際協調を維持し、関税を下げて自由貿易を促進することで解決を図った。,×,第18章　国際協調体制の動揺と第二次世界大戦,間違った文章である。各国は自国利益を優先する経済ナショナリズムに走り、国際協調は消え去った。
ブラジルのヴァルガスは、世界恐慌後の混乱の中で大統領となり、独裁的権限のもとで強力な国家建設を進めた。,◯,第18章　国際協調体制の動揺と第二次世界大戦,経済危機が、各地で独裁政権や強力な指導者の登場を促した好例です。
農業調整法（AAA）は、農産物の生産を無制限に拡大させることで、農民の現金収入を増やすことを目的とした。,×,第18章　国際協調体制の動揺と第二次世界大戦,間違った文章である。農産物の生産調整（減産）を行い、価格の安定をはかった。
全国産業復興法（NIRA）は、企業間の自由競争を促進し、政府による産業への介入を一切禁止した。,×,第18章　国際協調体制の動揺と第二次世界大戦,間違った文章である。企業間の不当な競争を制限するなど、国家が積極的に経済へ介入した。
テネシー川流域開発公社（TVA）は、大規模な公共事業を通じて失業者に仕事を与え、地域開発を進めた。,◯,第18章　国際協調体制の動揺と第二次世界大戦,ダム建設などによる雇用創出の成功例です。
1935年のワグナー法は、労働者の団結権や団体交渉権を保障し、労働運動の発展を後押しした。,◯,第18章　国際協調体制の動揺と第二次世界大戦,これにより産業別組織会議（CIO）などの強力な労働組合が誕生しました。
F.ローズヴェルト大統領は、外交面ではソ連を承認（1933年）し、ラテンアメリカに対しては強圧的な政策を改める善隣外交を展開した。,◯,第18章　国際協調体制の動揺と第二次世界大戦,キューバの独立承認など、経済圏の安定を優先しました。
ドイツのナチスは、1923年のミュンヘン一揆に失敗した後も、暴力による武力革命路線を一貫して維持した。,×,第18章　国際協調体制の動揺と第二次世界大戦,間違った文章である。一揆の失敗後は、選挙による議席獲得を目指す合法路線へと転換した。
1933年に成立した全権委任法は、議会ではなく政府に立法権を与えるもので、これによりヒトラーの一党独裁が法的に確立された。,◯,第18章　国際協調体制の動揺と第二次世界大戦,憲法の手続きを逆手に取り、合法的に民主主義を破壊しました。
ヒトラーは1934年に大統領と首相を兼ねた「総統（フューラー）」となり、第三帝国の絶対的な指導者となった。,◯,第18章　国際協調体制の動揺と第二次世界大戦,ヴァイマル憲法の大統領緊急令などを利用し、名実ともにトップに立ちました。
ナチスはアウトバーンの建設や軍拡によって失業問題を解消したが、その裏でユダヤ人やロマ、政治反対派への激しい迫害を行った。,◯,第18章　国際協調体制の動揺と第二次世界大戦,秘密警察ゲシュタポなどによる恐怖政治が併行して行われました。
イギリスの経済学者ケインズは、自由放任主義を支持し、世界恐慌時でも政府が経済に介入すべきではないと論じた。,×,第18章　国際協調体制の動揺と第二次世界大戦,間違った文章である。ケインズは、政府が財政支出を行い「有効需要」を創出すべきだと唱え、ニューディールの理論的支柱となった。
ドイツは1933年、軍備平等権が認められないことを理由に国際連盟を脱退し、1935年には再軍備宣言を行って徴兵制を復活させた。,◯,第18章　国際協調体制の動揺と第二次世界大戦,ヴェルサイユ条約の軍備制限を公然と破棄し、公然と再軍備に踏み出しました。
1935年の英独海軍協定により、イギリスはドイツの再軍備を厳しく非難し、ドイツ海軍の保有量をイギリスの10％以下に制限した。,×,第18章　国際協調体制の動揺と第二次世界大戦,間違った文章である。イギリスは自国の利害を優先し、ドイツに35％の保有を認めて再軍備を追認してしまった。
イタリアは1935年にエチオピアを侵略し、国際連盟からの経済制裁を受けたものの、翌年には同国を併合して連盟を脱退した。,◯,第18章　国際協調体制の動揺と第二次世界大戦,この侵略で孤立したイタリアがドイツに接近し、「ベルリン・ローマ枢軸」が形成されました。
日独防共協定（1936年）にイタリアが加わることで成立した「三国防共協定」は、主にアメリカの資本主義に対抗することを目的としていた。,×,第18章　国際協調体制の動揺と第二次世界大戦,間違った文章である。「防共」の名が示す通り、主に対象としたのはソ連（コミンテルン）である。
1935年のコミンテルン第7回大会で提唱された人民戦線は、ファシズムに対抗するために共産主義以外の勢力との協力を拒否する方針であった。,×,第18章　国際協調体制の動揺と第二次世界大戦,間違った文章である。社会民主主義者や自由主義者など、ファシズムに反対するすべての勢力との協力を目指した。
フランスのブルム人民戦線内閣は、有給休暇法などの社会政策を実施したが、スペイン内戦に対しては不干渉の立場をとった。,◯,第18章　国際協調体制の動揺と第二次世界大戦,国内の保守派への配慮やイギリスとの同調により、同じ人民戦線のスペインを見捨てる形となりました。
スペイン内戦において、反乱軍のフランコ将軍を支援したのはソ連であり、人民戦線政府を支援したのはドイツとイタリアであった。,×,第18章　国際協調体制の動揺と第二次世界大戦,間違った文章である。フランコ（右派）を独・伊が支援し、人民戦線（左派）をソ連や国際義勇兵が支援した。
スペイン内戦は、英・仏が採った不干渉政策により、結果として独・伊の支援を受けたフランコ側の勝利に終わった。,◯,第18章　国際協調体制の動揺と第二次世界大戦,ヘミングウェイやオーウェルなど、各国の知識人が義勇兵として参戦したことでも知られています。
ナチス・ドイツが開発・宣伝したフォルクスワーゲン（国民車）は、大衆の支持を取り付けるための合意調達の一環でもあった。,◯,第18章　国際協調体制の動揺と第二次世界大戦,恐怖政治だけでなく、レジャーや消費生活の向上を約束することで国民を動員しました。
東欧のポーランドではピウスツキ、ハンガリーではホルティによる独裁体制が築かれ、民主主義は1920年代から後退していた。,◯,第18章　国際協調体制の動揺と第二次世界大戦,経済的不安や民族問題を背景に、東欧の多くが戦間期に独裁化していました。
スターリンが1928年から開始した第1次五カ年計画は、農業の集団化と重工業化を推進し、ソ連を世界第2位の工業国へと押し上げた。,◯,第18章　国際協調体制の動揺と第二次世界大戦,資本主義諸国が世界恐慌で苦しむ中、ソ連の計画経済は成功例として世界から注目されたが、世界第二位になったのは第2次計画経済のとき。
ソ連の農業集団化では、コルホーズ（集団農場）やソフホーズ（国営農場）が組織されたが、その過程で数百万人の農民が餓死する惨状を招いた。,◯,第18章　国際協調体制の動揺と第二次世界大戦,強制的な集団化に抵抗した富農（クラーク）の処刑や、無理な徴発による飢餓が深刻な犠牲を生みました。
1931年の柳条湖事件は、中国軍が日本軍の守備する南満洲鉄道を爆破したことが直接の原因であると、リットン調査団によって認定された。,×,第18章　国際協調体制の動揺と第二次世界大戦,間違った文章である。柳条湖事件は関東軍による自作自演であり、リットン調査団も日本の軍事行動を正当な自衛とは認めなかった。
日本は1933年、国際連盟が満洲国の不承認を決議したことを受けて連盟を脱退し、国際的な孤立を深めた。,◯,第18章　国際協調体制の動揺と第二次世界大戦,代表の松岡洋右が議場を去る姿は、日本のワシントン体制からの離脱を象徴しました。
中国共産党は国民政府の攻撃を逃れて長征を行い、最終的に延安を根拠地として毛沢東の指導権を確立した。,◯,第18章　国際協調体制の動揺と第二次世界大戦,1万キロ以上に及ぶ過酷な移動を経て、共産党は農村部での支持を固めました。
1936年の西安事件では、蔣介石が張学良によって監禁されたが、これにより「内戦停止・一致抗日」への転換が図られた。,◯,第18章　国際協調体制の動揺と第二次世界大戦,これが、のちの第2次国共合作（1937年）へとつながる決定的な転換点となりました。
日中戦争（1937年〜）において、日本軍は首都南京を占領したが、蔣介石は政府を重慶に移して徹底抗戦を続けた。,◯,第18章　国際協調体制の動揺と第二次世界大戦,日本軍は「援蔣ルート」に阻まれ、広い中国大陸で戦線が膠着し、泥沼化しました。
1941年に日本がソ連と結んだ日ソ中立条約は、互いの領土保全と相互不可侵を約束したもので、日本の「南進」を可能にした。,◯,第18章　国際協調体制の動揺と第二次世界大戦,北の脅威を一時的に取り除くことで、日本は東南アジアへの侵攻（南進）に舵を切りました。
朝鮮や台湾で実施された皇民化政策では、日本語の使用が奨励される一方で、朝鮮固有の氏名の使用は厳格に守られた。,×,第18章　国際協調体制の動揺と第二次世界大戦,間違った文章である。朝鮮では日本式の氏名を名乗らせる創氏改名が強制された。
1939年のノモンハン事件において、日本軍はソ連・モンゴル連合軍に対し、近代的な機械化部隊の圧倒的戦力で完勝を収めた。,×,第18章　国際協調体制の動揺と第二次世界大戦,間違った文章である。日本軍はソ連軍の圧倒的な火力と戦車部隊の前に大敗を喫した。
1938年のミュンヘン会談において、英仏はドイツによるズデーテン地方の割譲要求を拒否し、直ちにドイツへ宣戦布告した。,×,第18章　国際協調体制の動揺と第二次世界大戦,間違った文章である。英仏はドイツの要求に譲歩して割譲を認める宥和政策をとり、戦争回避を優先した。
ドイツとソ連は1939年8月に独ソ不可侵条約を結び、秘密協定によってポーランドの分割やバルト3国の帰属を合意した。,◯,第18章　国際協調体制の動揺と第二次世界大戦,犬猿の仲と思われた両国の提携は世界に衝撃を与え、ドイツは二正面作戦の不安なくポーランド侵攻を開始しました。
1940年、ドイツに占領されたフランスでは、ペタン元帥を首班とするヴィシー政府が成立し、ドイツに協力する姿勢をとった。,◯,第18章　国際協調体制の動揺と第二次世界大戦,一方でド・ゴールはロンドンに亡命し、「自由フランス」を結成してレジスタンスを呼びかけました。
イギリスのチャーチル首相は、ドイツ軍の激しい空襲（バトル・オブ・ブリテン）に屈し、1940年末にドイツと単独講和を結んだ。,×,第18章　国際協調体制の動揺と第二次世界大戦,間違った文章である。チャーチルは徹底抗戦を貫き、ヒトラーにイギリス上陸作戦を断念させた。
1941年6月に開始された独ソ戦により、それまで対立していたイギリスとソ連の関係が改善され、相互援助協定が結ばれた。,◯,第18章　国際協調体制の動揺と第二次世界大戦,「敵の敵は味方」の論理で、資本主義国家イギリスと社会主義国家ソ連が手を組みました。
アメリカは1941年3月に武器貸与法を制定し、中立を事実上放棄してイギリスやソ連への大規模な軍事援助を開始した。,◯,第18章　国際協調体制の動揺と第二次世界大戦,経済・軍事資源の面から連合国を支える「民主主義の兵械庫」となりました。
1941年の大西洋憲章は、ローズヴェルトとチャーチルによって発表され、ファシズムへの対決と戦後の平和構想が示された。,◯,第18章　国際協調体制の動揺と第二次世界大戦,この憲章はのちの「連合国共同宣言」の基礎となり、国際連合の構想へとつながります。
ナチス・ドイツによるホロコースト（ショア）では、アウシュヴィッツなどの収容所で約600万人ものユダヤ人が組織的に殺害された。,◯,第18章　国際協調体制の動揺と第二次世界大戦,人種主義に基づき、国家が組織としてジェノサイド（民族大量殺害）を遂行した凄惨な歴史です。
ソ連は1939年にフィンランドに侵攻した（ソ連＝フィンランド戦争）結果、国際連盟への貢献を認められ常任理事国に選出された。,×,第18章　国際協調体制の動揺と第二次世界大戦,間違った文章である。この侵略行為により、ソ連は国際連盟から除名された。
シオニズム運動とは、19世紀末以降の迫害を背景に、ユダヤ人が独自の国家をパレスティナに建設しようとした運動である。,◯,第18章　国際協調体制の動揺と第二次世界大戦,この運動が、戦後のイスラエル建国とパレスティナ問題の深刻化を招くことになります。
日本は1940年に仏領インドシナ北部へ進駐したが、これは主にドイツへの軍事支援を目的としていた。,×,第18章　国際協調体制の動揺と第二次世界大戦,間違った文章である。目的は石油やゴムなどの戦略物資の確保、および「援蔣ルート」の遮断であった。
日本が掲げた「大東亜共栄圏」の構想は、東南アジアの人々に歓迎され、終戦まで各地で強固な支持を得続けた。,×,第18章　国際協調体制の動揺と第二次世界大戦,間違った文章である。当初は期待もあったが、強制労働や資源徴発などの厳しい軍政により、各地で激しい抗日運動が起こった。
フィリピンの抗日人民軍や、ベトナムのベトミン（ホー・チ・ミン指導）などは、日本軍に対する抵抗運動を通じて組織を強化した。,◯,第18章　国際協調体制の動揺と第二次世界大戦,これらの組織は、戦後の独立運動や政情に決定的な影響を与えることになります。
1942年のミッドウェー海戦での敗北と、1943年のガダルカナル島からの撤退により、日本軍は太平洋での主導権を完全に失った。,◯,第18章　国際協調体制の動揺と第二次世界大戦,これが太平洋戦線における大きな転換点となりました。
スターリングラードの戦い（1943年）でドイツ軍がソ連軍に敗北したことは、ヨーロッパ戦線における枢軸国側の劣勢を決定づけた。,◯,第18章　国際協調体制の動揺と第二次世界大戦,
1943年のカイロ会談において、米・英・ソ連の首脳は、ドイツに対する第2戦線の形成（ノルマンディー上陸作戦）を協議した。,×,第18章　国際協調体制の動揺と第二次世界大戦,間違った文章である。カイロ会談（米英中）の主な議題は対日処理方針であり、ソ連が加わって共同作戦を練ったのはテヘラン会談である。
1944年6月のノルマンディー上陸作戦により、連合軍はフランスに再上陸し、同年8月にパリを解放した。,◯,第18章　国際協調体制の動揺と第二次世界大戦,
1945年2月のヤルタ会談では、ドイツの戦後処理に加え、秘密協定によってソ連の対日参戦が合意された。,◯,第18章　国際協調体制の動揺と第二次世界大戦,この合意に基づき、ソ連はドイツ降伏の約3カ月後に満洲へ侵攻することになります。
ポツダム宣言は、米・英・ソの3カ国首脳の名で発表され、日本に対して直ちに原子爆弾を使用することを警告した。,×,第18章　国際協調体制の動揺と第二次世界大戦,間違った文章である。発表されたのは米・英・中の名であり（ソ連は当時まだ対日中立）、内容は日本の無条件降伏を求めるものであった。
日本は、2発の原子爆弾投下とソ連の参戦を経てポツダム宣言を受諾し、1945年8月15日に終戦を迎えた（調印は9月2日）。,◯,第18章　国際協調体制の動揺と第二次世界大戦,これにより、足かけ15年にわたる日本の侵略戦争と、第二次世界大戦の全戦線が終結しました。
国際連合の設立は、1945年のサンフランシスコ会議で採択された国際連合憲章に基づいている。,◯,第18章　国際協調体制の動揺と第二次世界大戦,日本が降伏する前の1945年6月に、すでに憲法にあたる憲章が採択されていました。
安全保障理事会の常任理事国は、米・英・仏・中・ソの5か国であり、これらすべての国に拒否権が認められた。,◯,第18章　国際協調体制の動揺と第二次世界大戦,大国一致の原則により、1国でも反対すれば決議できない仕組みです。
国際連合は、第一次世界大戦後の国際連盟と同様に、本部をスイスのジュネーヴに置いた。,×,第18章　国際協調体制の動揺と第二次世界大戦,間違った文章である。国際連合の本部はアメリカ合衆国のニューヨークに置かれた。
1948年に採択された世界人権宣言は、人権の国際法的な基準を初めて提示したものであり、ナチスの暴虐への反省も込められていた。,◯,第18章　国際協調体制の動揺と第二次世界大戦,国家が個人を迫害することを防ぐための歴史的な宣言です。
国際連合の総会では、大国も新しく独立したアジア・アフリカ諸国も、等しく一国一票の投票権を持つ。,◯,第18章　国際協調体制の動揺と第二次世界大戦,民主的な場である一方、実効的な強制力を持つのは安全保障理事会という二段構えになっています。
ソ連はヤルタ協定に基づき、1945年8月に日ソ中立条約を更新し、日本との平和的な外交を戦後まで維持した。,×,第18章　国際協調体制の動揺と第二次世界大戦,間違った文章である。ソ連は日ソ中立条約を破棄して日本に参戦し、東アジアでの勢力拡大を図った。
ユネスコ（UNESCO）や世界保健機関（WHO）などの専門機関は、安全保障理事会の直接の指揮下で軍事活動を支援する。,×,第18章　国際協調体制の動揺と第二次世界大戦,間違った文章である。これらは経済社会理事会と連携する専門機関であり、教育、科学、保健などの非軍事分野を担う。
国際連合は、第二次世界大戦中の「連合国（United Nations）」という枠組みが、そのまま平時の国際組織へと発展したものである。,◯,第18章　国際協調体制の動揺と第二次世界大戦,英語名が同じであることからも、戦勝国による秩序形成という側面が読み取れます。
冷戦の予兆は、大戦中のヤルタ会談などにおける、米ソ間の戦後処理をめぐる勢力圏争いの中ですでに現れていた。,◯,第18章　国際協調体制の動揺と第二次世界大戦,共通の敵（ドイツ）がいなくなるにつれ、体制の壁が表面化しました。
国際連合憲章は、武力行使を原則として認めず、紛争の平和的解決を理念として掲げた。,◯,第18章　国際協調体制の動揺と第二次世界大戦,国際連盟の反省を活かし、より実効性のある安全保障体制（集団安全保障）を目指しました。
ブレトン・ウッズ会議（1944年）では、金と交換可能なアメリカのドルを基軸通貨とする、国際通貨体制が構想された。,◯,第18章　国際協調体制の動揺と第二次世界大戦,これにより「金・ドル本位制」が確立し、アメリカが世界経済のリーダーとなりました。
IMF（国際通貨基金）は、戦後復興のために長期的な資金を貸し付ける機関であり、世界銀行は短期的な為替安定を目的とする。,×,第18章　国際協調体制の動揺と第二次世界大戦,間違った文章である。IMFは短期的な為替安定、世界銀行（IBRD）は長期的な開発資金の融資を主な目的とする。
GATT（関税と貿易に関する一般協定）は、保護貿易を推奨し、各国が自由に輸入制限を行う権利を保障した。,×,第18章　国際協調体制の動揺と第二次世界大戦,間違った文章である。GATTは自由貿易の原則に立ち、関税障壁の撤廃を目指した。
ユーゴスラヴィアやアルバニアは、ソ連軍による解放ではなく、自力での抵抗運動によって社会主義国家を樹立した。,◯,第18章　国際協調体制の動揺と第二次世界大戦,ティト率いるパルチザンの活躍により、ソ連とは一線を画した独自の社会主義を歩むことになります。
1948年のチェコスロヴァキアでのクーデタにより、東欧では共産党主導の社会主義国家が並び立ち、ソ連圏が形成された。,◯,第18章　国際協調体制の動揺と第二次世界大戦,この事件は西側諸国に大きな衝撃を与え、冷戦を決定的にしました。
社会主義とは、私有財産を完全に廃止し、国家すら存在しない究極の平等社会を実現した状態を指す。,×,第18章　国際協調体制の動揺と第二次世界大戦,間違った文章である。それは共産主義の説明である。社会主義は、国家が生産手段を管理し、富の再分配を行う段階を指す。
イギリスのアトリー労働党内閣は、「ゆりかごから墓場まで」と呼ばれる充実した社会保障制度を整備した。,◯,第18章　国際協調体制の動揺と第二次世界大戦,戦後のイギリスが目指した福祉国家の象徴的スローガンです。
戦後のフランスでは第四共和政が発足したが、植民地の独立問題に直面し、政治的・財政的な困難を抱えた。,◯,第18章　国際協調体制の動揺と第二次世界大戦,ベトナム（インドシナ戦争）やアルジェリアなどの独立運動が、フランスを苦しめることになります。
イタリアでは1946年の国民投票により王政が廃止され、共和政へと移行した。,◯,第18章　国際協調体制の動揺と第二次世界大戦,ムッソリーニのファシズムを許した王室への不信感もあり、新しい国づくりが始まりました。
社会民主主義は、資本主義そのものを暴力革命で打倒し、私有財産を一切認めない思想である。,×,第18章　国際協調体制の動揺と第二次世界大戦,間違った文章である。社会民主主義は民主主義と資本主義を前提とし、議会を通じて不平等を是正しようとする穏健な思想である。
世界銀行（IBRD）は、国際収支が悪化した国に対して、短期的な決済資金を融資して通貨危機を防ぐことを主目的とする。,×,第18章　国際協調体制の動揺と第二次世界大戦,間違った文章である。それはIMF（国際通貨基金）の役割。世界銀行は、戦後復興や途上国開発のための長期融資を担う。
1947年に発足したGATT（関税と貿易に関する一般協定）は、加盟国間の関税を引き上げ、ブロック経済を再構築することを目指した。,×,第18章　国際協調体制の動揺と第二次世界大戦,間違った文章である。GATTは、大戦の原因となったブロック経済を反省し、自由貿易と関税引き下げを推進した。
トルーマン・ドクトリンは、東欧諸国の共産主義化を容認する代わりに、西欧の経済復興を優先させるという「妥協政策」であった。,×,第18章　国際協調体制の動揺と第二次世界大戦,間違った文章である。共産主義の拡大を食い止める「封じ込め政策」であり、対決姿勢を鮮明にしたものである。
マーシャル・プラン（ヨーロッパ経済復興援助計画）に対し、ソ連は東欧諸国への参加を認め、東西の経済交流を促進した。,×,第18章　国際協調体制の動揺と第二次世界大戦,間違った文章である。ソ連はこれをアメリカの経済的帝国主義とみなし、東欧諸国の参加を拒否させた。
コミンフォルムは、戦時中に解散したコミンテルンの復活であり、全世界の労働者階級の武力蜂起を直接指揮する組織であった。,×,第18章　国際協調体制の動揺と第二次世界大戦,間違った文章である。各国の共産党間の「情報交換・調整」を目的とした組織であり、対象も東欧と仏・伊の共産党に限定されていた。
1948年のチェコスロヴァキアでの共産党クーデタは、西側諸国に危機感を与え、北大西洋条約機構（NATO）などの軍事同盟結成の引き金となった。,◯,第18章　国際協調体制の動揺と第二次世界大戦,民主的な連立政権が崩壊したことで、冷戦の緊張が一気に高まりました。
社会民主主義を掲げたイギリスのアトリー内閣は、炭鉱や鉄道などの基幹産業を国営化し、福祉国家の基盤を築いた。,◯,第18章　国際協調体制の動揺と第二次世界大戦,資本主義を維持しつつ、国家が介入して格差を是正するモデルです。
アウシュヴィッツなどの強制収容所で行われたユダヤ人虐殺は、戦後のニュルンベルク国際軍事裁判において「人道に対する罪」として裁かれた。,◯,第18章　国際協調体制の動揺と第二次世界大戦,文明社会に対する重大な犯罪として、国際的な法廷で裁かれました。
第二次世界大戦後のオーストリアは、ソ連の影響下に入り、ワルシャワ条約機構の一員として東側陣営に組み込まれた。,×,第18章　国際協調体制の動揺と第二次世界大戦,間違った文章である。1955年に永世中立を条件に、東西両陣営のどこにも属さない中立国として独立した。
マッカーシズム（赤狩り）は、ソ連国内で行われた資本主義同調者への弾圧を指す言葉である。,×,第18章　国際協調体制の動揺と第二次世界大戦,間違った文章である。1950年ごろのアメリカ国内で起きた、共産主義者やその同調者を追放する運動を指す。