question,answer,area
アフリカ各地に出現した人類で，「南方の猿」を意味する猿人をまとめて何というか。,アウストラロピテクス,アフリカ
猿人のなかには，河原などの自然石を打ち欠いただけの簡単な打製石器（石核石器）を用いたものもいたが，この石器を何というか。,礫石器,アフリカ
19世紀末ジャワ島のトリニールでオランダ人デュボワが発見した原人の名称を何というか。,ジャワ原人,東南アジア
中国の北京近くの周口店で出土した，打製石器を用い，火を使用したとされる原人を何というか。,北京原人,東アジア
約60万年前，現代の人類とほぼ同じ脳容積をもつ旧人が出現したとされるが，ヨーロッパ各地で出土した旧人の名称を何というか。,ネアンデルタール人,ヨーロッパ
旧人は，死者をいたむ観念をもっていたと考えられるが，どんな風習がそのことを示しているか。,埋葬の風習,ヨーロッパ
約20万年前の更新世末期には，現生人類に属する新人が出現したとされるが，南フランスで発見された新人の名称を何というか。,クロマニョン人,ヨーロッパ
新人は動物の骨・角・歯・牙を加工し，銛・釣針・槍・装身具を作ったが，この道具を何というか。,骨角器,ヨーロッパ
スペイン北部の代表的な洞穴美術遺跡を何というか。,アルタミラ,ヨーロッパ
人類が打製石器や骨角器を用いて生活を営んだ時代を何というか。,旧石器時代,
旧石器時代における食料獲得のための三つの方法は何か。,狩猟・漁労・採集,
約１万年前に氷期が終わり，新人は食料に関して，獲得経済から生産経済に大転換したが，この時代を旧石器時代に対して何というか。,新石器時代,
新石器時代以降の食料取得のための二つの方法は何か。,農耕・牧畜,
石斧・石臼・石皿など，砂や砥石で研磨した石器を何というか。,磨製石器,
新石器時代に作られた器で，調理用・貯蔵用の器を何というか。,土器,
薄手の素焼きの表面に，赤・紫・白・黒などの顔料で文様を描いた器を何というか。,彩文土器,
メソポタミア地方で始まった，河川などから人工的に水を供給する農法を何というか。,灌漑農法,西アジア・北アフリカ
銅と錫の合金でつくられた武器・装身具・祭器を何というか。,青銅器,
神殿を中心に発達した，中心市と周辺支配地域からなる小国家を何というか。,都市国家,
文字が発生する以前を先史時代というが，発生後の時代を何というか。,歴史時代,
「日ののぼるところ」を意味するラテン語で，古代のエジプトと西アジアおよびその周辺を指した言葉は何か。,オリエント,西アジア・北アフリカ
ティグリス・ユーフラテス両河の地域を指し，ほぼ今日のイラクにあたる地方を何というか。,メソポタミア,西アジア・北アフリカ
前3000年ころ，ウル・ウルク・ラガシュ等の都市国家をつくり，楔形文字を残した系統不明の民族を何というか。,シュメール人,西アジア・北アフリカ
前24世紀中頃，メソポタミア最初の統一国家を樹立した民族を何というか。,アッカド人,西アジア・北アフリカ
前19世紀初め頃，バビロンを都として建設された王国は何か。,バビロン第１王朝,西アジア・北アフリカ
バビロン第１王朝を建設したセム語系遊牧民を何というか。,アムル人,西アジア・北アフリカ
全メソポタミアを統一したバビロン第１王朝第６代の王は誰か。,ハンムラビ王,西アジア・北アフリカ
ハンムラビ王が制定した，復讐法・身分法を特色とする法典を何というか。,ハンムラビ法典,西アジア・北アフリカ
ハンムラビ法典で，同害復讐法の原則を表す言葉は何か。,目には目を歯には歯を,西アジア・北アフリカ
馬に引かせた戦車と鉄製武器を使用し，前18世紀頃小アジアに王国を建て，バビロン第１王朝を滅ぼした民族を何というか。,ヒッタイト,西アジア・北アフリカ
エジプトが，ナイル川の定期的氾濫によって運ばれた肥沃な土壌の上に栄えたことを，ギリシアの歴史家ヘロドトスは何と表現したか。,エジプトはナイルのたまもの,西アジア・北アフリカ
古代エジプトの王の称号を何というか。,ファラオ,西アジア・北アフリカ
古代エジプトの太陽神の一つであり，古王国時代に国家の最高神とされたものを何というか。,ラー,西アジア・北アフリカ
王の絶大な権力を象徴するものとして，古王国時代にさかんに建造されたものを何というか。,ピラミッド,西アジア・北アフリカ
シリア方面から馬と戦車を使用した遊牧民がエジプトに流入し，中王国時代末期に一時王朝を建てたが，この遊牧民を何というか。,ヒクソス,西アジア・北アフリカ
アトン神を唯一神とする宗教改革を断行し，自らもイクナートンと称した，新王国時代の王は誰か。,アメンホテプ４世,西アジア・北アフリカ
パピルスに記され，ミイラとともに副葬された，死後の世界への案内書を何というか。,死者の書,西アジア・北アフリカ
古代エジプト人が使用した象形文字で，碑文や墓に刻まれた最初のエジプト文字を何というか。,神聖文字/ヒエログリフ,西アジア・北アフリカ
上記18の解読のきっかけとなった，ナポレオンのエジプト遠征の際に発見された石碑を何というか。,ロゼッタストーン,西アジア・北アフリカ
古代エジプト人が，ナイル川の氾濫をもとに作成した暦を何というか。,太陽暦,西アジア・北アフリカ
都がテル＝エル＝アマルナ時代の写実的美術様式を何というか。,アマルナ美術,
ロゼッタ＝ストーンを手がかりに神聖文字を解読した人物は誰か。,シャンポリオン,西アジア・北アフリカ
前13世紀末から前12世紀初めに東地中海全域で活動し，エジプトなどを衰退させた諸民族の集団を何というか。,海の民,西アジア・北アフリカ
ダマスクスを中心に陸上の中継貿易に活躍し，その言語は国際商業語として広く使用されたセム系遊牧民を何というか。,アラム人,西アジア・北アフリカ
地中海交易を独占して，シドン・ティルスなどの都市国家を建設し，その文字がアルファベットの起源となったセム系民族を何というか。,フェニキア人,西アジア・北アフリカ
ヘブライ人の王国が分裂し，北にイスラエル王国，南にユダ王国が建国されたが，ユダ王国が新バビロニアにより滅ぼされて，住民の多くがバビロンに強制的に連れ去られた事件を何というか。,バビロン捕囚,西アジア・北アフリカ
エーゲ海で栄えた青銅器文明の前期に属し，平和的・海洋的性格をもつ文明を何というか。,クレタ文明,ヨーロッパ
前20世紀頃からギリシア本土に南下し，戦闘的で軍事に関心が高い民族が形成した青銅器文明を何というか。,ミケーネ文明,ヨーロッパ
巨石城塞を特色とするミケーネ文明は各地に小王国を築いたが，その中でミケーネの南に位置する代表的遺跡を何というか。,ティリンス,ヨーロッパ
シュリーマンが発見した小アジア西北岸の遺跡を何というか。,トロイア,ヨーロッパ
前７世紀前半，初めてオリエントを統一した国を何というか。,アッシリア,西アジア・北アフリカ
前７世紀末頃小アジアに成立し，世界最古の金属貨幣を使用したインド＝ヨーロッパ系の国を何というか。,リディア,西アジア・北アフリカ
インダス川中流域のパンジャーブ地方にあるインダス文明を代表する遺跡を何というか。,ハラッパー,南アジア
インダス川下流域のシンド地方にあり，「死者の丘」を意味するインダス文明最大の都市遺跡を何というか。,モエンジョダーロ,南アジア
インダス文明の担い手で，主に南インドに多い民族を何というか。,ドラヴィダ人,南アジア
前1500年頃カイバル峠をこえて西北インドに進入し，前1000年頃ガンジス川流域に移動・定住した民族を何というか。,アーリヤ人,南アジア
バラモン（司祭）・クシャトリヤ（王族・武人）・ヴァイシャ（庶民）・シュードラ（隷属民）からなる階層身分制度を何というか。,ヴァルナ制,南アジア
ヴェーダを聖典として成立した宗教を何というか。,バラモン教,南アジア
前10世紀頃からメキシコのユカタン半島を中心に展開した，ピラミッド状の神殿や絵文字を特色とする文明を何というか。,マヤ文明,南北アメリカ
12世紀以降チチメカ族の一派がメキシコ高原に進出し，14世紀に文明を築いたが，この文明を何というか。,アステカ文明,南北アメリカ
1200年頃成立した，アンデス高地の強力な帝国を何というか。,インカ帝国,南北アメリカ
インカ帝国の、縄の結び方で数量を記録する方法を何というか。,キープ/結縄,南北アメリカ
アーリヤ人の自然崇拝や神々への賛歌・儀礼をまとめたヴェーダの中で，最古のものを何というか。,リグヴェーダ,南アジア
標高2500ｍに築かれた，インカ帝国の空中都市遺跡を何というか。,マチュピチュ,南北アメリカ
アメリカ大陸原産の主要な栽培植物を，ジャガイモ・トマトの他に一つあげよ。,トウモロコシ,南北アメリカ
華北を流れ，流域に農耕文明が成立した中国第二の大河は何か。,黄河,東アジア
前5000～前3000年頃，黄河の中流域に展開した中国最古の新石器文化を何というか。,仰韶文化,東アジア
この文化を特色づける土器を何というか。,彩陶,東アジア
黄河の下流域に広がる新石器時代後期の農耕文化を何というか。,竜山文化,東アジア
この文化を特色づける，表面が研磨された薄手の土器を何というか。,黒陶,東アジア
竜山文化の末期からあらわれた，周囲を樹木や土壁で囲まれた集落を何というか。,邑,東アジア
禹を始祖として，17代約450年続いたとされる，伝説上の中国最古の王朝を何というか。,夏,東アジア
中国で確認できる最古の王朝は，後に都市国家に発展する夏の連合体であったが，その王朝名を何というか。,殷,東アジア
殷の別称でもある，都市国家連合の中心になった大邑の名称を何というか。,商,東アジア
河南省安陽市小屯にある殷の後期の都の遺跡を何というか。,殷墟,東アジア
亀甲・獣骨に刻まれた文字で，王が占いに使用したので卜辞ともよばれ，漢字の原型とされる文字を何というか。,甲骨文字,東アジア
陝西省の渭水流域からおこり，前11世紀頃殷を滅ぼした王朝を何というか。,周,東アジア
周の都は初めどこに置かれたか。,鎬京,東アジア
天命が革まり天子の姓が易るという意味の，中国における王朝交替の考え方を何というか。,易姓革命,東アジア
血縁を中心とする主従関係に基づき，王が一族や功臣に領地を与え，代々その土地を治めさせる制度を何というか。,封建制度,東アジア
主君が臣下に与えた領地を何というか。,封土,東アジア
封土を与えられ，代々その地を領有した一族や功臣を何というか。,諸侯,東アジア
政治・軍事を担った，王室や世襲の家臣団を何というか。,卿・大夫・士,東アジア
社会の上下関係を律するための行動規範を何というか。,礼,東アジア
同姓不婚など，親族集団内の秩序や上下関係を定めたものを何というか。,宗法,東アジア
前770年の周の洛邑東遷から，晋より分裂した韓・魏・趙の独立までの時代を何というか。,春秋時代,東アジア
周王の権威を背景に，諸侯間の盟約の儀式を行って秩序を維持した，斉の桓公などの有力諸侯を何というか。,覇者,東アジア
前403年の韓・魏・趙の独立から秦の統一までを何時代というか。,戦国時代,東アジア
韓・魏・趙など，この時代の７大諸侯のことを総称して何というか。,戦国の七雄,東アジア
春秋時代頃から広まり，森林の伐採や土地の開墾，灌漑や大規模な治水事業を可能にした道具は何か。,鉄器,東アジア
同じ頃に一部で広まった，犂を牛に引かせる農法を何というか。,牛耕農法,東アジア
戦国時代を中心に諸侯や大商人によって発行された，小刀の形を模した青銅貨幣を何というか。,刀銭,東アジア
封建身分の秩序の崩壊と実力本位の風潮の中で現れた，思想家の諸学派の総称を何というか。,諸子百家,東アジア
家族愛を社会秩序にまで拡大させることを説き，周の徳による統治を理想とした儒家の開祖は誰か。,孔子,東アジア
儒家の教えを性善説の立場から発展させ，王道政治の実現を説き，易姓革命説をとなえて諸国を遊説したのは誰か。,孟子,東アジア
性善説に対して性悪説をとなえ，社会秩序の維持のために礼が必要であると強調したのは誰か。,荀子,東アジア
時代を反映した実力主義や，血縁を超えた平等な人類愛を説いた思想家は誰か。,墨子,東アジア
老子を祖とし，荘子によって継承・発展した学派を何というか。,道家,東アジア
秦の孝公に仕え，宰相として大改革を実施した法家の思想家は誰か。,商鞅,東アジア
荀子に学び，法家思想を大成した人物は誰か。,韓非,東アジア
天文暦学を中心として，天体の運行と人間生活との関係を論じた学派を何というか。,陰陽家,東アジア
外交政策を論じて各国君主に取り入った縦横家の中で，合従策を唱えたのは誰か。,蘇秦,東アジア
蘇秦に対して，連衡策を説いて合従策を論破したのは誰か。,張儀,東アジア
戦略・兵法や国家経営を説いた，孫子らによる学派を何というか。,兵家,東アジア
生活習慣や言語の異なる中国以外の地域の人々を，「夷狄」として野蛮なものとする思想を何というか。,華夷思想,東アジア
四書の一つで，孔子の死後，弟子たちによって編纂された孔子と弟子の言行録を何というか。,論語,東アジア
魯の国の年代記で，孔子が編集したことで五経の一つとされた儒学の経典を何というか。,春秋,東アジア
老子が唱えた，人為的なものを排除して，人間の生活と行為の規範を天の道に従おうとする考え方を何というか。,無為自然,東アジア
前７～前４世紀頃，南ロシア一帯を支配したイラン系と推定される遊牧国家を何というか。,スキタイ,中央アジア
上記１による，動物文様や金属細工を特色とする文化を何というか。,スキタイ文化,中央アジア
前４世紀～後１世紀頃，上記１の文化的な影響の下，モンゴル高原を中心に活躍し，中国の諸王朝を圧迫した民族は何か。,匈奴,中央アジア
匈奴の最盛期の君主は誰か。,冒頓単于,中央アジア
前２世紀頃，イラン系とされる月氏が冒頓単于に敗れ，その一派が西方へ移動し建てた国を何というか。,大月氏,中央アジア
２世紀半ば以降モンゴル高原を支配し，後に中国へも進出した民族を何というか。,鮮卑,中央アジア
４世紀頃に，ヨーロッパ方面への大規模な西進を開始し，ゲルマン人の大移動を促した騎馬遊牧民を何というか。,フン,中央アジア
５～６世紀頃，モンゴル高原南部を中心に活躍した，モンゴル系民族は何か。,柔然,中央アジア
５～６世紀頃，中央アジアから西北インドにかけて活躍し，インドのグプタ朝に進入を繰り返した民族を何というか。,エフタル,中央アジア
秦王である政が，「王」の称号にかえて初めて使用した称号は何か。,皇帝,東アジア
始皇帝が全国を郡に分け，郡の下に県をおき，中央より官吏を派遣して中央集権化を進めた地方統治制度を何というか。,郡県制,東アジア
始皇帝が北方遊牧民に対する防衛のため，戦国時代からあったものを修築・連結した建造物を何というか。,/万里の長城,東アジア
始皇帝が丞相李斯の建議により行った，思想統制策を何というか。,焚書・坑儒,東アジア
始皇帝の死の翌年に起こった，中国史上初の農民反乱は何か。,陳勝・呉広の乱,東アジア
秦の滅亡後，旧勢力の代表として覇を争ったが，前202年垓下の戦いに敗れて自殺した楚の将軍は誰か。,項羽,東アジア
農民出身で，秦末に新興勢力の代表として台頭し，前202年に長安を都として漢王朝を樹立したのは誰か。,劉邦,東アジア
中央集権体制を確立し，対外的には積極策をとり，前漢の最盛期をもたらした第７代皇帝は誰か。,武帝,東アジア
武帝が匈奴挟撃のため大月氏へ派遣し，西域の事情を中国にもたらした人物は誰か。,張騫,東アジア
武帝が財政難を打開するため，人々の生活必需品である三品を国家専売制としたが，この三品は何か。,塩・鉄・酒,東アジア
宮中に仕える去勢された男子で，皇帝の側近としてしばしば国政に介入した人々を何というか。,宦官,東アジア
外戚として実権を掌握し，後８年に漢を倒して周を理想とする新を建国したのは誰か。,王莽,東アジア
新末期に山東省で挙兵し，仲間の目印として眉を赤で染めた農民の反乱を何というか。,赤眉の乱,東アジア
後23年新の滅亡後，豪族の支持を受け25年に洛陽を都として漢を復興（後漢）したのは誰か。,劉秀/光武帝,東アジア
西域都護として，50余国を服属させるなど西域経営に活躍した後漢の部将で，班固の弟でもある人物は誰か。,班超,東アジア
後漢末に，太平道の教祖張角が指導した農民反乱を何というか。,黄巾の乱,東アジア
五経（経書）の字句解釈を目的とした後漢の儒学を何というか。,訓詁学,東アジア
中国最初の紀伝体の歴史書『史記』を著したのは誰か。,司馬遷,東アジア
武帝に儒学を官学とするよう建言した儒学者は誰か。,董仲舒,東アジア
後漢の歴史家班固が紀伝体で記述した，前漢一代の歴史書を何というか。,漢書,東アジア
漢の時代の，郡県制と封建制を併用した統治政策を何というか。,郡国制,東アジア
前漢の景帝が諸侯の領土削減を図ったためおきた反乱は何か。,呉楚七国の乱,東アジア
秦の滅亡に乗じ広東を拠点に独立したが，その後前111年武帝に滅ぼされ，南海九郡の一つとなった国を何というか。,南越国,東アジア
前108年，武帝は朝鮮半島の衛氏朝鮮を滅ぼし朝鮮四郡を設置したが，この中で日本にとって漢文化の窓口となったのは何郡か。,楽浪郡,東アジア
武帝が財政再建のため実施した物価調整法を何というか。,均輸法,東アジア
均輸法とともに武帝が実施した物価安定法を何というか。,平準法,東アジア
武帝が始めた官吏任用法で，地方長官が有徳の人物を中央に推薦して官吏としたものを何というか。,郷挙里選,東アジア
後漢の時代に起こった，宦官の専横を非難した儒家官僚に対する弾圧事件を何というか。,党錮の禁,東アジア
後漢の蔡倫が改良し，その後各地に伝播した技術は何か。,製紙法,東アジア
後漢滅亡後の３世紀前半，華北の魏，四川の蜀，長江流域の呉が並び立ち抗争した時代を何というか。,三国時代,東アジア
魏の将軍で，265年国を奪って洛陽を都とする晋(西晋)を建国し，280年には呉を滅ぼして中国を統一した人物は誰か。,司馬炎,東アジア
西晋末に起こった，皇帝の一族による帝位をめぐる内乱を何というか。,八王の乱,東アジア
華北に移住を進め，４世紀に各地で蜂起した５つの周辺諸民族を何というか。,五胡,東アジア
西晋滅亡後の317年，司馬睿が江南に建国した国を何というか。,東晋,東アジア
現在の南京に位置する東晋の都はどこか。,建康,東アジア
５世紀前半以降，江南に４王朝と華北に５王朝が併存し対立したが，この時代を何というか。,南北朝時代,東アジア
上記５の滅亡後，江南に興亡した４つの王朝をまとめて何というか。,南朝,東アジア
386年，鮮卑が建国した国を何というか。,北魏,東アジア
北魏を建国した鮮卑の一部族を何というか。,拓跋氏,東アジア
治世の前半に均田制などが実施され，その後，習俗などの中国化を図る漢化政策を徹底した人物は誰か。,孝文帝,東アジア
孝文帝が，平城から南下し遷都した都市はどこか。,洛陽,東アジア
６世紀前半に東魏と西魏が成立するが，そのうち東魏を倒して成立した王朝を何というか。,北斉,東アジア
西魏を倒して成立し，その後北斉を併合した王朝を何というか。,北周,東アジア
魏に始まり南北朝時代まで実施され，地方におかれた中正官が，人材を９つの等級に分けて中央に推薦する官吏任用制度を何というか。,九品中正,東アジア
485年，北魏の孝文帝が実施した，農民に土地を割り当てて耕作させる土地制度を何というか。,均田制,東アジア
魏晋南北朝時代，経済力を背景として，世襲的に上級官職を独占した有力な家門を何というか。,門閥貴族,東アジア
西方との交流で仏教が盛んになる中で，華北地域の崖などに造営された寺院を何というか。,石窟寺院,東アジア
魏・晋時代に流行した，竹林の七賢に代表される，道教思想に基づく哲学的論議を何というか。,清談,東アジア
東晋時代の詩人で，「帰去来辞」「桃花源記」を書いたのは誰か。,陶潜/陶淵明,東アジア
梁の昭明太子が，古来の名文を集めて編纂した文集を何というか。,文選,東アジア
人物画や神仙思想の山水画に優れ，「女史箴図」を描いたとされる東晋時代の画家は誰か。,顧愷之,東アジア
「蘭亭序」で名高い東晋時代の書家で，芸術的な書風を完成させ「書聖」と称されたのは誰か。,王羲之,東アジア
310年に洛陽に訪れ，多くの門弟を育てて仏教を広めた亀茲（クチャ）出身の僧は誰か。,仏図澄,東アジア
インドでの修行後中国を訪れ，長安で仏典の漢訳につとめた亀茲の王族出身の僧は誰か。,鳩摩羅什,東アジア
陸路インドへ赴いて海路帰国し，『仏国記』を著した東晋の僧は誰か。,法顕,東アジア
神仙思想・老荘思想・陰陽五行説などの信仰が融合し，寇謙之が大成した中国固有の宗教を何というか。,道教,東アジア
前１世紀に成立し，後313年楽浪郡を滅ぼして朝鮮半島北部を支配した国を何というか。,高句麗,東アジア
三韓のうち，４世紀に馬韓から統一が進んで成立した国を何というか。,百済,東アジア
三韓のうち，４世紀に辰韓から統一が進んで成立した国を何というか。,新羅,東アジア
三韓のうち，弁韓をもとにして成立した朝鮮半島南部の小国家連合を何というか。,伽耶/加羅,東アジア
「魏志倭人伝」に記載されている倭の一国で，約30の小国を従えて魏に使節を送っていた国を何というか。,邪馬台国,東アジア
邪馬台国の女王で，３世紀に魏に朝貢し「親魏倭王」の称号を得たのは誰か。,卑弥呼,東アジア
４～７世紀頃，大和地方を拠点としていた日本の古代王朝を何というか。,大和政権,東アジア
北周の外戚で，隋を建国して589年中国を統一したのは誰か。,楊堅,東アジア
楊堅によって始められた官吏任用制度は何か。,科挙,東アジア
６世紀中頃からおこり，中央アジア一帯を支配し，その後隋の攻撃や内紛で東西に分裂したトルコ系騎馬遊牧民を何というか。,突厥,東アジア
隋の第２代皇帝で，大運河の建設や高句麗遠征を行ったのは誰か。,煬帝,東アジア
618年，隋皇帝からの禅譲で唐を建国したのは誰か。,李淵,東アジア
唐の都はどこか。,長安,東アジア
唐の第２代皇帝で，中国を統一して律令体制を整備し，東突厥を破るなど周辺の諸民族を服属させ，支配を確立したのは誰か。,太宗/李世民,東アジア
唐の第３代皇帝で，百済・高句麗を滅ぼして領土を最大としたのは誰か。,高宗,東アジア
唐中央政府の三省のうち，貴族の拠点として中書省からの詔勅や奏文を審議する機関を何というか。,門下省,東アジア
唐中央政府の三省のうち，六部を直属に置く詔勅の実行機関を何というか。,尚書省,東アジア
唐の中央政府のうち，官吏の監察を行う機関を何というか。,御史台,東アジア
隋・唐時代に確立し，周辺諸国にも影響を与えた中国の法体系を何というか。,律・令・格・式,東アジア
隋・唐の時代に実施され，農民に口分田や永業田を与えて耕作させる土地制度を何というか。,均田制,東アジア
均田制に関連する唐代の税制を何というか。,租庸調制,東アジア
支配下に入った周辺諸民族の監督のために，各地に置かれた軍事行政機関を何というか。,都護府,東アジア
唐代，中央から都護を派遣し，諸民族の自治を認める間接的な統治政策を何というか。,羈縻政策,東アジア
北魏の頃に伝来したゾロアスター教の中国名を何というか。,祆教,東アジア
ゾロアスター教・キリスト教・仏教が融合した宗教で，７世紀末に伝来してウイグルなどに広まった宗教は何か。,マニ教,東アジア
ネストリウス派キリスト教の中国名を何というか。,景教,東アジア
７世紀以降，ムスリム商人たちによって伝えられたイスラーム教の中国名を何というか。,回教,東アジア
自由奔放な詩風で「詩仙」と呼ばれた盛唐の詩人は誰か。,李白,東アジア
「春望」など戦乱後の悲惨な時世を詠み，「詩聖」と呼ばれた盛唐の詩人は誰か。,杜甫,東アジア
唐代に，人物や動物をかたどって緑・白・褐色などで色づけされ，主に副葬品として使用された陶器を何というか。,唐三彩,東アジア
五経の注釈書である『五経正義』を作成した唐初の儒学者は誰か。,孔穎達,東アジア
陸路インドを訪れ，その旅程を口述して『大唐西域記』としてまとめ，持ち帰った仏典の翻訳に従事した唐僧は誰か。,玄奘,東アジア
海路インドを訪れ，帰路に滞在した東南アジアのシュリーヴィジャヤで『南海寄帰内法伝』を著した唐僧は誰か。,義浄,東アジア
７世紀にソンツェン＝ガンポが建国し，唐やインドの影響を受けてチベット仏教を生み出した国を何というか。,吐蕃,東アジア
８世紀半ば頃に雲南地方で勢力を拡大し，漢字など唐の文化を受容した国を何というか。,南詔,東アジア
698年大祚栄が中国東北地方を中心に建国し，唐の諸制度を採り入れ日本とも交流を持った国を何というか。,渤海,東アジア
４世紀半ば以降朝鮮半島東部を中心に支配し，676年には朝鮮半島を統一した国を何というか。,新羅,東アジア
新羅における血縁的な身分制度を何というか。,骨品性,東アジア
遣唐使の派遣を通して唐の国際的な文化の影響を受け，８世紀頃に日本で開花した文化を何というか。,天平文化,東アジア
高宗死後の７世紀末に即位して国号を周と改め，政治に科挙官僚を重用するなどした中国唯一の女帝は誰か。,武則天,東アジア
唐の第６代皇帝で，様々な制度改革で体制の立て直しを図り，安定期を現出したのは誰か。,玄宗,東アジア
均田制の崩壊に伴い，農民からの徴兵をやめる代わりに傭兵を用いる兵制を何というか。,募兵制,東アジア
異民族に対する防備のために，当初は主に辺境に設置された軍職を何というか。,節度使,東アジア
755年，安禄山が史思明と共におこした反乱を何というか。,安史の乱,東アジア
安史の乱の鎮圧に活躍したトルコ系騎馬遊牧民は何か。,ウイグル,東アジア
780年以降に実施された，税を夏と秋の２回徴集する税制を何というか。,両税法,東アジア
均田制が行き詰まる一方で，大土地所有を許された貴族などが隷属する農民を使役して経営した土地を何というか。,荘園,東アジア
875年，唐末の圧政や飢饉を背景として，塩の密売人らの蜂起から拡大した農民反乱を何というか。,黄巣の乱,東アジア
上記15の後，907年唐の帝位を奪って後梁を建国したのは誰か。,朱全忠,東アジア
民衆的で平易な詩風を特徴とし，「長恨歌」などを残した中唐の詩人は誰か。,白居易,東アジア
柳宗元と共に貴族趣味的な四六駢儷文を批判し，自由な表現を目指して古文の復興を主張した中唐の文章家は誰か。,韓愈,東アジア
遊牧民が，馬と中国の絹を交換し利益を上げる貿易を何というか。,絹馬貿易,東アジア
遊牧国家と共生関係にあり，４世紀～７世紀頃の中央ユーラシア一帯で交易のみならず外交官の役割も果たした民族を何というか。,ソグド人,東アジア
中国と周辺諸地域における，儒教道徳的な君臣関係に基づく国際秩序を何というか。,冊封体制,東アジア
663年，日本が百済支援のため朝鮮半島に出兵し，唐・新羅連合軍に大敗した戦いを何というか。,白村江の戦い,東アジア
710年，長安にならい，日本の奈良に建設された都を何というか。,平城京,東アジア
律令が取り入れられた日本において，中国の均田制を模倣した土地の分配制度を何というか。,班田収授法,東アジア
従来の画法を脱して新しい技法を生み出し，山水や人物などを描いた８世紀頃の画家は誰か。,呉道玄,東アジア
従来の芸術的で貴族趣味的な書風を離れ，力強い書法を追求した８世紀の書家は誰か。,顔真卿,東アジア
前６世紀頃ガンジス川中下流域に成立し，前５世紀にはコーサラ国を併合した王国を何というか。,マガダ国,南アジア
バラモン教の祭式主義から転換し，「梵我一如」により苦悩から解脱できるという内面的思索を重視した哲学を何というか。,ウパニシャッド哲学,南アジア
バラモンの権威やヴァルナ制を否定する仏教を開いた人物は誰か。,ガウタマシッダールタ,南アジア
ヴァルダマーナによって開かれ，バラモンの権威を否定し，苦行や不殺生の実践を重視した宗教を何というか。,ジャイナ教,南アジア
前３世紀頃インドの大半を統一した，マウリヤ朝最盛期の王は誰か。,アショーカ王,南アジア
仏教経典の収集や編纂事業を何というか。,仏典結集,南アジア
イラン系クシャーナ朝の最盛期の王は誰か。,カニシカ王,南アジア
東西交通路の要衝にあったクシャーナ朝が盛んに交易をおこなった地中海方面の大国を何というか。,ローマ,南アジア
保守化した旧来の上座部仏教に対して，菩薩信仰をもとに全ての人の救済を目指す新仏教を何というか。,大乗仏教,南アジア
クシャーナ朝時代の都プルシャプラを中心とする地方に発達した，インドとギリシアの文化が融合して成立した仏教美術を何というか。,ガンダーラ美術,南アジア
南インドを中心に成立し，南北インドの文化交流や西方との海上交易も行った王朝を何というか。,サータヴァーハナ朝,南アジア
４世紀末～５世紀初に，グプタ朝最盛期を築いた第３代の王は誰か。,チャンドラグプタ２世,南アジア
バラモンの言葉がグプタ朝時代に公用語化し，詩や文学にも使われた言語を何というか。,サンスクリット語,南アジア
バラモン教に民間の信仰や慣習が融合して成立し，グプタ朝時代に定着した宗教を何というか。,ヒンドゥー教,南アジア
４つのヴァルナの宗教的義務や生活規範を定め，バラモンの特権的身分を強調し，以後のインド社会を規定した法典を何というか。,マヌ法典,南アジア
グプタ朝時代に仏教が盛んになる中，中国の東晋から経典を求めて訪れた僧は誰か。,法顕,南アジア
７世紀前半北インドを統一したが，ハルシャ王一代で滅亡した王朝を何というか。,ヴァルダナ朝,南アジア
中国（唐）から陸路でインドを訪れ，ハルシャ王の保護のもと仏教を学び，帰国後『大唐西域記』を著した僧は誰か。,玄奘,南アジア
５世紀にグプタ朝が建立した仏教学院で，大乗仏教の教学の中心として栄え，上記18や義浄も学んだ僧院を何というか。,ナーランダー僧院,南アジア
前３世紀頃南インドに成立し，交易の他，最盛期の10～11世紀頃にはセイロン島や東南アジア遠征を行った王朝を何というか。,チョーラ朝,南アジア
アショーカ王が統治の基本理念とし磨崖碑・石柱碑に刻ませた，人々が守るべき規範を何というか。,ダルマ,南アジア
サンスクリット文学の最高傑作である『シャクンタラー』を著した戯曲作家・詩人は誰か。,カーリダーサ,南アジア
バーラタ族内の戦争を主題としたサンスクリットの叙事詩は何か。,マハーバーラタ,南アジア
王子ラーマの冒険を主題としたサンスクリットの叙事詩は何か。,ラーマーヤナ,南アジア
前４世紀頃におけるベトナム北部の青銅器・鉄器文化を何というか。,ドンソン文化,東南アジア
１世紀末メコン川下流域に成立し，インドや中国との交易で繁栄した，外港オケオで有名な港市国家を何というか。,扶南,東南アジア
２世紀末インドシナ半島東南にチャム人が建国した国を何というか。,チャンパー,東南アジア
６世紀頃メコン川中流域に，ヒンドゥー教を国教とするカンボジアを建国した民族を何というか。,クメール人,東南アジア
12世紀前半，カンボジアのスールヤヴァルマン２世によって建てられたヒンドゥー教寺院（後に仏教寺院）を何というか。,アンコールワット,東南アジア
11世紀イラワディ川下流域に建国され，上座部仏教を受容した，ビルマ人によるビルマ最初の統一王朝を何というか。,パガン朝,東南アジア
ビルマやタイの沿岸部に分布した先住民で，ドヴァーラヴァティ王国やペグー朝を建国した人々を何というか。,モン人,東南アジア
13世紀頃，雲南より南下していたタイ人が，カンボジアの支配から自立して成立した王朝を何というか。,スコータイ朝,東南アジア
約1000年間の中国支配からの自立後，1009年に成立し国名を大越と称したベトナム北部最初の長期政権を何というか。,李朝,東南アジア
李朝の後，1225年にベトナム北部に成立した王朝を何というか。,陳朝,東南アジア
陳朝において，漢字をもとに作られた民族文字を何というか。,字喃/チュノム,東南アジア
７世紀，スマトラ島のパレンバンを中心に成立した大乗仏教の国で，国際貿易の中継地として繁栄した王国を何というか。,シュリーヴィジャヤ,東南アジア
８世紀半ば～９世紀，ジャワ島中部に建国した大乗仏教の王朝を何というか。,シャイレンドラ朝,東南アジア
ジャワ島中部に建立された大乗仏教の石造寺院を何というか。,ボロブドゥール,東南アジア
"前６世紀半ば,キュロス２世が建国したイラン人王朝を何というか。",アケメネス朝ペルシア,西アジア・北アフリカ
アケメネス朝ペルシアの第３代で，オリエントを再統一し大帝国を築いたのは誰か。,ダレイオス１世,西アジア・北アフリカ
各州に置いた知事（サトラップ）を監視するため，中央から派遣した監察官を何というか。,王の目王の耳,西アジア・北アフリカ
世界を善神と悪神の対立ととらえ，火の崇拝を重視して拝火教ともよばれたイラン人の宗教を何というか。,ゾロアスター教,西アジア・北アフリカ
アケメネス朝ペルシアを滅ぼし，大帝国を築いたマケドニアの国王は誰か。,アレクサンドロス,西アジア・北アフリカ
アレクサンドロスの死後，アジア領土を支配したギリシア系王朝を何というか。,セレウコス朝,西アジア・北アフリカ
前３世紀半ば頃，アム川上流域において自立したギリシア人の王国を何というか。,バクトリア,西アジア・北アフリカ
バクトリアから遊牧イラン人の族長アルサケスが自立して建国した王国を何というか。,パルティア,西アジア・北アフリカ
３世紀前半，農耕イラン人のササン朝を建国した人物は誰か。,アルダシール１世,西アジア・北アフリカ
３世紀のササン朝第２代の君主で，シリアに侵入してローマ軍を撃破し，皇帝ウァレリアヌスを捕虜としたのは誰か。,シャープール１世,西アジア・北アフリカ
５世紀後半，遊牧民エフタルを突厥と共に挟撃し，東ローマ帝国とも抗争したササン朝最盛期の君主は誰か。,ホスロー１世,西アジア・北アフリカ
ササン朝時代に編纂された，ゾロアスター教の教典を何というか。,アヴェスター,西アジア・北アフリカ
３世紀頃のササン朝時代，ゾロアスター教にキリスト教や仏教の要素が融合して成立した宗教を何というか。,マニ教,西アジア・北アフリカ
642年，ササン朝が新興のイスラーム勢力に敗北し，王朝崩壊のきっかけとなった戦いを何というか。,ニハーヴァンドの戦い,西アジア・北アフリカ
ミケーネ文明崩壊後，ギリシアが混乱する一方で，鉄器が普及した時代を何と呼ぶか。,暗黒時代,ヨーロッパ
前８世紀頃各地で貴族の指導のもと，分散定住していた諸部族が小さな都市国家（ポリス）を形成したが，この形態を何というか。,集住/シノイキスモス,ヨーロッパ
ポリスの中心となる城山を意味し，守護神が祀られ，戦争の時はポリス防衛の軍事拠点ともなった丘を何というか。,アクロポリス,ヨーロッパ
アクロポリスのふもとにあり，集会・交易・裁判などが行われた広場を何というか。,アゴラ,ヨーロッパ
ポリスを代表するアテネを建国したギリシア人の一派を何というか。,イオニア人,ヨーロッパ
前８～前６世紀，人口増大による土地不足などを原因に，黒海や地中海沿岸に建設された新しいポリスを何というか。,植民市,ヨーロッパ
古代ギリシア人が，自らを異民族と区別して呼んだ自称は何か。,ヘレネス,ヨーロッパ
古代ギリシア人は，異民族を軽蔑の意味を込めて何と呼んだか。,バルバロイ,ヨーロッパ
古代ギリシア人は，４年に１度の競技会をゼウス神殿への祭典として行い同一民族の意識を持ったが，その祭典が行われたのはどこか。,オリンピア,ヨーロッパ
スパルタの先住民で，農業に従事した奴隷身分の農民を何というか。,ヘイロータイ,ヨーロッパ
スパルタの半自由民で，従軍義務はあるが参政権はなく，主に商工業に従事した人々を何というか。,ペリオイコイ,ヨーロッパ
国内の多数の奴隷反乱を防ぐために採用された，スパルタの軍国主義的規律・鎖国的国家体制を何というか。,リュクルゴスの国制,ヨーロッパ
商工業が発達すると，富裕化した平民は，自費で武装して貴族と共に国防を担ったが，この兵士を何というか。,重装歩兵,ヨーロッパ
前594年，貴族と平民の調停者として，負債の帳消し・債務奴隷の禁止・財産政治を主な内容とする改革を実施した政治家は誰か。,ソロン,ヨーロッパ
前６世紀，平民と貴族の争いに乗じて非合法的に政権を握り，貧民に土地を再分配して中小農民を保護したアテネの僭主は誰か。,ペイシストラトス,ヨーロッパ
前508年，デーモス（区）に基づく10部族制への移行・500人評議会の設置などの改革を行い，アテネ民主政の基礎を築いたのは誰か。,クレイステネス,ヨーロッパ
クレイステネスが僭主の出現を防ぐために定めた，秘密投票による追放制度を何というか。,陶片追放/オストラキスモス,ヨーロッパ
アケメネス朝の支配に対してギリシア人植民市が反乱を起こし始まった，アケメネス朝とギリシア諸ポリス間の戦争を何というか。,ペルシア戦争,ヨーロッパ
ペルシア戦争のきっかけとなった反乱を起こしたのはどこの植民市か。,イオニア地方,ヨーロッパ
アテネの重装歩兵軍がペルシア軍を破った前490年の戦いを何というか。,マラトンの戦い,ヨーロッパ
前480年のサラミスの海戦でギリシア連合艦隊を指揮し，巧みな策略によってペルシア海軍を撃破したのは誰か。,テミストクレス,ヨーロッパ
ペルシア再攻に備え，アテネを中心に結成された同盟を何というか。,デロス同盟,ヨーロッパ
上記6の後，アテネ民主政が完成するがその指導者は誰か。,ペリクレス,ヨーロッパ
成年男性市民全員で構成された国政の最高決定機関を何というか。,民会,ヨーロッパ
前431年に始まった，アテネ率いる上記10とスパルタ率いるペロポネソス同盟とのギリシアを二分した戦争を何というか。,ペロポネソス戦争,ヨーロッパ
前371年のレウクトラの戦いでスパルタを破りギリシアの覇権を握ったポリスはどこか。,テーベ,ヨーロッパ
たえまない戦乱で多くの市民が土地を失って没落したことを原因に，市民軍に代わり国防を担った軍人集団を何というか。,傭兵,ヨーロッパ
ギリシア北方のマケドニアがアテネ・テーベ連合軍を破り，全ギリシアを支配下においた前338年の戦いを何というか。,カイロネイアの戦い,ヨーロッパ
カイロネイアの戦いのときのマケドニアの国王は誰か。,フィリッポス２世,ヨーロッパ
前334～前324年，全ギリシア連合軍を率いて東方遠征を行い，ギリシア・エジプトからインドにいたる大帝国を建設したのは誰か。,アレクサンドロス大王,ヨーロッパ
アレクサンドロス大王の死後部下たちの争いで領土は分裂するが，そのうちエジプトに成立した王朝を何というか。,プトレマイオス朝,ヨーロッパ
アレクサンドロス大王の遠征からプトレマイオス朝の滅亡までの約300年間を何時代というか。,ヘレニズム時代,ヨーロッパ
ペリクレスの死後，扇動政治家にあやつられ腐敗・堕落したアテネの政治形態を何というか。,衆愚政治,ヨーロッパ
マケドニア王フィリッポス２世を盟主として結成された，スパルタを除くギリシア全ポリスの同盟を何というか。,コリントス/ヘラス同盟,ヨーロッパ
前333年，アレクサンドロス大王がペルシア王ダレイオス３世軍を撃破した戦いを何というか。,イッソスの戦い,ヨーロッパ
アレクサンドロス大王が10年に及ぶ遠征で，各地に建設した約70の全て同名の都市を何というか。,アレクサンドリア,ヨーロッパ
ギリシア人の信仰の対象であったゼウスを主神とする神々を何というか。,オリンポス12神,ヨーロッパ
英雄叙事詩『イリアス』『オデュッセイア』で名高い詩人は誰か。,ホメロス,ヨーロッパ
『労働と日々』で勤労の尊さを説いた農民出身の叙事詩人は誰か。,ヘシオドス,ヨーロッパ
『女の平和』などで名高い，アテネ最大の喜劇作家は誰か。,アリストファネス,ヨーロッパ
前５世紀アテネで活躍した，弁論と修辞の術を教えることで報酬を得た職業教師たちの自称を何というか。,ソフィスト,ヨーロッパ
ソフィストの祖とされる代表的存在で，「万物の尺度は人間」という言葉で有名な人物は誰か。,プロタゴラス,ヨーロッパ
プロタゴラス批判して普遍的・客観的真理と知徳合一を説いた，アテネの哲学者は誰か。,ソクラテス,ヨーロッパ
ソクラテスの弟子で，イデア論による観念哲学を説き，理想的な国家のあり方を『国家論』で展開したアテネの哲学者は誰か。,プラトン,ヨーロッパ
プラトンの弟子で，古代の諸学問を集大成し「万学の祖」と呼ばれた哲学者は誰か。,アリストテレス,ヨーロッパ
ペルシア戦争を題材に『歴史』を著し，「物語的歴史記述の祖」とされる歴史家は誰か。,ヘロドトス,ヨーロッパ
自らが従軍したペロポネソス戦争を題材に『歴史』を批判的に著し，「科学的歴史記述の祖」とされる歴史家は誰か。,トゥキディデス,ヨーロッパ
パルテノン神殿の「アテナ女神像」やゼウス神殿の「ゼウス神像」などで知られる，アテネの彫刻家は誰か。,フェイディアス,ヨーロッパ
キプロス出身の哲学者ゼノンによって創始され，禁欲による心の平静を最高の幸福と考える禁欲主義を説いた学派を何というか。,ストア派,ヨーロッパ
死の恐怖の克服で得られる心の平静を最高の幸福（快楽）とし，心に快適な精神的快楽を追求した学派を何というか。,エピクロス派,ヨーロッパ
エジプトのアレクサンドリアにプトレマイオス朝が開設し，自然科学・人文科学研究の中心となった王立研究所を何というか。,ムセイオン,ヨーロッパ
ムセイオンの館長を務め，地球の周囲の長さをほぼ正確に計算した天文学者は誰か。,エラトステネス,ヨーロッパ
ムセイオンで学び，浮体の原理を発見した数学・物理学者は誰か。,アルキメデス,ヨーロッパ
ムセイオンで学び，平面幾何学を大成した数学者は誰か。,エウクレイデス/ユークリッド,ヨーロッパ
太陽中心説（地球の公転と自転）を唱えた数学・天文学者は誰か。,アリスタルコス,ヨーロッパ
ポリスの枠を越えた生き方を理想とする，ヘレニズム時代の知識人に広まった考え方を何というか。,コスモポリタニズム,ヨーロッパ
女性の地位の低かったギリシアで，唯一の女流叙情詩人として活躍したのは誰か。,サッフォー,ヨーロッパ
三大悲劇詩人の一人で，『アガメムノン』を創作し，ペルシア戦争にも従軍したのは誰か。,アイスキュロス,ヨーロッパ
三大悲劇詩人の一人で『オイディプス王』の作者は誰か。,ソフォクレス,ヨーロッパ
三大悲劇詩人の一人で『メデイア』の作者は誰か。,エウリピデス,ヨーロッパ
万物の根源を「水」とした，ギリシア最古の自然哲学者は誰か。,タレス,ヨーロッパ
万物の根源を「数」とした哲学者で数学者は誰か。,ピタゴラス,ヨーロッパ
万物の根源を「原子（アトム）」とした哲学者は誰か。,デモクリトス,ヨーロッパ
医学を学問として確立し，「医学の父」といわれる人物は誰か。,ヒッポクラテス,ヨーロッパ
都市国家ローマを建設したラテン人を，前509年まで支配していた民族は何か。,エトルリア人,ヨーロッパ
ローマ共和政初期は，公職を貴族が独占したが，定員２名・任期１年の平時における国政の最高官職を何というか。,コンスル/執政官・統領,ヨーロッパ
コンスルに対し，定員１名・任期半年の非常時の最高官職は何か。,ディクタトル/独裁官,ヨーロッパ
貴族の終身議員300名（のち増加）で構成された国政指導機関を何というか。,元老院,ヨーロッパ
前５世紀初頭に設置された，平民の権利を保護するための官職を何というか。,護民官,ヨーロッパ
前450年頃制定されたローマ最初の成文法を何というか。,十二表法,ヨーロッパ
前367年，コンスルの内１名を必ず平民から選出することや，公有地の占有を制限することを定めた法律を何というか。,リキニウス・セクスティウス法,ヨーロッパ
前287年，平民会の決議が元老院の承認なしでローマの国法となることを定めた法律を何というか。,ホルテンシウス法,ヨーロッパ
共和政期のローマ軍の主力で，自費で武装した中小農民によって構成される兵士を何というか。,重装歩兵,ヨーロッパ
カルタゴとの間で前264～前146年まで行われた戦争は何か。,ポエニ戦争,ヨーロッパ
上記10においてイタリアに侵入し，前216年のカンネーの戦いなどでローマ軍に大打撃を与えたカルタゴの将軍は誰か。,ハンニバル,ヨーロッパ
上記10で獲得したシチリア島以降，ローマから派遣された総督が統治した，イタリア半島以外のローマの征服地を何というか。,属州,ヨーロッパ
被征服民を奴隷として酷使し，ブドウ・オリーヴなどの果樹栽培や牧畜を行った大土地経営のことを何というか。,ラティフンディア/ラティフンディウム,ヨーロッパ
戦費自弁での長年の従軍・農地の荒廃・ラティフンディアの発展などにより，没落したのはどのような階層の人々か。,中小農民,ヨーロッパ
前133年より中小農民の没落を防ぐため，改革を行った兄弟は誰か。,グラックス兄弟,ヨーロッパ
前73～前71年に起こった大規模な奴隷反乱を何というか。,スパルタクスの乱,ヨーロッパ
第１回三頭政治に参加したのは，カエサル，クラッススともう１人は誰か。,ポンペイウス,ヨーロッパ
カエサルは，前58年からの遠征の成功によりその権力基盤を固めたが，その遠征先とはどこか。,ガリア,ヨーロッパ
第２回三頭政治の参加者の中で，エジプト女王クレオパトラと手を結んだのは誰か。,アントニウス,ヨーロッパ
カエサルの養子で，アントニウスとクレオパトラの連合軍を，前31年アクティウムの海戦で破った人物は誰か。,オクタウィアヌス,ヨーロッパ
都市国家ローマを建国したイタリア人の一派を何というか。,ラテン人,ヨーロッパ
共和政初期，元老院議員やコンスルを独占した貴族を何というか。,パトリキ,ヨーロッパ
共和政初期，参政権を求めて貴族と対立した，中小農民や商工業者などの平民を何というか。,プレブス,ヨーロッパ
イタリア半島統一過程でローマがとった統治方法を何というか。,分割統治,ヨーロッパ
第２回ポエニ戦争において，前202年のザマの戦いでハンニバルに圧勝したローマの将軍は誰か。,スキピオ,ヨーロッパ
第２回ポエニ戦争後没落したローマの中小農民の多くが，都市に流入して無産市民となり要求したものは何か。,パンと見世物,ヨーロッパ
マリウスに代表され，平民を支持基盤として政界進出を目指した一派を何というか。,平民派,ヨーロッパ
スラに代表され，元老院を基盤として政治体制を維持しようとする一派を何というか。,閥族派,ヨーロッパ
前91～前88年，イタリア半島内の同盟市がローマ市民権を要求しておこした反乱を何というか。,同盟市戦争,ヨーロッパ
オクタウィアヌス・アントニウスと共に第２回三頭政治に参加し，その後オクタウィアヌスと対立して失脚した政治家は誰か。,レピドゥス,ヨーロッパ
前27年，元老院がオクタウィアヌスに贈った尊号で，以後歴代皇帝の称号となったものを何というか。,アウグストゥス,ヨーロッパ
オクタウィアヌスは，共和政の伝統を尊重し，市民の第一人者（プリンケプスと自称）として統治したが，その統治体制を何というか。,元首政/プリンキパトゥス,ヨーロッパ
前27～後180年頃までの約200年間はローマの全盛期であり，平和と繁栄のもと交易も活発に行われたが，この時代を何というか。,ローマの平和/パクスロマーナ,ヨーロッパ
上記３の後半100年間の安定期に出た五人の皇帝は，まとめて何と呼ばれるか。,五賢帝,ヨーロッパ
元老院議員から皇帝となった五賢帝の最初の皇帝は誰か。,ネルウァ,ヨーロッパ
五賢帝の二番目で，パルティアと戦い帝国領土を最大とした皇帝は誰か。,トラヤヌス,ヨーロッパ
五賢帝の三番目で，ブリタニアに長城を築いた皇帝は誰か。,ハドリアヌス,ヨーロッパ
ストア哲学を学び「哲人皇帝」とよばれ，中国とも交流し『後漢書』に大秦王安敦として登場する上記４の最後の皇帝は誰か。,マルクスアウレリウスアントニヌス,ヨーロッパ
212年のアントニヌス勅令により，帝国の全自由人にローマ市民権を与えた皇帝は誰か。,カラカラ,ヨーロッパ
235～284年の約50年間は，26人の軍人出身の皇帝が乱立する混乱時代となったが，これを何時代というか。,軍人皇帝時代,ヨーロッパ
帝政後期の混乱期に，奴隷にかわって移動の自由のない隷属的小作人（コロヌス）による小作制が普及したが，これを何というか。,コロナトゥス,ヨーロッパ
軍人皇帝時代の混乱期を収拾した最後の軍人皇帝は誰か。,ディオクレティアヌス,ヨーロッパ
元老院など共和政的な組織は無視し，全ての権力をドミヌス（主）と称する皇帝に集中した政治形態を何というか。,専制君主政/ドミナトゥス,ヨーロッパ
帝国を四分し，それぞれ正帝と副帝を置いて帝国の統一維持を図ろうとした体制を何というか。,四帝分治制/四分統治制・テトラルキア,ヨーロッパ
306年に即位して帝国を統一し，官僚機構の整備やキリスト教の公認・職業身分の固定化を行なった皇帝は誰か。,コンスタンティヌス,ヨーロッパ
330年，コンスタンティヌスは都をビザンティウムに遷し，何と改称したか。,コンスタンティノープル,ヨーロッパ
375年西ゴート人が移動を開始し，翌年ドナウ川を越えて帝国領内に侵入したが，彼らを含む部族全体の名称を何というか。,ゲルマン人,ヨーロッパ
死に際し帝国を二子に分割相続し，東西二分を確定した皇帝は誰か。,テオドシウス,ヨーロッパ
ローマ帝国が東西に分裂したのは何年か。,395年,ヨーロッパ
西ローマ帝国が滅亡したのは何年か。,476年,ヨーロッパ
五賢帝二番目の皇帝トラヤヌス帝の時，帝国領土は最大となったが，このとき属州としたヨーロッパの地域を何というか。,ダキア,ヨーロッパ
五賢帝四番目の皇帝で，即位に際して「ピウス（敬虔な人）」という称号を与えられ，元老院とも協調した皇帝は誰か。,アントニヌスピウス,ヨーロッパ
西ローマ帝国を滅ぼしたゲルマン人傭兵隊長は誰か。,オドアケル,ヨーロッパ
ローマ建国叙事詩『アエネイス』を著したローマ最大の詩人は誰か。,ウェルギリウス,
共和政を擁護してカエサルを批判した人物で，ギリシア思想のローマへの移入に大きく貢献した散文家・雄弁家は誰か。,キケロ,ヨーロッパ
建国から前９年までのローマの歴史を扱った『ローマ建国史』を著した歴史家は誰か。,リウィウス,ヨーロッパ
『ゲルマニア』『年代記』などを著し，共和政時代を理想化してローマ人の退廃を批判した歴史家・政治家は誰か。,タキトゥス,ヨーロッパ
ギリシア・ローマの類似した英雄を比較した評論・評伝集『対比列伝（英雄伝）』を著したのは誰か。,プルタルコス,ヨーロッパ
ビザンツ皇帝ユスティニアヌス帝が，法学者トリボニアヌスらに編纂させた古代ローマ法の集大成を何というか。,ローマ法大全,ヨーロッパ
神の愛と隣人愛を説き，「神の国」の到来を唱え，パリサイ派の形式主義を批判し，反逆者として十字架刑に処せられたのは誰か。,イエス,ヨーロッパ
十二使徒の筆頭で，ネロ帝の迫害で殉教したとされるのは誰か。,ペテロ,ヨーロッパ
使徒の一人で，異邦人への伝道に活躍し「異邦人の使徒」とよばれ，ネロ帝の迫害で殉教したとされるのは誰か。,パウロ,ヨーロッパ
コイネーで書かれたキリスト教の教典を何というか。,新約聖書,ヨーロッパ
３世紀末に即位し，専制君主政（ドミナトゥス）を開始してキリスト教徒に対する最後の大迫害を行った皇帝は誰か。,ディオクレティアヌス,ヨーロッパ
キリスト教徒たちが，礼拝等にも利用した地下墓地を何というか。,カタコンベ,ヨーロッパ
313年，コンスタンティヌス帝がキリスト教などの信仰を公認するために発した法令を何というか。,ミラノ勅令,ヨーロッパ
325年，コンスタンティヌス帝がキリスト教の教義統一のため招集した公会議を何というか。,ニケーア公会議,ヨーロッパ
上記14で正統とされ，後にその主張が三位一体説として確立することになったキリスト教の一派を何というか。,アタナシウス派,ヨーロッパ
上記14で異端とされ，後にゲルマン人に伝わったキリスト教の一派を何というか。,アリウス派,ヨーロッパ
392年，キリスト教を国教化した皇帝は誰か。,テオドシウス,ヨーロッパ
ローマ帝国末期に，ローマやコンスタンティノープルなど特に重要となった５つの教会は何と呼ばれるか。,五本山,ヨーロッパ
青年時代はマニ教に帰依したが，のち回心して司教となり正統教義の確立に尽力した，古代キリスト教会最大の教父は誰か。,アウグスティヌス,ヨーロッパ
431年のエフェソス公会議で，イエスの人性を唱えて異端とされ，中国では景教と呼ばれたキリスト教の一派を何というか。,ネストリウス派,ヨーロッパ
アウグスティヌスがキリスト教会と信仰の勝利を主張した神学の書を何というか。,神の国/神国論,ヨーロッパ
ガリア遠征における，カエサルの記録文学を何というか。,ガリア戦記,ヨーロッパ
五賢帝最後の皇帝マルクス＝アウレリウス＝アントニヌスが陣中で執筆した，自己省察の書を何というか。,自省録,ヨーロッパ
サッフォーなどギリシアの叙情詩人を手本として，恋愛や友情などを美しく表現し，『叙情詩集』を著した詩人は誰か。,ホラティウス,ヨーロッパ
『歴史』を著して政体循環論を唱えたギリシア人歴史家は誰か。,ポリビオス,ヨーロッパ
ギリシア人で『地理誌』を著した地理学者は誰か。,ストラボン,ヨーロッパ
全37巻の『博物誌』を著し，将軍でもあった博物学者は誰か。,プリニウス,ヨーロッパ
『天文学大全』を著し天動説を唱えたギリシア人天文学者は誰か。,プトレマイオス,ヨーロッパ
ローマ法は，ローマ市民だけに適用される市民法から，帝国内全ての民族に適用される法となったが，これを何というか。,万民法,ヨーロッパ
エジプトの暦に閏年を加えてカエサルが制定した暦を何というか。,ユリウス暦,ヨーロッパ
アラビア半島の西部に位置し，中継貿易を独占して繁栄した商業都市はどこか。,メッカ,西アジア・北アフリカ
クライシュ族の大商人出身で，神の啓示を受けイスラーム教を創始したのは誰か。,ムハンマド,西アジア・北アフリカ
イスラーム教の唯一神アッラーの啓示を人々に伝える者を何というか。,預言者,西アジア・北アフリカ
ムハンマドが迫害を受け，622年メディナへと移住したことを何というか。,ヒジュラ/聖遷,西アジア・北アフリカ
ヒジュラが行われた年の１月１日を紀元元年とする，イスラーム教の暦を何というか。,イスラーム暦,西アジア・北アフリカ
カリフのうち，選挙によって選出された４代目までを何というか。,正統カリフ,西アジア・北アフリカ
シリア総督で，アリーが暗殺された後カリフを称したのは誰か。,ムアーウィヤ,西アジア・北アフリカ
上記７が，661年にダマスクスを都として創始した王朝を何というか。,ウマイヤ朝,西アジア・北アフリカ
732年，イベリア半島に侵入したイスラーム軍が，フランク王国の宮宰カール＝マルテルに撃退された戦いを何というか。,トゥール・ポワティエ間の戦い,西アジア・北アフリカ
征服地の異教徒に課せられた人頭税を何というか。,ジズヤ,西アジア・北アフリカ
イスラーム世界における地租を何というか。,ハラージュ,西アジア・北アフリカ
アリーとその子孫のみを正統な後継者とする，イスラーム教の少数派を何というか。,シーア派,西アジア・北アフリカ
歴代のカリフを正統と認める，イスラーム教の多数派を何というか。,スンナ派,西アジア・北アフリカ
750年，アブー＝アルアッバースがウマイヤ朝を倒して創始した王朝を何というか。,アッバース朝,西アジア・北アフリカ
アッバース朝の第２代マンスールの時代に，ティグリス川中流に建設された円形都市は何か。,バグダード,西アジア・北アフリカ
アッバース朝の第５代カリフで最盛期を現出したのは誰か。,ハールーンアッラシード,西アジア・北アフリカ
イベリア半島に逃れたウマイヤ朝の一族が，756年に建てた王朝を何というか。,後ウマイヤ朝,西アジア・北アフリカ
909年カリフを称し，北アフリカを中心に成立したシーア派王朝を何というか。,ファーティマ朝,西アジア・北アフリカ
ファーティマ朝がエジプト征服後に建設した新都はどこか。,カイロ,西アジア・北アフリカ
イラン系シーア派の軍事政権で，946年バグダードに入りカリフより大アミールの称号を得た王朝を何というか。,ブワイフ朝,西アジア・北アフリカ
神の教えを実施するためのイスラーム教徒の共同体を何というか。,ウンマ,西アジア・北アフリカ
日常生活の規範を含むイスラーム教の聖典を何というか。,コーラン,西アジア・北アフリカ
聖書をもつユダヤ教徒・キリスト教徒は何と呼ばれたか。,啓典の民,西アジア・北アフリカ
征服地における非アラブ人のイスラーム教改宗者を何というか。,マワーリー,西アジア・北アフリカ
コーランとムハンマドの言行をもとに体系付けられたイスラーム法を何というか。,シャリーア,西アジア・北アフリカ
イラン系の医学者・哲学者で『医学典範』を著してヨーロッパの医学に影響を与えたのは誰か。,イブンシーナー,西アジア・北アフリカ
イラン・インド・エジプトなどの説話が融合して成立した，アラビア語による大説話集を何というか。,千夜一夜物語/アラビアンナイト,西アジア・北アフリカ
イスラーム教の偶像崇拝禁止を背景に，モスクなどで用いられる植物や文字を文様化した装飾を何というか。,アラベスク文様,
４～５世紀にヨーロッパに侵入し，ゲルマン人の大移動の原因となった，アジア系の騎馬遊牧民を何というか。,フン人,ヨーロッパ
フン人の王で，ハンガリーへ侵攻して大帝国を建設し，最盛期を現出したのは誰か。,アッティラ,ヨーロッパ
ライン川東岸を原住地とし，フランス北部へ膨張的に移動した部族を何というか。,フランク人,ヨーロッパ
西ローマ帝国の傭兵隊長で西ローマ帝国を滅ぼし，イタリア半島に王国を建てたのは誰か。,オドアケル,ヨーロッパ
568年，その建国によりゲルマン人の大移動が一応の終息をみることになった北イタリアの王国を何というか。,ランゴバルド王国,ヨーロッパ
481年にクローヴィスが創始したフランク王国最初の王朝は何か。,メロヴィング朝,ヨーロッパ
クローヴィスがローマ系住民との融和をはかるため改宗した，キリスト教の正統派を何というか。,アタナシウス派,ヨーロッパ
732年フランク王国軍が，領内に侵入したイスラーム教徒の軍勢を破った戦いを何というか。,トゥール・ポワティエ間の戦い,ヨーロッパ
トゥール・ポワティエ間の戦いにおいて，フランク王国軍を率いた宮宰は誰か。,カールマルテル,ヨーロッパ
カール＝マルテルの子ピピンが教皇の支持により創始した王朝を何というか。,カロリング朝,ヨーロッパ
ビザンツ帝国（東ローマ帝国）の都で，東地中海世界の政治・経済・文化の中心として繁栄したのはどこか。,コンスタンティノープル,ヨーロッパ
６世紀頃，ヴァンダルや東ゴートを滅ぼし，旧ローマ帝国領の大部分を回復してビザンツ帝国の最盛期を現出したのは誰か。,ユスティニアヌス,ヨーロッパ
ユスティニアヌスの命で，法学者トリボニアヌスらが編纂した法典は何か。,ローマ法大全,ヨーロッパ
使徒ペテロの後継者とされ，ローマ＝カトリック教会の聖職者の最高位を何というか。,教皇,ヨーロッパ
756年，ラヴェンナ地方をピピンが寄進したことにより成立した，上記14の経済的基盤となる領地を何というか。,教皇領,ヨーロッパ
偶像崇拝を禁止するイスラーム教への対抗から，726年ビザンツ皇帝レオン３世が発布した法令を何というか。,聖像禁止令,ヨーロッパ
ピピンの子で，周辺異民族を撃退し，西ヨーロッパの統一を成し遂げたフランク王国の王は誰か。,カール大帝,ヨーロッパ
上記17にローマ皇帝の帝冠を与え，「西ローマ帝国」の復活を宣言したのは誰か。,レオ３世,ヨーロッパ
フランク王国が地方の有力者を任命した各州の長官を何というか。,伯,ヨーロッパ
フランク王国の宮廷に，アルクインら学者を招いたことをきっかけにおこった，ラテン語による文芸復興を何というか。,カロリングルネサンス,ヨーロッパ
大移動したゲルマン人のうち北アフリカに建国し，534年にビザンツ帝国に滅ぼされたゲルマン人国家を何というか。,ヴァンダル,ヨーロッパ
大移動したゲルマン人のうちイタリア半島を支配し，555年にビザンツ帝国に滅ぼされたゲルマン人国家を何というか。,東ゴート,ヨーロッパ
６世紀以降ヨーロッパに侵入し，８世紀にフランク王国に撃退されたアルタイ語系の遊牧民を何というか。,アヴァール人,ヨーロッパ
ドイツ北部に居住し，８世紀にフランク王国に服属した部族を何というか。,ザクセン人,ヨーロッパ
843年，フランク王国を三分割した条約を何というか。,ヴェルダン条約,ヨーロッパ
870年，中部フランク王国を分割し，現在のドイツ・フランス・イタリアの基となった条約を何というか。,メルセン条約,ヨーロッパ
東フランクの王でマジャール人を撃退し，962年神聖ローマ帝国の初代皇帝に即位したのは誰か。,オットー１世,ヨーロッパ
西フランクにおいて，パリ伯ユーグ＝カペーが創始した王国を何というか。,カペー朝,ヨーロッパ
バルト海からスカンディナヴィア半島を原住地とし，ヨーロッパ各地に海上遠征して恐れられたノルマン人の別名を何というか。,ヴァイキング,ヨーロッパ
ノルマン人の一派ルーシの首領であるリューリクが，スラヴ人地域へ移動し建国した国を何というか。,ノヴゴロド国,ヨーロッパ
ノヴゴロド国の一派が南下しドニエプル川流域に建てた国を何というか。,キエフ公国,ヨーロッパ
ノルマン人の首領ロロが，北フランスに建てた国を何というか。,ノルマンディー公国,ヨーロッパ
1066年，ノルマンディー公ウィリアムがイングランドに侵攻・征服した出来事を何というか。,ノルマン征服/ノルマンコンクェスト,ヨーロッパ
北フランスのノルマン人の一派が，1130年地中海のシチリア島を中心に建てた国を何というか。,両シチリア王国,ヨーロッパ
アングロ＝サクソン人の王で，９世紀末デーン人を一時撃退したのは誰か。,アルフレッド大王,ヨーロッパ
デーン人の王で，1016年ブリテン島を征服したのは誰か。,クヌート,ヨーロッパ
10世紀頃成立した，スカンディナヴィア半島東部のノルマン人国家を何というか。,スウェーデン王国,ヨーロッパ
ローマの恩貸地制とゲルマンの従士制を起源とし，封土を媒介として成立した主従関係を何というか。,封建制/封建的主従関係,ヨーロッパ
国王の役人による領内への立ち入りや課税を拒否するなどの領主権を何というか。,不輸・不入健,ヨーロッパ
主君と主従関係を結び主に軍役奉仕を行う，小領主・戦士階級を何というか。,騎士,ヨーロッパ
荘園において，領主の直営地で課せられる労働地代を何というか。,賦役,ヨーロッパ
荘園において，農民が保持し耕作して生産物を納める土地を何というか。,農民保有地,ヨーロッパ
移転・職業選択の自由を持たない中世ヨーロッパの農民を何というか。,農奴,ヨーロッパ
農民が領主に納める生産物地代を何というか。,貢納,ヨーロッパ
女性や弱者の保護や戦場での勇武など，騎士の理想とされた道徳を何というか。,騎士道精神,ヨーロッパ
領主が自らの領土内の農民に対して行使する裁判権を何というか。,領主裁判権,ヨーロッパ
875年に成立し，イラン東部から中央アジアにかけて支配した，イラン系イスラーム王朝を何というか。,サーマーン朝,西アジア・北アフリカ
東西トルキスタンを征服してイスラーム化を促進した，中央アジア初のトルコ系イスラーム王朝を何というか。,カラハン朝,西アジア・北アフリカ
10世紀～12世紀頃アフガニスタンを中心に支配し，インドのイスラーム化の端緒となったトルコ系の王朝を何というか。,ガズナ朝,西アジア・北アフリカ
1186年ガズナ朝を滅ぼし，繰り返しインドへ軍事侵攻を行い，北インド支配の基礎を築いた王朝を何というか。,ゴール朝,西アジア・北アフリカ
1206～1526年，インドのデリーを拠点として興亡した，イスラーム諸王朝を総称して何というか。,デリースルタン朝,西アジア・北アフリカ
インド最初のイスラーム政権である奴隷王朝を創始したのは誰か。,アイバク,西アジア・北アフリカ
1290年奴隷王朝を倒して成立し，経済改革や南インド侵攻を行ったトルコ系王朝を何というか。,ハルジー朝,西アジア・北アフリカ
1320年ハルジー朝を倒して成立したトルコ系王朝を何というか。,トゥグルク朝,西アジア・北アフリカ
1414年トゥグルク朝を倒して成立したトルコ系王朝を何というか。,サイイド朝,西アジア・北アフリカ
1451年サイイド朝を倒して成立したアフガン系王朝を何というか。,ロディー朝,西アジア・北アフリカ
ヒンドゥー教などのインド的な要素とイスラーム教の要素を融合した文化を何というか。,インドイスラーム文化,西アジア・北アフリカ
13世紀末，元軍の侵攻を排除する中でジャワ島に成立したヒンドゥー王朝を何というか。,マジャパヒト王国,西アジア・北アフリカ
14世紀末頃～16世紀前半，マレー半島からスマトラ島東岸を支配し，海上交易で繁栄した東南アジアのイスラーム国家を何というか。,マラッカ王国,西アジア・北アフリカ
紀元前後頃にエチオピアに成立して金や奴隷・象牙の交易で栄え，キリスト教が広まった国を何というか。,アクスム王国,西アジア・北アフリカ
アフリカ東岸地域から季節風を利用してインド洋を横断する交易で主に利用されている船を何というか。,ダウ船,西アジア・北アフリカ
アフリカ東岸地域で共通語として用いられたのは何か。,スワヒリ語,西アジア・北アフリカ
サハラ砂漠の縦断交易で繁栄したが，1076年ムラービト朝の侵攻で衰退し，1150年に滅亡した西アフリカの黒人王国を何というか。,ガーナ王国,西アジア・北アフリカ
1240～1473年，北アフリカとの交易で繁栄し，マンサ＝ムーサ王の治世には最盛期を現出したイスラーム王国を何というか。,マリ王国,西アジア・北アフリカ
マリ王国を滅ぼし，西アフリカの隊商都市の大部分を支配して内陸交易で繁栄した，黒人イスラーム王国を何というか。,ソンガイ王国,西アジア・北アフリカ
マリ王国・ソンガイ王国の中心都市で，内陸アフリカにおける隊商交易やイスラーム学問の中心となったのはどこか。,トンブクトゥ,西アジア・北アフリカ
トルコ人などを中心とする奴隷軍人を何というか。,マムルーク,西アジア・アフリカ
1038年トゥグリル＝ベクが創始した，トルコ系スンナ派王朝を何というか。,セルジューク朝,西アジア・アフリカ
イスラーム世界において，政治的実権をもつ世俗君主を何というか。,スルタン,西アジア・アフリカ
セルジューク朝で宰相を務めたイラン人で，各地にニザーミーヤ学院を創設した人物は誰か。,ニザーム＝アルムルク,西アジア・アフリカ
イスラーム世界において，法学や行政を担うウラマーを育てるための学院を何というか。,マドラサ,西アジア・アフリカ
形式的な信仰を脱して内面的な救いを重視し，神との合一を目指すイスラームの考えを何というか。,神秘主義/スーフィズム,西アジア・アフリカ
イラン系のイスラーム神学者でニザーミーヤ学院の教授となり，上記６の考えをスンナ派に導入したのは誰か。,ガザーリー,西アジア・アフリカ
ブワイフ朝やセルジューク朝で行われた，軍人や官僚に徴税権や土地の管理権を与える土地制度を何というか。,イクター制,西アジア・アフリカ
クルド人出身の武将で，十字軍からイェルサレムを回復し，第３回十字軍とも戦ったのは誰か。,サラーフ＝アッディーン/サラディン,西アジア・アフリカ
サラディンがエジプトを中心に建てた王朝を何というか。,アイユーブ朝,西アジア・アフリカ
1250年，奴隷軍人がエジプトに創始した王朝を何というか。,マムルーク朝,西アジア・アフリカ
モンゴル軍を率いて西アジアに侵攻し，1258年アッバース朝を滅ぼしたのは誰か。,フレグ/フラグ,西アジア・アフリカ
フレグがイランを中心に建てた国を何というか。,イル＝ハン国/フレグ＝ウルス,西アジア・アフリカ
イル＝ハン国の第７代ハンで，即位後イスラーム教に改宗し国教としたのは誰か。,ガザン＝ハン,西アジア・アフリカ
チュニス出身の歴史家で，『世界史序説』を著したのは誰か。,イブン＝ハルドゥーン,西アジア・アフリカ
11世紀にモロッコに成立し，ガーナ王国やイベリア半島に侵攻したベルベル人の王国を何というか。,ムラービト朝,西アジア・アフリカ
12世紀に成立して上記16を滅ぼし，イベリア半島にも勢力を伸ばしたベルベル人の王朝を何というか。,ムワッヒド朝,西アジア・アフリカ
アリストテレス哲学の注釈の他，医学や天文学にも精通したコルドバ出身の哲学者は誰か。,イブン＝ルシュド,西アジア・アフリカ
ヨーロッパのアリストテレス研究にも影響を与えた上記18は，ラテン名で何と呼ばれたか。,アヴェロエス,西アジア・アフリカ
14世紀頃，アジア・アフリカ・東ヨーロッパを旅したモロッコ出身の大旅行家は誰か。,イブン＝バットゥータ,西アジア・アフリカ
11世紀後半教会改革運動を推進し，聖職叙任権をめぐり神聖ローマ皇帝とも争った教皇は誰か。,グレゴリウス７世,ヨーロッパ
12世紀末～13世紀イギリス王やフランス王を屈服させ，教皇権の絶頂期を現出したのは誰か。,インノケンティウス３世,ヨーロッパ
耕地を春耕地・秋耕地・休耕地の三つに分け，３年で一巡させる耕作方法を何というか。,三圃制,ヨーロッパ
生産力増大の要因となり，深く耕作することが可能な車輪のついた犂を何というか。,重量有輪犂,ヨーロッパ
聖地奪回を目指し，1095年十字軍を提唱したローマ教皇は誰か。,ウルバヌス２世,ヨーロッパ
十字軍派遣が決定された会議を何というか。,クレルモン宗教会議,ヨーロッパ
第１回十字軍で聖地回復に成功した後，1099年占領地に建てられた十字軍国家を何というか。,イェルサレム王国,ヨーロッパ
アイユーブ朝の建国者で，十字軍から聖地を奪回し第３回十字軍とも戦ったのは誰か。,サラーフ＝アッディーン/サラディン,ヨーロッパ
インノケンティウス３世の提唱でおこされた第４回十字軍を，商業利権拡大のために利用した都市はどこか。,ヴェネツィア,ヨーロッパ
第４回十字軍が，コンスタンティノープルを占領して建てた国を何というか。,ラテン帝国,ヨーロッパ
1190年に設立され，主にバルト海南岸方面を中心に東方植民などで活躍した宗教騎士団を何というか。,ドイツ騎士団,ヨーロッパ
十字軍の影響による交通の発達で，盛んに行われた遠距離間の貿易を何というか。,遠隔地貿易,ヨーロッパ
北イタリア諸都市と地中海東岸地域のイスラーム諸都市との間で行われた貿易を何というか。,東方貿易/レヴァント貿易,ヨーロッパ
北イタリアのトスカナ地方にあり，毛織物工業と金融業が発達した都市はどこか。,フィレンツェ,ヨーロッパ
フィレンツェの大商人で，一族から教皇や王族を輩出した家は何か。,メディチ家,ヨーロッパ
ブリュージュを中心として毛織物工業が発達した，ネーデルラント南西部の地方を何というか。,フランドル地方,ヨーロッパ
自由競争を禁じ生産や価格を統制した，商人や手工業者の組合を何というか。,商人ギルド,ヨーロッパ
商人ギルドのうち，商人に対抗して形成された手工業者の組合を何というか。,同職ギルド/ツンフト,ヨーロッパ
同職ギルドのうち，職人や徒弟を監督した正規の構成員を何というか。,親方,ヨーロッパ
南ドイツのアウクスブルクを中心に栄えた金融業者を何というか。,フッガー家,ヨーロッパ
司教や修道院長などの聖職を売買することを何というか。,聖職売買,ヨーロッパ
910年にフランス東部に創設され，11世紀以降教会改革運動の中心となったベネディクト派修道院を何というか。,クリュニー修道院,ヨーロッパ
聖職叙任権をめぐる教皇と神聖ローマ皇帝の争いを何というか。,叙任権闘争,ヨーロッパ
教皇グレゴリウス７世と叙任権を争った神聖ローマ皇帝は誰か。,ハインリヒ４世,ヨーロッパ
ハインリヒ４世がグレゴリウス７世に破門されたため，1077年雪中で許しを請い破門を解かれた事件を何というか。,カノッサの屈辱,ヨーロッパ
高位聖職者の叙任権をめぐる争いで一応の決着をみた，1122年の妥協的協約を何というか。,ヴォルムス協約,ヨーロッパ
国王や領主が都市に対して，自治権・貨幣鋳造権などの権力委譲を認める文書を何というか。,特許状,ヨーロッパ
神聖ローマ皇帝から自治権を認められた都市を何というか。,自由都市/帝国都市,ヨーロッパ
13世紀後半以降，主に商業利権保護を目的として北海・バルト海沿岸の諸都市が結成した都市同盟を何というか。,ハンザ同盟,
神聖ローマ皇帝のイタリア進出に対抗して，ミラノなどを中心として形成された都市同盟を何というか。,ロンバルディア同盟,
ビザンツ帝国の都で，東地中海世界の政治・経済・文化の中心として繁栄したのはどこか。,コンスタンティノープル,ヨーロッパ
６世紀頃，旧ローマ帝国領の大部分を回復してビザンツ帝国の最盛期を現出したのは誰か。,ユスティニアヌス大帝,ヨーロッパ
北アフリカを支配し，534年上記２に滅ぼされたゲルマン人国家を何というか。,ヴァンダル王国,ヨーロッパ
イタリア半島を支配し，555年上記２に滅ぼされたゲルマン人国家を何というか。,東ゴート王国,ヨーロッパ
ユスティニアヌス大帝の命で，法学者トリボニアヌスらが編纂した法典は何か。,ローマ法大全,ヨーロッパ
７世紀以降異民族の侵入に対し，帝国の領土を分けて軍事・行政権を与えた司令官を任命する統治制度を何というか。,テマ制,ヨーロッパ
偶像崇拝を禁止するイスラーム教徒に対抗して，726年聖像禁止令を発布したビザンツ皇帝は誰か。,レオン３世,ヨーロッパ
1054年東西教会の分裂により成立した東方教会を何というか。,ギリシア正教会,ヨーロッパ
1453年ビザンツ帝国を滅ぼした国を何というか。,オスマン帝国,ヨーロッパ
７世紀以降エジプト・シリア喪失などの領土縮小により，ビザンツ帝国で公用語化した言語は何か。,ギリシア語,ヨーロッパ
10世紀末頃アジア系のマジャール人が，ドナウ川中流域のパンノニア平原を中心に建てた国を何というか。,ハンガリー王国,ヨーロッパ
リトアニアとポーランドが合併して成立したポーランド最盛期の王朝を何というか。,ヤゲウォ朝,ヨーロッパ
９世紀にカトリックを受容し，ベーメン王国を統一した民族を何というか。,チェック人,ヨーロッパ
南スラヴ系最大の勢力でビザンツ帝国に属して東方教会を受容し，11世紀にはバルカン半島北部を支配した民族を何というか。,セルビア人,ヨーロッパ
７世紀頃黒海北岸からバルカン半島に入り，スラヴ人を征服してブルガリア王国を建てたアジア系の遊牧民は何か。,ブルガール人,ヨーロッパ
ノヴゴロド国の一部がドニエプル川中流に建て，モンゴルの西征で滅亡した国を何というか。,キエフ公国,ヨーロッパ
10世紀末の上記16最盛期の大公で，ギリシア正教に改宗しビザンツ皇帝の妹と結婚するなど，ロシアのビザンツ化を進めたのは誰か。,ウラディミル１世,ヨーロッパ
14世紀以降，キプチャク＝ハン国から自立化を進めた国はどこか。,モスクワ大公国,ヨーロッパ
モスクワ大公国の大公のうち，キプチャク＝ハン国から完全に自立を達成したのは誰か。,イヴァン３世,ヨーロッパ
イヴァン３世が使用した皇帝を意味する称号を何というか。,ツァーリ,ヨーロッパ
兵士や小農民に土地を与え世襲の兵役義務を課す，ビザンツ帝国の兵制を何というか。,屯田兵制,ヨーロッパ
ポーランド人やスロヴァキア人など，ローマ＝カトリックを受容し，西方のラテン文化圏に入った民族を何というか。,西スラヴ人,ヨーロッパ
14世紀，ドイツ騎士団に対抗するため形成された，リトアニアとポーランドの同君連合国家を何というか。,リトアニア＝ポーランド王国,ヨーロッパ
９世紀，ルーシの首長リューリクが建てた国を何というか。,ノヴゴロド国,ヨーロッパ
聖職者課税問題でフランス国王フィリップ４世と争い，1303年アナーニに捕囚された(アナーニ事件)教皇は誰か。,ボニファティウス８世,ヨーロッパ
1309年，フィリップ４世によって教皇庁がアヴィニョンに移転させられ，それ以降フランスの影響下に置かれたことを何というか。,教皇のバビロン捕囚,ヨーロッパ
1378年以降，アヴィニョンとローマに教皇が分立した状態を何というか。,教会大分裂/大シスマ,ヨーロッパ
14世紀のイギリスで聖書主義を主張して教会制度を批判し，聖書の英訳を行った人物は誰か。,ウィクリフ,ヨーロッパ
1414～1418年に開かれ，上記３を終わらせた公会議を何というか。,コンスタンツ公会議,ヨーロッパ
ベーメンの宗教改革者で教会批判を展開したが，コンスタンツ公会議で異端とされ火刑に処されたのは誰か。,フス,ヨーロッパ
14世紀半ばに西欧で流行し，人口を激減させた疫病を何というか。,黒死病/ペスト,ヨーロッパ
1358年，北フランスで起こった農民一揆を何というか。,ジャックリーの乱,ヨーロッパ
1381年，農奴制の廃止などを要求して起こったイギリスの農民一揆を何というか。,ワット＝タイラーの乱,ヨーロッパ
1154年，ノルマン朝の断絶により，アンジュー伯アンリがイギリス王ヘンリ２世として即位し成立した王朝を何というか。,プランタジネット朝,ヨーロッパ
ヘンリ２世の子で，フランスに敗れて大陸の領土の大半を失い，また教皇インノケンティウス３世に破門されたイギリス王は誰か。,ジョン王,ヨーロッパ
1215年，ジョン王による度重なる軍役や課税に反抗した貴族が，結束して王に認めさせた勅許状を何というか。,大憲章/マグナ＝カルタ,ヨーロッパ
ヘンリ３世がマグナ＝カルタを無視し専制を強化したことに対し，貴族を率いて反乱を起こしたのは誰か。,シモン＝ド＝モンフォール,ヨーロッパ
1295年にエドワード１世が招集した身分制議会を何というか。,模範議会,ヨーロッパ
1302年にフィリップ４世が招集した，聖職者・貴族・平民の代表で構成された身分制議会を何というか。,全国三部会,ヨーロッパ
1328年，カペー朝の断絶後フランスに成立した王朝を何というか。,ヴァロワ朝,ヨーロッパ
イギリス国王エドワード３世が，カペー朝断絶後王位継承権を主張したことから起こった，イギリスとフランスの戦争を何というか。,百年戦争,ヨーロッパ
上記17において，神のお告げを受けたとして劣勢のフランス軍を率い，イギリス軍を撃退した農民の娘は誰か。,ジャンヌ＝ダルク,ヨーロッパ
1455年からイギリスで起こった，ランカスター家とヨーク家の王位継承をめぐる内乱を何というか。,バラ戦争,ヨーロッパ
1485年，上記19をおさめたランカスター一派のヘンリ７世が即位して開いた王朝を何というか。,テューダー朝,ヨーロッパ
フスの処刑後ベーメンで起こった，フス派の反抗と民族運動が結びついた教皇・皇帝に対する反乱を何というか。,フス戦争,ヨーロッパ
中世末期，都市や商業の発展などに伴い，地代の形態は賦役から生産物地代や何に変化したか。,貨幣地代,ヨーロッパ
14世紀以降のイギリスにおいて，農奴解放によって自由な身分となり土地を保有するようになった農民を何というか。,独立自営農民/ヨーマン,ヨーロッパ
ワット＝タイラーの乱に参加した聖職者で，「アダムが耕しイヴが紡いだとき，だれが貴族であったか」と唱えた人物は誰か。,ジョン＝ボール,ヨーロッパ
12～13世紀に南フランスで広まった異端で，国王の派遣した十字軍により討伐された一派を何というか。,アルビジョワ派,ヨーロッパ
歴代の神聖ローマ皇帝が力を注いだ，イタリアへの干渉政策を何というか。,イタリア政策,ヨーロッパ
中世末期から近代初期のドイツにおいて約300存在し，独立した小国家を形成した諸侯領を何というか。,領邦,ヨーロッパ
東方植民によって12世紀に成立し，15世紀にはホーエンツォレルン家領となった諸侯国を何というか。,ブランデンブルク辺境伯領,ヨーロッパ
シュタウフェン朝断絶後の1256～73年，実質的に神聖ローマ皇帝が不在であった時期を何というか。,大空位時代,ヨーロッパ
皇帝選出権を聖俗７人の諸侯(七選帝侯)に認めた勅書を何というか。,金印勅書,ヨーロッパ
1356年に金印勅書を発布した皇帝は誰か。,カール４世,ヨーロッパ
15世紀半ば以降神聖ローマ皇帝位を世襲したオーストリアの王家を何というか。,ハプスブルク家,ヨーロッパ
ハプスブルク家の支配に対して13世紀末に独立闘争を開始し，15世紀末には事実上独立を達成した地域はどこか。,スイス,ヨーロッパ
13世紀後半，両シチリア王国は分裂し二つの王国が成立したが，それはシチリア王国とどこか。,ナポリ王国,ヨーロッパ
イタリアでの神聖ローマ皇帝とローマ教皇の抗争において，教皇支持派を何というか。,教皇党/ゲルフ,ヨーロッパ
教皇党に対し，皇帝支持派を何というか。,皇帝党/ギベリン,ヨーロッパ
８世紀以降のイベリア半島において，キリスト教徒がイスラーム教徒を駆逐し領土を奪回しようとした運動を何というか。,国土回復運動/レコンキスタ,ヨーロッパ
1479年，アラゴンとカスティリャが統合されて成立した王国を何というか。,スペイン王国,ヨーロッパ
アラゴンの王子で，カスティリャとの合併後はスペイン王国の王となった人物は誰か。,フェルナンド,ヨーロッパ
1469年にフェルナンドと結婚したカスティリャの王女は誰か。,イサベル,ヨーロッパ
イベリア半島における最後のイスラーム王朝を何というか。,ナスル朝,ヨーロッパ
1492年に陥落した，グラナダの都はどこか。,グラナダ,ヨーロッパ
12世紀にカスティリャから独立し，15世紀には積極的に海外に進出するようになった王国はどこか。,ポルトガル,ヨーロッパ
14世紀末にデンマーク・スウェーデン・ノルウェーなど，北欧の３国が同君連合を形成することとなった同盟を何というか。,カルマル同盟,ヨーロッパ
カルマル同盟を主導した，デンマーク摂政は誰か。,マルグレーテ,ヨーロッパ
中世ヨーロッパにおいて，聖職者や修道士などの学識者が使用した共通の学術語は何か。,ラテン語,ヨーロッパ
教会の附属学校や学生の相互扶助団体から発展したもので，自治権を持ち一種のギルドを形成した教育機関を何というか。,大学,ヨーロッパ
大学のうち，南イタリアに創設され医学で有名なのはどこか。,サレルノ大学,ヨーロッパ
大学のうち最古のもので，11世紀末に北イタリアに創設され法学で名高いのはどこか。,ボローニャ大学,ヨーロッパ
大学のうち，12世紀半ばにフランスで成立し神学で名高いのはどこか。,パリ大学,ヨーロッパ
大学のうち，12世紀後半に成立しイギリスにおける神学の中心となったのはどこか。,オクスフォード大学,ヨーロッパ
キリスト教の教義にギリシア哲学が結びつけられて，理論的に体系化された神学・哲学を何というか。,スコラ学,ヨーロッパ
上記７における実在論と唯名論の間の論争を何というか。,普遍論争,ヨーロッパ
８世紀～９世紀，カール大帝が宮廷に多数の学者を招いたことから起こった，文芸復興運動を何というか。,カロリング＝ルネサンス,ヨーロッパ
イギリスの神学者で，カール大帝に招かれカロリング＝ルネサンスの運動の中心となった人物は誰か。,アルクイン,ヨーロッパ
13世紀イギリスの科学者・哲学者で，実験や観察を重視し近代自然科学に大きな影響を与えた人物は誰か。,ロジャー＝ベーコン,ヨーロッパ
イスラーム世界やビザンツからのギリシア古典の流入などを背景に，12世紀にヨーロッパの文化が大きく発展したことを何というか。,12世紀ルネサンス,ヨーロッパ
中世騎士の武勲や恋愛を主題とした文学を何というか。,騎士道文学,ヨーロッパ
騎士道文学のうち，カール大帝のイスラーム討伐遠征を題材とし，騎士の武勇をうたった物語を何というか。,ローランの歌,ヨーロッパ
騎士道文学のうち，ケルト人の伝説的英雄を題材にした物語を何というか。,アーサー王物語,ヨーロッパ
ゲルマン人の英雄を題材とした叙事詩を何というか。,ニーベルンゲンの歌,ヨーロッパ
各地の宮廷を巡り歩き，騎士的恋愛を歌った詩人を何というか。,吟遊詩人,ヨーロッパ
11～12世紀に成立し，重厚な壁と小さな窓，半円状のアーチを特徴とする建築様式を何というか。,ロマネスク様式,ヨーロッパ
12～13世紀に普及した，高い天井や尖頭アーチを特徴とする建築様式を何というか。,ゴシック様式,ヨーロッパ
ゴシック様式の建築物の窓に多く用いられた彩色ガラスを何というか。,ステンドグラス,ヨーロッパ
イギリスのカンタベリ大司教で，実在論を唱え「スコラ学の父」とされた人物は誰か。,アンセルムス,ヨーロッパ
フランスのスコラ学者で，唯名論を主張した人物は誰か。,アベラール,ヨーロッパ
イギリスのスコラ学者で，唯名論を唱え信仰と理性の区別を主張した人物は誰か。,ウィリアム＝オブ＝オッカム,ヨーロッパ
イタリアのスコラ学者で，アリストテレス哲学の影響を受けスコラ学を大成した人物は誰か。,トマス＝アクィナス,ヨーロッパ
信仰と理性の調和を主張した上記④の主著を何というか。,神学大全,ヨーロッパ
918年，新羅末の動乱の中，王建によって建てられた朝鮮半島の国を何というか。,高麗,東アジア
937年，南詔滅亡後の雲南地方に建国された国を何というか。,大理,東アジア
1009年に成立したベトナム北部初の長期政権で，中国の諸制度を取り入れ，国号を大越とした王朝を何というか。,李朝,東アジア
平安時代の日本において，中国との交流が途絶えたことで発達した，日本独自の貴族文化を何というか。,国風文化,東アジア
916年モンゴル系の遊牧民キタイ（契丹）の耶律阿保機によって建てられた国は中国風に何というか。,遼,東アジア
936年後晋の時代に，支援を受けた代償としてキタイに割譲した地域を何というか。,燕雲十六州,東アジア
1004年，キタイが宋と結んだ講和条約を何というか。,澶淵の盟,東アジア
キタイで行われた，狩猟民・遊牧民と農耕民とを分けて統治する政策を何というか。,二重統治体制,東アジア
1038年，李元昊によって建てられた，チベット系タングートの国を何というか。,西夏,東アジア
1115年，完顔阿骨打によって建てられた，ツングース系女真の国を何というか。,金,東アジア
金の時代，女真人などに適用された部族制に基づく軍事・社会制度を何というか。,猛安・謀克,東アジア
960年地方政権を平定し，開封を都として宋を建国した後周の武将は誰か。,趙匡胤,東アジア
第２代皇帝太宗の治世に確立され，官僚を中心とした政治を目指す政策を何というか。,文治主義,東アジア
宋代に設けられた，皇帝が立ち会う科挙の最終試験を何というか。,殿試,東アジア
宋代以降，儒学の教養をもつ知識人層や新興地主などの人々を何というか。,士大夫,東アジア
唐宋八大家の一人で，神宗により宰相に登用され，改革を断行したのは誰か。,王安石,東アジア
王安石が富国強兵のために断行した諸改革を何というか。,新法,東アジア
司馬光を中心に，新法に反対する保守派勢力を何というか。,旧法党,東アジア
1126～27年北方民族が都を占領し，皇帝の一族などを連れ去り，北宋が滅亡した事件を何というか。,靖康の変,東アジア
靖康の変で逃れた高宗が，臨安を都として江南に建てた王朝を何というか。,南宋,東アジア
ウイグル文字や漢字を基に作られたキタイの文字は何か。,契丹文字,東アジア
キタイの遺臣耶律大石が，中央アジアに建てた国を何というか。,カラキタイ/西遼,東アジア
宋代に台頭した，官僚を多く輩出した新興の地主層を何というか。,形勢戸,東アジア
宋代に地主などの荘園を耕作した小作農家を何というか。,佃戸,東アジア
北宋時代に長江下流域に普及した，日照りに強いベトナム伝来の稲を何というか。,占城稲,東アジア
草市から発展し，商工業の発展により興った地方都市を何というか。,鎮,東アジア
北宋時代以降使用された，世界最初の紙幣を何というか。,交子,東アジア
商工業の発達により，宋代に大量に鋳造された貨幣を何というか。,銅銭/宋銭,東アジア
南宋の儒学者で，朱子学を大成したのは誰か。,朱熹/朱子,東アジア
朱熹による，君臣の道徳や臣下の守るべき本分を説いた論を何というか。,大義名分論,東アジア
宋代に神宗の命で司馬光が編纂した，戦国時代から五代末までを著した通史は何か。,資治通鑑,東アジア
『資治通鑑』に代表される歴史記述方法を何というか。,編年体,東アジア
唐宋八大家の一人で唐末以来の古文復興を継承し，『新唐書』などを著したのは誰か。,欧陽脩,東アジア
唐宋八大家の一人で北宋第一の詩人といわれ，「赤壁の賦」を残したのは誰か。,蘇軾,東アジア
宋代に流行した韻文で，曲にあわせて歌う文芸を何というか。,詞,東アジア
宋代に流行した，歌や台詞を伴う演劇を何というか。,雑劇,東アジア
山水・花鳥・人物などを題材として，宮廷趣味に合うように描かれた，写実的で装飾的な絵画を何というか。,院体画,東アジア
知識人の間に広まった，座禅による実践を特徴とする仏教の宗派を何というか。,禅宗,東アジア
金支配下の華北において，王重陽を開祖とし，儒教・仏教・道教の調和を説く道教の一派を何というか。,全真教,東アジア
火器使用のため，宋代以降改良・実用化されたものは何か。,火薬,東アジア
磁石の指極性を利用し，航海に用いられたものは何か。,羅針盤,東アジア
唐初頃に始まり宋代に普及した印刷技術は何か。,木版印刷,東アジア
宋代において，同業営業の独占や相互扶助のための商人組合を何というか。,行,東アジア
宋代において，相互扶助のための手工業者の組合を何というか。,作,東アジア
北宋の儒学者で，宋学の祖といわれ，『太極図説』を著したのは誰か。,周敦頤,東アジア
南宋の哲学者で，禅宗の影響を受けて「心即理」の唯心論を展開したのは誰か。,陸九淵,東アジア
宮廷において，絵画の制作や保護を司る機関を何というか。,画院,東アジア
宋代に民衆の間で普及した，東晋の慧遠を開祖とし浄土信仰を説く仏教の宗派を何というか。,浄土宗,東アジア
貴族趣味な華麗さを離れる傾向の中，宋代に発達した，青や緑色など単色で簡素な造形の磁器を何というか。,青磁,東アジア
重要事項の決定やカン（ハン）を選定する集会を何というか。,クリルタイ,東アジア
1206年にクリルタイでカンに選出されて大モンゴル国を建て，周辺地域への遠征を行ったのは誰か。,チンギス＝カン/ハン,東アジア
アフガニスタンからイランにかけて支配し，1220年モンゴル軍に攻撃され滅亡したトルコ系イスラーム王朝を何というか。,ホラズム＝シャー朝,東アジア
大モンゴル国の第２代でカアンを称し，1234年に自ら遠征して金を滅ぼしたのは誰か。,オゴデイ/オゴタイ,東アジア
1236～42年南ロシア・東ヨーロッパに西征を行ったのは誰か。,バトゥ,東アジア
西征の途中，1241年モンゴルがドイツ・ポーランド諸侯連合軍を破った戦いを何というか。,ワールシュタットの戦い,東アジア
モンゴルの第４代モンケの命で西アジアに遠征し，1258年アッバース朝を滅ぼしたのは誰か。,フレグ/フラグ,東アジア
モンゴルの第５代で，カアンを称した後，1276（1279）年南宋を征服し中国支配を確立したのは誰か。,クビライ/フビライ,東アジア
クビライが1264年に遷都したのはどこか。,大都,東アジア
クビライが定めた中国風の国号を何というか。,元,東アジア
西アジアや中央アジア出身の諸民族を指し，モンゴルに高級官僚として仕えた人々を何というか。,色目人,東アジア
モンゴルで創設・整備された交通制度を何というか。,駅伝制/ジャムチ,東アジア
金・モンゴルの時代に流通した紙幣を何というか。,交鈔,東アジア
1351年におこった，白蓮教徒などを中心とする大農民反乱を何というか。,紅巾の乱,東アジア
クビライの命により，チベット文字をもとに作成された文字を何というか。,パクパ文字,東アジア
チベットで成立しモンゴルで保護された仏教を何というか。,チベット仏教,東アジア
1280年郭守敬が作成し，日本の貞享暦などにも影響を与えた陰陽暦を何というか。,授時暦,東アジア
『西廂記』や『琵琶記』など口語の歌詞や台詞を伴う演劇を何というか。,元曲,東アジア
1370年成立してサマルカンドを都とし，その後イル＝ハン国滅亡後の西アジアに勢力を拡大した王朝を何というか。,ティムール朝,東アジア
ティムール朝が，1402年オスマン帝国軍を撃破しスルタンのバヤジット１世を捕虜とした戦いを何というか。,アンカラの戦い,東アジア
モンゴルの偵察と布教のため教皇により派遣され，カラコルムに到着しハンと会見したのは誰か。,プラノ＝カルピニ,東アジア
十字軍への支援要請のためフランス王ルイ９世により派遣され，カラコルムに到着してモンケ＝ハンと会見したのは誰か。,ルブルック,東アジア
ヴェネツィア出身で，1275年大都に到着してクビライに仕え，帰国後『世界の記述（東方見聞録）』を口述したのは誰か。,マルコ＝ポーロ,東アジア
教皇の使節として1294年大都に到着し，中国で最初にカトリックの布教活動を行ったのは誰か。,モンテ＝コルヴィノ,東アジア
モロッコ出身の旅行家で世界各地を旅し，『旅行記』（『三大陸周遊記』）を口述したのは誰か。,イブン＝バットゥータ,東アジア
1351～66年，白蓮教徒を中心とした元末の農民反乱を何というか。,紅巾の乱,東アジア
明朝初代皇帝で，紅巾の乱の混乱の中から台頭し，1368年に即位したのは誰か。,朱元璋/太祖，洪武帝,東アジア
明の最初の都となったのはどこか。,南京/金陵,東アジア
大都を明に奪われ，モンゴル高原に退いた後の元は，後に何と呼ばれるか。,北元,東アジア
北元はある機関を廃止して，その直轄下にあった六部を皇帝直属のものとしたが，ある機関とは何か。,中書省,東アジア
北元の設置した兵制で，唐の府兵制を模し，兵農一致を図った制度を何というか。,衛所制,東アジア
農村の110戸を一里として，里長戸や甲首戸に徴税や治安維持の義務を負わせた制度を何というか。,里甲制,東アジア
民衆教化のために制定した，六カ条からなる教訓を何というか。,六諭,東アジア
建文帝の諸王抑圧策に対し，1399～1402年に燕王（のちの永楽帝）が起こした反乱を何というか。,靖難の役,東アジア
1421年，永楽帝が遷都した明の首都はどこか。,北京/北平,東アジア
現在の沖縄県に位置し，中国との朝貢貿易や中継貿易で栄えた国を何というか。,琉球,東アジア
14世紀末東南アジアのイスラーム化が進む中で成立し，インド洋と南シナ海を結ぶ中継貿易で栄えたマレー半島南部の国はどこか。,マラッカ,東南アジア
朝鮮半島において，1392年，高麗を倒し朝鮮（李朝）を建国した武将は誰か。,李成桂,東アジア
朝鮮（李朝）の首都はどこか。,漢城/漢陽，ソウル,東アジア
朝鮮（李朝）第４代の王世宗が制定した朝鮮特有の文字を何というか。,訓民正音/ハングル,東アジア
朝鮮（李朝）において世界で初めて実用化された印刷技術で，書物の印刷に用いられたものは何か。,金属活字/銅活字,東アジア
1338年，足利尊氏によって日本に成立した政権を何というか。,室町幕府,東アジア
足利義満が1404年，明との間に始めた割符貿易を何というか。,勘合貿易,東アジア
15世紀前半，陳朝の武将黎利が建国し，明の制度を取り入れ朱子学を振興したベトナムの王朝を何というか。,黎朝,東アジア
モンゴル高原一帯を支配したオイラトのエセンが，1449年北京郊外の土木堡で明の皇帝を捕虜とした事件を何というか。,土木の変,東アジア
明代の戸籍簿・租税台帳を何というか。,賦役黄冊,東アジア
明代に整備された土地台帳を何というか。,魚鱗図冊,東アジア
兵を出す義務を負った家のことを何というか。,軍戸,東アジア
明朝第２代の皇帝で，諸王に対する抑圧策をとったため反乱を招いたのは誰か。,建文帝,東アジア
永楽帝以降に修築された北辺防衛のための大建造物は何か。,万里の長城,東アジア
北方のモンゴル諸集団を統一し，1550年には北京を包囲するなどしばしば長城を越えて侵入したモンゴルの族長は誰か。,アルタン＝ハーン,東アジア
15世紀後半～16世紀，ダヤン＝ハーンやその孫アルタン＝ハーンによって統一された中国北方の部族を何というか。,モンゴル/韃靼,東アジア
北からモンゴル系の諸部族が侵入し，南では倭寇の活動が激しくなって明を苦しめたことを何というか。,北虜南倭,東アジア
メキシコ銀や日本銀の流入を背景に，明代後半に新たに実施された税制を何というか。,一条鞭法,東アジア
万暦帝の治世，内閣大学士として財政改革を行った政治家は誰か。,張居正,東アジア
塩の専売によって利益を得た徽州（新安）商人に対し，金融業や運輸業で利益を得た特権商人を何というか。,山西商人,東アジア
商工業の同業者や同郷者が，親睦や援助のために建てた建物を何というか。,会館・公所,東アジア
明代の地方社会では，官僚を引退した大土地所有者が有力者として影響力を持ったが，この人々を何というか。,郷紳,東アジア
江西省にある中国を代表する陶磁器生産地を答えよ。,景徳鎮,東アジア
知行合一を説いて実践を重視し，陽明学を確立した明の学者・政治家は誰か。,王陽明/王守仁,東アジア
李時珍が完成した医薬書で，1898種の薬物を分類しているものは何か。,本草綱目,東アジア
14世紀，スコータイ朝末期に建国されたタイ人の王国で，ヨーロッパのほか日本や中国などとさかんに通商して栄えた国を答えよ。,アユタヤ朝,東南アジア
豊臣秀吉が行った朝鮮侵略を，朝鮮では何というか。,壬辰・丁酉倭乱,東アジア
上記12の際，亀船を用いて日本軍に抵抗したとされる朝鮮の武将は誰か。,李舜臣,東アジア
江戸時代初期，幕府が与えた渡航許可証を携え，主に東南アジア方面と貿易を行った船を何というか。,朱印船,東アジア
17世紀前半，江戸幕府が行った対外関係統制策を何と表わすか。,鎖国,東アジア
かつて金を建国し，中国東北地方で農牧・狩猟の生活を営んでいたツングース系の民族を何というか。,女真,東アジア
女真を統一し，1616年，国号を金（後金，満洲語でアイシン）として中国東北地方に建国したのは誰か。,ヌルハチ,東アジア
ヌルハチが創設した兵制で，色の違う旗を標識に８つの軍団を組織したものを何というか。,八旗,東アジア
金の第２代皇帝で，1636年に国号を清と改めたのは誰か。,太宗/ホンタイジ,東南アジア
1644年，北京を陥落させ明を滅ぼした農民反乱の指導者は誰か。,李自成,東アジア
東林書院に集まり，当時の政府を激しく批判した明末の官僚らを何というか。,東林派,東アジア
北宋末期を舞台にした108人の豪傑の武勇物語を小説化したもので，明代に完成した長編小説は何か。,水滸伝,東アジア
15世紀末，スマトラ島北端に成立したイスラーム教国を答えよ。,アチェ王国,東南アジア
1531年，ビルマ人がタウングー（トゥングー）に建国し，パガン朝以来のビルマの再統一を果たした王朝を何というか。,タウングー/トゥングー朝,東南アジア
16世紀末，マジャパヒト王国滅亡後のジャワ島に建国されたイスラーム教国を答えよ。,マタラム王国,東南アジア
17世紀はじめ，東南アジアに進出した日本人がつくった居住地を何というか。,日本町,東アジア
マルク（モルッカ）諸島などで多く産出され，防腐剤や調味料としてヨーロッパで需要が高まったアジアの特産品は何か。,香辛料,ヨーロッパ
「航海王子」とよばれ，アフリカ西海岸の探検を推進したポルトガルの王子は誰か。,エンリケ,ヨーロッパ
ジョアン２世の治世，1488年アフリカ南端の喜望峰に達したポルトガルの航海者は誰か。,バルトロメウ＝ディアス,ヨーロッパ
喜望峰を迂回したのち，アフリカ東岸からインド洋を横断し，1498年インドに到達したポルトガルの航海者は誰か。,ヴァスコ＝ダ＝ガマ,ヨーロッパ
ヴァスコ＝ダ＝ガマが到達したインド西岸の都市を答えよ。,カリカット,ヨーロッパ
インド航路の開拓で莫大な利益を得たポルトガルの首都を答えよ。,リスボン,ヨーロッパ
スペイン女王イサベルの支援を受け，1492年，カリブ海のサンサルバドル島に到達したジェノヴァ生まれの船乗りは誰か。,コロンブス,ヨーロッパ
コロンブスに影響を与えたフィレンツェの天文学者で，地球球体説を唱えたのは誰か。,トスカネリ,ヨーロッパ
当時西ヨーロッパの人々は，東南アジア・インドを含むアジア一帯を何と呼んでいたか。,インド/インディアス,ヨーロッパ
インド航路を進む途中，嵐にあい，現在のブラジルに漂着したポルトガル人は誰か。,カブラル,ヨーロッパ
コロンブスの到達した土地が，インドではなく「新世界」であることを確認したイタリアの航海者は誰か。,アメリゴ＝ヴェスプッチ,ヨーロッパ
アメリゴ＝ヴェスプッチの名前にちなんで新大陸につけられた名称を何というか。,アメリカ,ヨーロッパ
航海中フィリピンで命を落としたものの，1522年その部下が世界周航を成し遂げた人物は誰か。,マゼラン,ヨーロッパ
マゼランが，南アメリカ大陸の迂回に成功したのち命名した「平和な海」とは何を指すか。,太平洋,ヨーロッパ
アステカ王国を滅ぼし，メキシコを征服したスペイン人は誰か。,コルテス,南北アメリカ
1533年インカ帝国を滅ぼし，首都クスコを侵略したのち，新首都リマを建設したスペイン人は誰か。,ピサロ,南北アメリカ
1545年に発見された新大陸最大の銀山を何というか。,ポトシ銀山,南北アメリカ
植民者に対してスペイン王室が許可した，キリスト教布教の義務と引き換えに先住民に貢納や労働を課す制度を何というか。,エンコミエンダ制,南北アメリカ
ヨーロッパの商業が世界的広がりを持つようになり，貿易の中心が地中海から大西洋を臨む地域に移動したことを何というか。,商業革命,南北アメリカ
征服者に酷使されるインディオの状況を報告し，その救済に努めたスペインの聖職者は誰か。,ラス＝カサス,南北アメリカ
ポルトガルのアジア進出の拠点となったインド西岸の都市はどこか。,ゴア,ヨーロッパ
ポルトガルの対中国貿易の拠点となった広州南方の港はどこか。,マカオ,ヨーロッパ
1543年，ポルトガル人が漂着し，鉄砲を伝えたとされる日本の九州南方の島を何というか。,種子島,日本
イギリス王室の支援を受け，北アメリカ大陸を探検したのは誰か。,カボット/父子,ヨーロッパ
中南米へ移動した後，パナマ地峡を横断して太平洋に到着したスペインの航海者は誰か。,バルボア,ヨーロッパ
1370年，サマルカンドを都としてティムール朝を建国した西チャガタイ＝ハン国の武将は誰か。,ティムール,西アジア・北アフリカ
1402年ティムール朝とオスマン帝国が衝突し，オスマン帝国が大敗した戦いを何というか。,アンカラの戦い,西アジア・北アフリカ
1453年，オスマン帝国のメフメト２世によって滅ぼされたヨーロッパの帝国はどこか。,ビザンツ帝国,西アジア・北アフリカ
ビザンツ帝国の滅亡とともに，新たにオスマン帝国の首都となった都市はどこか。,イスタンブル/コンスタンティノープル,西アジア・北アフリカ
1517年，マムルーク朝を滅ぼしたオスマン帝国のスルタンは誰か。,セリム１世,西アジア・北アフリカ
マムルーク朝を滅ぼすことによって，オスマン帝国が保護権を獲得した聖地を２つ答えよ。,メッカ，メディナ,西アジア・北アフリカ
オスマン帝国の最盛期を現出した第10代スルタンは誰か。,スレイマン１世,西アジア・北アフリカ
1538年，スレイマン１世がスペイン・ヴェネツィアの連合艦隊を破り，地中海を掌握した戦いを何というか。,プレヴェザの海戦,西アジア・北アフリカ
オスマン帝国の拡大が終息して領土が安定した結果，従来のティマール制から移行していった税制を何というか。,徴税請負制,西アジア・北アフリカ
オスマン帝国が，神聖ローマ帝国に対抗する目的で，フランスなどのヨーロッパ諸国に与えた特権を何というか。,カピチュレーション,西アジア・北アフリカ
スレイマン１世が首都に建立させたトルコ＝イスラーム建築のモスクは何か。,スレイマン＝モスク,西アジア・北アフリカ
1571年，オスマン帝国が，スペイン・ヴェネツィア・ローマ教皇の連合艦隊に敗れた戦いを何というか。,レパントの海戦,西アジア・北アフリカ
オスマン帝国のスルタン直属の常備歩兵軍団で，キリスト教徒の子弟をイスラーム教に改宗させて訓練したものを何というか。,イェニチェリ,西アジア・北アフリカ
サファヴィー朝初代の君主は誰か。,イスマーイール１世,西アジア・北アフリカ
イランのサファヴィー朝が国教としたイスラーム教の宗派は何か。,シーア派,西アジア・北アフリカ
サファヴィー朝第５代の王（シャー）で，イスファハーンに遷都し，最盛期を築いたのは誰か。,アッバース１世,西アジア・北アフリカ
1526年パーニーパットの戦いでロディー朝に勝利し，ムガル帝国を創始したのは誰か。,バーブル,南アジア
ムガル帝国の第３代皇帝で，都をアグラに定めるとともに，人頭税（ジズヤ）を廃止してヒンドゥー教徒との和解を図ったのは誰か。,アクバル,南アジア
王妃のためにタージ＝マハルを建設したムガル帝国第５代皇帝は誰か。,シャー＝ジャハーン,南アジア
ムガル帝国第６代皇帝で，非ムスリムに対する迫害や，ジズヤの復活などで専制をしいたのは誰か。,アウラングゼーブ,南アジア
オスマン帝国で騎士に軍事奉仕の代償として与えられた土地（およびその土地における徴税権）を何というか。,ティマール,西アジア・北アフリカ
オスマン帝国内につくられた非ムスリムの共同体を何というか。,ミッレト,西アジア・北アフリカ
ムガル帝国からの独立をめざして建国された西インドのヒンドゥー教国を何というか。,マラーター王国,西アジア・北アフリカ
ナーナクが開祖となり，ヒンドゥー教を基礎にイスラーム教が融合して成立した宗教は何か。,シク教,西アジア・北アフリカ
ペルシア語とインドの地方語が融合して生まれたインド＝ヨーロッパ系の言語で，現在パキスタンの国語となっているのは何か。,ウルドゥー語,南アジア
イランのミニアチュールから発展したムガル帝国時代の宮廷絵画を何というか。,ムガル絵画,南アジア
16世紀に西北インドで発展し，上記⑥に比べて庶民的な題材を扱った絵画を何というか。,ラージプート絵画,南アジア
1644年に明が滅亡したのを機に清軍に降り，清の中国統一に力を貸した明の武将は誰か。,呉三桂,東アジア
明の滅亡後，明の復活を求めて清と戦った明の遺臣で，国姓爺として知られるのは誰か。,鄭成功,東アジア
鄭成功およびその一族が，オランダ人を排除して1683年まで占領し，反清運動の拠点としていた東シナ海の島はどこか。,台湾,東アジア
呉三桂らが，1673～81年に清朝に反発しておこした反乱を何というか。,三藩の乱,東アジア
雲南や台湾の反乱を征討・平定し，清による中国統一を実現した清朝の第４代皇帝を答えよ。,康熙帝,東アジア
康熙帝が，1689年国境画定のためにロシアと結んだ条約は何か。,ネルチンスク条約,東アジア
17世紀に強大化したオイラト系の部族で，上記５による遠征を受けたのち，1759年に滅亡した部族を答えよ。,ジュンガル,東アジア
チベット仏教の改革者で，14世紀に新たに黄帽派という一派を創設した僧は誰か。,ツォンカパ,東アジア
1578年にアルタン＝ハーンが与えたとされるチベット仏教の最高指導者の称号を何というか。,ダライ＝ラマ,東アジア
康熙帝の命で編纂された漢字字書は何か。,康熙字典,東アジア
清朝第５代皇帝を答えよ。,雍正帝,東アジア
雍正帝が設置した，軍事行政上の最高機関を何というか。,軍機処,東アジア
清朝第６代皇帝を答えよ。,乾隆帝,東アジア
乾隆帝の命で編集された一大叢書は何か。,四庫全書,東アジア
清の領土の中で，直轄領ではないモンゴル・青海・チベット・新疆を何というか。,藩部,東アジア
藩部を統括した官庁を何というか。,理藩院,東アジア
八旗につぐ正規軍で，漢人により構成されたものを何というか。,緑営,東アジア
漢民族に対する清の懐柔策のうち，清において，中央官庁の官僚の定員を偶数とし，満洲人と漢人を同数配置した制度を何というか。,満漢併用制,東アジア
清は威圧策として，頭髪を剃りあげ一部を長く残して編むという，満洲族の風習を強制したが，この風習を何というか。,辮髪,東アジア
清は思想弾圧として，反満反清的な書物を著した人物に極刑などの厳しい処罰を与えたが，これを何というか。,文字の獄,東アジア
清朝がネルチンスク条約を締結したときのロシアの皇帝は誰か。,ピョートル１世,東アジア
ネルチンスク条約において，清とロシアの国境とされたのはスタノヴォイ山脈（外興安嶺）と何か。,アルグン川,東アジア
1727年，雍正帝がモンゴル方面での国境画定のためにロシアと結んだ条約は何か。,キャフタ条約,東アジア
成年男子に課せられていた人頭税を何というか。,丁銀/丁税,東アジア
康熙帝の末期に始められ，雍正帝の治世に全国化した税制で，地銀の中に上記１を加算し，一括して銀で納入させた制度を何というか。,地丁銀制,東アジア
1757年，乾隆帝はヨーロッパ船の来航を一港に限ったがそれはどこか。,広州,東アジア
広州で対外貿易を担った特権商人（行商）の組合を何というか。,公行,東アジア
高麗・朝鮮（李朝）において，政治的・経済的に力を持った特権階級を何というか。,両班,東アジア
17世紀以降，薩摩の島津氏の侵攻を受けて服属する一方で，中国へも朝貢を続ける「両属」の状態となった国はどこか。,琉球,東アジア
モン人の反乱等によってタウングー（トゥングー）朝が倒れた後，1752年に成立したミャンマーの王朝を何というか。,コンバウン/アラウンパヤー朝,東南アジア
アユタヤ朝が上記７によって倒されたのち，その後の混乱を治めてラーマ１世が建国したタイの王朝を何というか。,ラタナコーシン/チャクリ朝,東南アジア
阮福暎が，フランス人宣教師らの援助をもとにベトナム全土を統一して建てた王朝を何というか。,阮朝,東南アジア
明末よりおこった学問で，儒学の経典の解釈をより精密に実証的に行おうとするものを何というか。,考証学,東アジア
考証学の祖とされる明末清初の思想家で，『日知録』などを著したのは誰か。,顧炎武,東アジア
曹雪芹と高蘭墅が著した清代の長編小説で，貴族の栄華と没落を描いた作品は何か。,紅楼夢,東アジア
明清の文化の発展は，海外伝道のために訪れた宣教師らの活躍に因るところが大きいが，彼らは何という教団の宣教師であったか。,イエズス会,東アジア
徐光啓らと親交があり，カトリックの宣教とともに西洋学術の紹介に努めた人物は誰か。,マテオ＝リッチ,東アジア
1602年，上記14が作成した東洋最初の科学的世界地図は何か。,坤輿万国全図,東アジア
明末から清初にかけて来訪した宣教師の一人で，徐光啓に協力して『崇禎暦書』を作成したのは誰か。,アダム＝シャール,東アジア
清代に来訪した宣教師で，康熙・雍正・乾隆の３代にわたって仕え，宮廷画家として西洋画法を広めたのは誰か。,カスティリオーネ,東アジア
カスティリオーネの人物が設計に加わった北京郊外の離宮を何というか。,円明園,東アジア
中国におけるカトリック布教の際に，中国の伝統的な儀礼や祖先崇拝を認めることに関して発生した論争を何というか。,典礼問題,東アジア
典礼問題などを受け，キリスト教布教を禁止した清の皇帝は誰か。,雍正帝,東アジア
海禁を犯して東南アジアに住みつき，商業によって経済力を成した中国人を何というか。,南洋華僑,東アジア
顧炎武と並ぶ考証学の祖で，『明夷待訪録』などを著したのは誰か。,黄宗羲,東アジア
清代の考証学の大成者で，史学の研究を発展させたのは誰か。,銭大昕,東アジア
呉敬梓が著した清代の長編小説で，知識階級の堕落を風刺した作品は何か。,儒林外史,東アジア
清代のイエズス会宣教師で，アダム＝シャールとともに暦法改正や大砲の鋳造に携わったのは誰か。,フェルビースト/南懐仁,東アジア
ブーヴェらが中心となって完成させた，中国最初の実測全図を何というか。,皇輿全覧図,東アジア
ギリシア・ローマの古典文化を研究することで，より人間らしい生き方を追求しようというルネサンスの思想を何というか。,ヒューマニズム/人文主義,ヨーロッパ
イタリア＝ルネサンスの最大の中心地を答えよ。,フィレンツェ,ヨーロッパ
フィレンツェの市政を握り，ルネサンス芸術の保護に努めた金融財閥を答えよ。,メディチ家,ヨーロッパ
ダンテがトスカナ語で著した大叙事詩は何か。,神曲,ヨーロッパ
ボッカチオの代表作で，当時の世相を風刺した短編集は何か。,デカメロン,ヨーロッパ
イタリア＝ルネサンス初期の詩人で，『叙情詩集』を著したのは誰か。,ペトラルカ,ヨーロッパ
イタリア＝ルネサンス初期の画家で，「聖フランチェスコの生涯」を描いたのは誰か。,ジョット,ヨーロッパ
サンタ＝マリア大聖堂のドームを完成させたイタリア＝ルネサンスの建築家は誰か。,ブルネレスキ,ヨーロッパ
「ヴィーナスの誕生」や「春」などで，女性美を描いたイタリア＝ルネサンス初期の画家は誰か。,ボッティチェリ,ヨーロッパ
絵画のほか，自然科学や科学技術の分野で優れた才能を見せ，「万能人」の典型とされたのは誰か。,レオナルド＝ダ＝ヴィンチ,ヨーロッパ
ルネサンスを代表する画家・彫刻家で，「ダヴィデ像」を制作したのは誰か。,ミケランジェロ,ヨーロッパ
多くの「聖母子像」を描いたことで知られる画家は誰か。,ラファエロ,ヨーロッパ
ルネサンスの三大発明（正確には改良）の一つで，戦術の変化と騎士階層の没落を招いたものは何か。,火薬,ヨーロッパ
ルネサンスの三大発明の一つで，中国の宋代に実用化され航海術を発展させたものを何というか。,羅針盤,ヨーロッパ
ルネサンスの三大発明の一つで，製紙法とともに書物の製作・普及に大きく貢献した技術を何というか。,活版印刷術,ヨーロッパ
活版印刷の改良に尽力した15世紀のドイツ人は誰か。,グーテンベルク,ヨーロッパ
ネーデルラント出身で16世紀最大の人文主義者とされ，教会や聖職者の腐敗を痛烈に批判し，『愚神礼賛』を著した人物は誰か。,エラスムス,ヨーロッパ
イギリス王に仕え，著作『ユートピア』の中で，第１次囲い込みを批判したイギリスの人文主義者は誰か。,モア/トマス＝モア,ヨーロッパ
ポーランドの天文学者で，著書『天球回転論』の中で地動説を主張したのは誰か。,コペルニクス,ヨーロッパ
緻密な天体観測に基づいて地動説を主張したが，宗教裁判で説の撤回を余儀なくされたイタリアの科学者は誰か。,ガリレイ,ヨーロッパ
油絵の技法を改良し，フランドル派を開いた兄弟は誰か。,ファン＝アイク兄弟,ヨーロッパ
農民の日常を描写し，農民画家と呼ばれたフランドルの画家は誰か。,ブリューゲル,ヨーロッパ
「四使徒」などの版画を残したドイツの画家は誰か。,デューラー,ヨーロッパ
笑いを人間の本質の１つとしてとらえ，『ガルガンチュアとパンタグリュエルの物語』を著したフランスの作家は誰か。,ラブレー,ヨーロッパ
『随想録』を著したフランスの人文主義者は誰か。,モンテーニュ,ヨーロッパ
時代錯誤の騎士とその従者をユーモラスに描いたセルバンテスの代表作は何か。,ドン＝キホーテ,ヨーロッパ
『デカメロン』の影響を受けてチョーサーが著した物語は何か。,カンタベリ物語,ヨーロッパ
『ハムレット』『リア王』などで知られるイギリス＝ルネサンス最大の詩人であり劇作家は誰か。,シェークスピア,ヨーロッパ
ドイツでの贖宥状（免罪符）の販売を許可したローマ教皇は誰か。,レオ10世,ヨーロッパ
レオ10世は，贖宥状販売による売り上げをある建築物の改修費用に充てようと考えていたが，その建築物の名称を答えよ。,サン＝ピエトロ大聖堂,ヨーロッパ
贖宥状の悪弊を批判し，1517年，マルティン＝ルターがヴィッテンベルク教会で発表した文書を何というか。,九十五カ条の論題,ヨーロッパ
1521年，ヴォルムスの帝国議会を開催し，ルターに自説の撤回を求めた神聖ローマ帝国の皇帝は誰か。,カール５世,ヨーロッパ
ザクセン選帝侯フリードリヒにかくまわれたルターが，侯の居城で完成させたのは何のドイツ語訳か。,新約聖書,ヨーロッパ
1524年，ルターの思想を旗印とし，農奴制の廃止などを訴えて起こった反乱を何というか。,ドイツ農民戦争,ヨーロッパ
ドイツ農民戦争の反乱の指導者は誰か。,ミュンツァー,ヨーロッパ
ルター派・カルヴァン派・イギリス国教会など，カトリックに反抗する勢力を総称して何というか。,プロテスタント,ヨーロッパ
1555年「諸侯はカトリック派かルター派のいずれをも採用できるが，領民は諸侯の宗派に従う」とした和議を何というか。,アウクスブルクの和議,ヨーロッパ
スイスのチューリヒにおいて，カルヴァンに先駆けて宗教改革運動を展開したのは誰か。,ツヴィングリ,ヨーロッパ
カルヴァンの宗教改革の拠点となった都市はどこか。,ジュネーヴ,ヨーロッパ
1536年出版のカルヴァンの主著は何か。,キリスト教綱要,ヨーロッパ
魂が救われるかどうかは予め神によって決定されているというカルヴァンの説を何というか。,予定説,ヨーロッパ
信者の中から代表者を選び，牧師と共に教会を運営する制度を何というか。,長老主義,ヨーロッパ
1534年，ヘンリ８世がイギリス国教会の設立を宣言した法令を何というか。,首長法/国王至上法,ヨーロッパ
1559年，統一法（信仰統一法）によって国教会を確立したイギリス国王は誰か。,エリザベス１世,ヨーロッパ
ツヴィングリに対抗して行われたカトリックの立て直し運動を何というか。,対抗宗教改革,ヨーロッパ
対抗宗教改革の運動の中で，イグナティウス＝ロヨラらによって設立されたカトリックの教団を何というか。,イエズス会,ヨーロッパ
イエズス会設立者の一人で，インド・日本・中国などへのカトリック布教を試みたのは誰か。,ザビエル/フランシスコ＝ザビエル,ヨーロッパ
1545～63年，教皇の至上権やカトリックの教義の再確認を行った，カトリック側による会議を何というか。,トリエント公会議,ヨーロッパ
思想統制や異端者の処罰などを行った教会の法廷を何というか。,宗教裁判,ヨーロッパ
16～17世紀，悪魔に魂を売った者として多数の男女（特に女性）を拷問や火刑に処したことを何というか。。,魔女狩り,ヨーロッパ
イタリア支配をめぐる神聖ローマ皇帝とフランス王の衝突から，のちに国際的な争いに発展した紛争を何というか。,イタリア戦争,ヨーロッパ
『君主論』を著したフィレンツェの政治家で，政治と宗教・道徳の分離を説き，近代政治学の祖とされるのは誰か。,マキァヴェリ,ヨーロッパ
16世紀から18世紀のヨーロッパにおいて，中央集権化を進める国王が絶対的な権力を誇示した政治体制を何というか。,絶対王政,ヨーロッパ
絶対王政を支えた行政上の役職（階層）を何というか。,官僚,ヨーロッパ
絶対王政を支えた軍隊を何というか。,常備軍,ヨーロッパ
ハプスブルク家出身のスペイン王で，1519年には神聖ローマ皇帝にも選出されたのは誰か。,カール５世/カルロス１世,ヨーロッパ
カール５世の子で，スペインの全盛期を現出した国王は誰か。,フェリペ２世,ヨーロッパ
フェリペ２世が，1571年オスマン帝国の海軍を破った戦いを何というか。,レパントの海戦,ヨーロッパ
フェリペ２世が王位を継承し，併合したスペインの隣国はどこか。,ポルトガル,ヨーロッパ
1568年～1609年のオランダ独立戦争において，途中，独立運動から脱落し，スペイン領にとどまった地域はどこか。,南部10州,ヨーロッパ
南部10州に対し，最後までスペインに対抗し，独立を勝ち取った地域はどこか。,北部７州,ヨーロッパ
北部７州が，スペインとの抗戦のため結成した同盟を何というか。,ユトレヒト同盟,ヨーロッパ
1588年，当時世界最大と言われたスペイン艦隊が，オランダを支援するイギリスに敗れたが，このスペイン艦隊を何というか。,無敵艦隊/アルマダ,ヨーロッパ
エリザベス１世によって1600年に設立されたイギリスの特権的貿易会社を何というか。,東インド会社,ヨーロッパ
1562～98年にフランスで起こった新旧両教徒による宗教戦争を何というか。,ユグノー戦争,ヨーロッパ
ユグノー戦争の最中の1572年，カトリック教徒が新教徒を不意討ちして虐殺した事件を何というか。,サン＝バルテルミの虐殺,ヨーロッパ
1589年にフランス王位についた新教徒出身の人物で，自らカトリックに改宗して，宗教戦争を終息させた王は誰か。,アンリ４世,ヨーロッパ
アンリ４世が1598年に発布した王令で，新旧両教の信仰の自由を認めたものを何というか。,ナントの王令,ヨーロッパ
1618～1648年，ドイツでおきた最大の宗教戦争を何というか。,三十年戦争,ヨーロッパ
1648年，アウクスブルクの和議の確認，カルヴァン派の公認，ドイツ諸邦の主権確立（神聖ローマ帝国の有名無実化）などが決定された講和条約は何か。,ウェストファリア条約,ヨーロッパ
独立を果たしたオランダ（ネーデルラント連邦共和国）の初代総督は誰か。,オラニエ公ウィレム,ヨーロッパ
オランダの首都はどこか。,アムステルダム,ヨーロッパ
エリザベス１世の死去により断絶した王朝を何というか。,テューダー朝,ヨーロッパ
三十年戦争の発端となったのは，ドイツのある領邦における新教徒の反乱であったが，この領邦はどこか。,ベーメン,ヨーロッパ
三十年戦争の際，新教徒側で参戦し活躍したが，リュッツェンの戦いで戦死したスウェーデンの国王は誰か。,グスタフ＝アドルフ,ヨーロッパ
三十年戦争の際，旧教徒勢力の中心として活躍したベーメン出身の傭兵隊長は誰か。,ヴァレンシュタイン,ヨーロッパ
ウェストファリア条約において正式に独立が認められたのはスイスとどこか。,オランダ,ヨーロッパ
1602年にオランダで設立され，その後貿易や軍事・植民地経営などを担った特許会社を何というか。,東インド会社,ヨーロッパ
1619年にオランダが商館を建設し，東南アジア進出の拠点となったジャワ島の都市を何というか。,バタヴィア,ヨーロッパ
1623年，マルク諸島でイギリス人商館員がオランダ人に虐殺され，東南アジアからイギリスが撤退する原因となった事件は何か。,アンボイナ事件,ヨーロッパ
1626年に建設され，オランダの北米大陸進出の拠点となった都市は何か。,ニューアムステルダム,ヨーロッパ
イングランドに拡大したカルヴァン派を何というか。,ピューリタン,ヨーロッパ
国王の権力は，神に直接由来し不可侵のものであるとする理論を何というか。,王権神授説,ヨーロッパ
ステュアート朝の初代国王ジェームズ１世の子で，父に倣い専制政治を強行したため，議会の反発と革命を招いたのは誰か。,チャールズ１世,ヨーロッパ
1628年，議会が国王に対して可決した請願書を何というか。,権利の請願,ヨーロッパ
議会派の指導者で，王党派に勝利するとともに1649年国王を処刑し，共和政を樹立したのは誰か。,クロムウェル,ヨーロッパ
王党派の拠点の一つで，カトリック教徒が多く，1649年に上記９により征服されたのはどこか。,アイルランド,ヨーロッパ
イギリスと植民地への外国船の立ち入り禁止，輸出をイギリス船に限定するなどの内容で，オランダ船を排除した法律を何というか。,航海法,ヨーロッパ
航海法の結果おこった戦争を何というか。,イギリス＝オランダ戦争,ヨーロッパ
クロムウェルの死後，イギリスでは1660年に王政が復活したが，このときイギリスに迎えられた国王は誰か。,チャールズ２世,ヨーロッパ
1679年議会は法に拠らない不当な逮捕や拘束を禁止する内容の法律を制定したが，これを何というか。,人身保護法,ヨーロッパ
1688～89年，カトリックと絶対王政の復活を企てたジェームズ２世を退位させた革命を何というか。,名誉革命,ヨーロッパ
1689年，課税や立法などについて議会の要求を受け入れ，カトリック教徒の即位禁止などを定めた法を何というか。,権利の章典,ヨーロッパ
ロックが社会契約説や抵抗権を主張した政治哲学書を何というか。,統治二論,ヨーロッパ
1707年，イギリスがスコットランドと合同して成立した王国を何というか。,グレートブリテン/大ブリテン王国,ヨーロッパ
1721年，イギリス初の首相となったのは誰か。,ウォルポール,ヨーロッパ
議会の多数派が内閣を組織し，内閣は国王ではなく議会に対して責任を負うという制度を何というか。,議院内閣制/責任内閣制,ヨーロッパ
1673年議会は官吏を国教徒に限るという内容の法律を制定したが，これを何というか。,審査法,ヨーロッパ
フランス国王シャルル９世の母親であり，かつ摂政であった女性で，国内の有力貴族と結びついてユグノー戦争を操ったのは誰か。,カトリーヌ＝ド＝メディシス,ヨーロッパ
三十年戦争を筆頭に，凶作，魔女狩りなど，17世紀のヨーロッパが危機的な状況に瀕していたことを示す言葉を何というか。,17世紀の危機,ヨーロッパ
ロマノフ朝の初代皇帝は誰か。,ミハイル＝ロマノフ,ヨーロッパ
アンリ４世の即位により始まったフランスの王朝を何というか。,ブルボン朝,ヨーロッパ
ルイ13世の宰相を務め，中央集権化や三十年戦争への介入を進めたのは誰か。,リシュリュー,ヨーロッパ
ルイ13世の治世に，中央集権化のために停止された身分制議会を何というか。,全国三部会,ヨーロッパ
ルイ14世の幼少期に宰相として仕えたマザランの中央集権策に対し，貴族が起こした反乱を何というか。,フロンドの乱,ヨーロッパ
ルイ14世が建造したバロック式の大規模な宮殿を何というか。,ヴェルサイユ宮殿,ヨーロッパ
ルイ14世に仕えた財務総監で，東インド会社再建や国内の商工業の育成など，重商主義政策を展開したのは誰か。,コルベール,ヨーロッパ
1685年，ルイ14世がカトリック擁護のため廃止したものは何か。,ナントの王令,ヨーロッパ
上記７の廃止により亡命を余儀なくされたのはどのような人々か。,ユグノー,ヨーロッパ
スペイン＝ハプスブルク家の断絶に際し，ルイ14世が孫のフェリペをスペイン王に即位させたことからおこった戦争を何というか。,スペイン継承戦争,ヨーロッパ
スペイン継承戦争の講和条約を何というか。,ユトレヒト条約,ヨーロッパ
ルイ14世の時代，フランスが北米大陸のミシシッピ川流域に獲得した領土はどこか。,ルイジアナ,ヨーロッパ
18世紀前半，北アメリカ東部沿岸に南北に並ぶ形で形成されたイギリスの植民地を何というか。,13植民地,南北アメリカ
1757年，イギリス東インド会社の傭兵軍を率いたクライヴが，フランスと地方政権の連合軍を破った戦いを何というか。,プラッシーの戦い,南アジア
七年戦争と並行してヨーロッパで行われた戦争を何というか。,七年戦争,ヨーロッパ
七年戦争と並行して北米大陸で行われた戦争を何というか。,フレンチ＝インディアン戦争,南北アメリカ
1763年の講和条約を答えよ。,パリ条約,ヨーロッパ
パリ条約でイギリスがフランスから獲得した領土は，ミシシッピ川以東のルイジアナ，西インド諸島の一部，セネガル，およびどこか。,カナダ,南北アメリカ
ヨーロッパ人の酷使によって激減したインディオの代わりに，奴隷としてアメリカに輸入されたのはどのような人々か。,アフリカの黒人,南北アメリカ
奴隷を使役することで経営された，サトウキビ・タバコ・綿花などの商品作物の大農場を何というか。,プランテーション,南北アメリカ
武器や雑貨をアフリカに運んで奴隷と交換し，その奴隷をアメリカ大陸や西インド諸島の農産物と交換するという貿易を何というか。,三角貿易/大西洋三角貿易,南北アメリカ
イギリス・フランスが進出した際，インド亜大陸ほぼ一帯を支配していたイスラーム国家は何か。,ムガル帝国,南アジア
17世紀初頭，イギリスが北アメリカに最初に設けた植民地を何というか。,ヴァージニア植民地,南北アメリカ
カナダの北東部に位置し，フランス北米植民地の中心となった都市はどこか。,ケベック,南北アメリカ
16世紀後半に王朝が断絶して以降のポーランドの政治体制は何か。,選挙王政,ヨーロッパ
18世紀後半，弱体化したポーランドの領土を，３回にわたりプロイセン・ロシア・オーストリアが奪った事件を何というか。,ポーランド分割,ヨーロッパ
ポーランドの愛国者・軍人で，祖国の分割に抵抗し，義勇軍を率いて蜂起したのは誰か。,コシューシコ,ヨーロッパ
三十年戦争後バルト海の覇権を握ったが，18世紀前半のロシアとの戦争に敗北して弱体化した北欧の国はどこか。,スウェーデン,ヨーロッパ
16世紀のモスクワ大公で，専制政治の基礎を固めるとともにシベリア進出などを行い，「雷帝」と恐れられたのは誰か。,イヴァン４世,ヨーロッパ
イヴァン４世が，ロシア皇帝として正式に用いた称号を何というか。,ツァーリ,ヨーロッパ
1613年から1917年までおよそ300年間続いたロシアの王朝を何というか。,ロマノフ朝,ヨーロッパ
ロシアの絶対王政を確立した皇帝は誰か。,ピョートル１世,ヨーロッパ
ピョートル１世が，ポーランド・デンマークと結んでスウェーデンと戦った戦争を何というか。,北方戦争,ヨーロッパ
ピョートル１世がバルト海沿岸に建設した都市を何というか。,サンクトペテルブルク,ヨーロッパ
1689年，ロシアと清との間で，アルグン川とスタノヴォイ山脈を国境として定めた条約を何というか。,ネルチンスク条約,ヨーロッパ
ロシアの女帝で，クーデタによって帝位につき，学芸の保護，教育改革などの諸改革に尽力したのは誰か。,エカチェリーナ２世,ヨーロッパ
エカチェリーナ２世が，通商を求めて日本に派遣した使節は誰か。,ラクスマン,ヨーロッパ
エカチェリーナ２世の治世後半，コサック出身の貧農が指導しておこった農民反乱を何というか。,プガチョフの乱,ヨーロッパ
1618年にプロイセン公国（かつてのドイツ騎士団領）と合併してプロイセンの基盤を形成した国を何というか。,ブランデンブルク選帝侯国,ヨーロッパ
プロイセンの伝統的な貴族を何というか。,ユンカー,ヨーロッパ
18世紀後半のオーストリアの女帝で，プロイセンと二度にわたって戦うとともに，種々の国政改革につとめたのは誰か。,マリア＝テレジア,ヨーロッパ
マリア＝テレジアの即位に反対して，1740年にオーストリア継承戦争を起こしたプロイセンの王は誰か。,フリードリヒ２世,ヨーロッパ
外交革命で孤立したプロイセンが，イギリスの援助をうけ，1756年オーストリアに対し再びおこした戦争を何というか。,七年戦争,ヨーロッパ
ロシア・プロイセン・オーストリアなど，啓蒙思想の影響を受けた君主が国内で様々な改革を導入する体制を何というか。,啓蒙専制主義,ヨーロッパ
ロシアの東南辺境地帯に住む農民で，狩猟・牧畜・漁業などで生計を立てるとともに，自治的な戦士団を形成した人々を何というか。,コサック,ヨーロッパ
現在のポーランド西南部にある資源の豊富な土地で，オーストリア継承戦争でフリードリヒ２世がオーストリアから奪ったのはどこか。,シュレジエン,ヨーロッパ
シュレジエン奪回をめざすマリア＝テレジアが長年の宿敵だったフランスと同盟したことを何というか。,外交革命,ヨーロッパ
プロイセン第２代の国王で，軍・行政を整え，絶対王政の基礎を築いたのは誰か。,フリードリヒ＝ヴィルヘルム１世,ヨーロッパ
啓蒙専制君主としての自分の立場を表現したフリードリヒ２世の言葉を答えよ。,君主は国家第一の僕,ヨーロッパ
フリードリヒ２世やエカチェリーナ２世に影響を与えたフランスの啓蒙思想家を答えよ。,ヴォルテール,ヨーロッパ
マリア＝テレジアの子で，母と共同統治後親政を行い，宗教寛容令や農奴解放令を発布してオーストリアの近代化に努めたのは誰か。,ヨーゼフ２世,ヨーロッパ
17世紀後半，望遠鏡を改良して天体の運動を観測し，地動説を唱えたのは誰か。,ガリレイ,ヨーロッパ
万有引力の法則をとなえ，近代物理学の祖と呼ばれたのは誰か。,ニュートン,ヨーロッパ
種痘法による免疫獲得を理論化し，近代免疫学の基礎を築いたイギリスの医者は誰か。,ジェンナー,ヨーロッパ
質量不変の法則や，燃焼理論を確立したフランスの化学者は誰か。,ラヴォワジェ,ヨーロッパ
著書『方法序説』の一節「われ思う，ゆえにわれあり」で知られ，演繹法による合理論を説いたフランスの哲学者は誰か。,デカルト,ヨーロッパ
観察と実験を重ね，そこから一般論を導くという帰納法による経験論を説いたイギリスの哲学者は誰か。,フランシス＝ベーコン,ヨーロッパ
イギリスの経験論と大陸の合理論を総合的に批判することで，ドイツ観念論を確立したのは誰か。,カント,ヨーロッパ
『海洋自由論』『戦争と平和の法』などを著し，自然法の思想を国際ルールの確立に適用しようとしたオランダの法学者は誰か。,グロティウス,ヨーロッパ
著書『リヴァイアサン』のなかで，君主による国家統治の重要性を説き，絶対王政を擁護したイギリス人の哲学者は誰か。,ホッブズ,ヨーロッパ
著書『統治二論』（『市民政府二論』）の中で，不当な統治に対する人民の抵抗権をとなえたイギリスの哲学者は誰か。,ロック,ヨーロッパ
『法の精神』で三権分立を主張したのは誰か。,モンテスキュー,ヨーロッパ
『社会契約論』『人間不平等起源論』などを著し，人民主権論を主張してフランス革命に大きな影響を与えた啓蒙思想家は誰か。,ルソー,ヨーロッパ
『哲学書簡』などを著したフランスの啓蒙思想家で，ロシアやプロイセンの君主と親交を持ったのは誰か。,ヴォルテール,ヨーロッパ
ディドロ・ダランベールらが編纂した啓蒙思想の百科事典は何か。,百科全書,ヨーロッパ
著書『瞑想録』（『パンセ』）の中で「人間は考える葦である」という有名な言葉を残したフランスの哲学者・数学者は誰か。,パスカル,ヨーロッパ
重商主義が支配的だった17～18世紀，ケネーやテュルゴーは富の源は土地（農業生産）にあると主張したが，これを何というか。,重農主義,ヨーロッパ
「経済学の父」と呼ばれ，著書『諸国民の富』で自由主義的な経済運営を説いた，イギリスの古典派（自由主義）経済学者は誰か。,アダム＝スミス,ヨーロッパ
17世紀半ば以降のイギリスで，市民の交流の場として発展し，作家やジャーナリストなどが多く集まった場所はどこか。,コーヒーハウス,ヨーロッパ
18世紀，イギリスの植民活動を背景に，『ロビンソン＝クルーソー』を著した作家は誰か。,デフォー,ヨーロッパ
イギリス社会を風刺した『ガリヴァー旅行記』の作者は誰か。,スウィフト,ヨーロッパ
合理論の立場から汎神論的な主張をしたオランダの哲学者は誰か。,スピノザ,ヨーロッパ
クレタ生まれの画家で，長年スペインのトレドに定住し，多くの宗教画や肖像画を残したのは誰か。,エル＝グレコ,ヨーロッパ
17世紀スペインの宮廷画家で，スペイン＝ハプスブルク家の皇族たちを描いたのは誰か。,ベラスケス,ヨーロッパ
オランダの画家で，「夜警」など市民を描いた作品を残したのは誰か。,レンブラント,ヨーロッパ
ルイ14世の時代に活躍したフランスの喜劇作家で，『町人貴族』『ドン・ジュアン』などで知られるのは誰か。,モリエール,ヨーロッパ
フランスの悲劇作家で，ルイ14世に仕えたのは誰か。,ラシーヌ,ヨーロッパ
商業革命以降西欧が発展すると，16世紀頃からエルベ川以東の東欧において，領主が西欧輸出用の穀物を作らせたが，これを何というか。,農場領主制/グーツヘルシャフト,ヨーロッパ
18世紀のイギリスでは，大地主が食糧増産のために合法的に耕作地や森林を囲い込んだが，この動きを何というか。,第２次囲い込み/エンクロージャー,ヨーロッパ
エンクロージャーなどを背景に，イギリスの農業技術・農業経営が大きく変化したことを何というか。,農業革命,ヨーロッパ
産業革命は主としてどのような工業分野から始まったか。,綿工業,ヨーロッパ
1733年，織布工程の能率を向上させる飛び杼を発明したのは誰か。,ジョン＝ケイ,ヨーロッパ
1764年，糸不足を解消するため多軸（ジェニー）紡績機を発明したのは誰か。,ハーグリーヴズ,ヨーロッパ
1769年，水力紡績機を発明したのは誰か。,アークライト,ヨーロッパ
1779年，多軸（ジェニー）紡績機と水力紡績機の長所を取り入れ，ミュール紡績機を発明したのは誰か。,クロンプトン,ヨーロッパ
1785年，力織機を発明したのは誰か。,カートライト,ヨーロッパ
水蒸気のエネルギーを使って機械を動かすしくみを何というか。,蒸気機関,ヨーロッパ
1769年以降，蒸気機関をさらに改良し，あらゆる機械の動力として利用できるようにした発明家は誰か。,ワット,ヨーロッパ
蒸気機関を動力源とする船を何というか。,蒸気船,ヨーロッパ
1807年蒸気船を初めて試作したアメリカ人技師は誰か。,フルトン,ヨーロッパ
蒸気機関を動力源とする鉄道を何というか。,蒸気機関車,ヨーロッパ
蒸気機関車の実用化に成功したイギリス人技師は誰か。,スティーヴンソン,ヨーロッパ
1825年，イギリス東部のストックトン・ダーリントン間に鉄道が開通し，さらに1830年，西部の工業地帯で営業運転が始まったが，このときの発着点を答えよ。,リヴァプール・マンチェスター,ヨーロッパ
産業革命によって交通・運輸に一大変革がもたらされたことを何というか。,交通革命,ヨーロッパ
機械制工場の経営者として労働者を雇い，利益を得た人々を何というか。,資本家/産業資本家,ヨーロッパ
1810年代，貧しい生活に不満をつのらせた労働者らが機械や工場を破壊して社会に抵抗したことを何というか。,ラダイト運動/機械打ちこわし運動,ヨーロッパ
産業革命に成功したイギリスは，19世紀半ばには世界一の工業力を誇るようになったが，この時代のイギリスは何と呼ばれるか。,世界の工場,ヨーロッパ
16世紀のヨーロッパにおいて，人口増加などを背景とした急激な物価上昇を何と呼ぶか。,価格革命,ヨーロッパ
機械の原料として鉄を作る工業を何というか。,鉄工業,ヨーロッパ
イギリスのダービー父子が開発した，上記②の燃料として石炭やコークスを使用する方法を何というか。,コークス製鉄法,ヨーロッパ
イギリスに続き，1830年代から産業革命が進展した国はベルギーとどこか。,フランス,ヨーロッパ
1840年代から本格的に工業化を進展させ，19世紀末には工業生産でイギリスに迫る勢いを見せた国はどこか。,ドイツ,ヨーロッパ
19世紀中頃から工業化を進展させ，60年代には内戦の混乱を克服し，80年代にはイギリスを追い抜く工業国になった国はどこか。,アメリカ,ヨーロッパ
19世紀末頃から産業革命に突入した国はロシアとどこか。,日本,ヨーロッパ
信仰の自由を求めてイギリスを脱出したピルグリム＝ファーザーズは，1620年，アメリカのどこに上陸したか。,プリマス,南北アメリカ
18世紀前半までに，北アメリカ東岸に形成された13のイギリス植民地は，本国にならった議会を設けていたが，これを何というか。,植民地議会,南北アメリカ
1765年，イギリスが植民地に課した，すべての出版物・書類に印紙を添付することを義務づける法律は何か。,印紙法,南北アメリカ
印紙法に対して，植民地の住人は何と言って反発したか。,代表なくして課税なし,南北アメリカ
1773年，イギリスが植民地に課した，アメリカ植民地における茶の独占販売権をイギリス東インド会社に与えるという法律は何か。,茶法,南北アメリカ
1773年12月，上記５に対して，植民地の住人がおこした事件を何というか。,ボストン茶会事件,南北アメリカ
ボストン茶会事件直後の1774年，植民地の代表が会議を開催し，本国への抗議をおこなったが，この会議を何というか。,大陸会議/第１回大陸会議,南北アメリカ
大陸会議が開催された都市はどこか。,フィラデルフィア,南北アメリカ
1775年に開かれた大陸会議の第２回会議で，植民地軍の総司令官に任命されたのは誰か。,ワシントン,南北アメリカ
1776年１月にペイン（トマス＝ペイン）が出版したパンフレットで，イギリスからの独立の正当性を訴えて大きな反響をよんだのは何か。,コモンセンス/常識,南北アメリカ
1776年７月４日，13植民地が採択した宣言を何というか。,独立宣言,南北アメリカ
独立宣言の起草に関わった一人で，のちに第３代アメリカ大統領に就任したのは誰か。,ジェファソン,南北アメリカ
フランクリンらの尽力を背景に，1778年アメリカ独立戦争に植民地側で参戦した国はどこか。,フランス,南北アメリカ
ロシアのエカチェリーナ２世の提唱により，1780年北欧諸国を中心に結成され，アメリカ独立を間接的に支援した同盟を何というか。,武装中立同盟,南北アメリカ
植民地側の勝利が決定した1781年の戦いを何というか。,ヨークタウンの戦い,南北アメリカ
1783年に結ばれたアメリカ独立戦争の講和条約を何というか。,パリ条約,南北アメリカ
アメリカ合衆国で1787年に制定された憲法を何というか。,アメリカ合衆国憲法,南北アメリカ
合衆国憲法では，行政権・立法権・司法権が，互いに独立し抑制し合う原則が確認されたが，この原則を何というか。,三権分立,南北アメリカ
1789年に発足したアメリカの中央政府を何というか。,アメリカ連邦政府,南北アメリカ
アメリカの行政権の長に立つ役職を何というか。,大統領,南北アメリカ
アメリカ独立戦争が勃発するきっかけとなった1775年の戦いを何というか。,レキシントンの戦い,南北アメリカ
フランスの自由主義貴族で，義勇兵として独立軍に参加したのは誰か。,ラ＝ファイエット,南北アメリカ
アメリカの独立を承認したパリ条約で，イギリスがアメリカに割譲した地域はどこか。,ミシシッピ川以東のルイジアナ,南北アメリカ
1787年にフィラデルフィアで開催され，憲法草案の作成を主たる目的とした会議は何か。,憲法制定会議,南北アメリカ
アメリカ合衆国で採用された連邦主義において，中央政府の権限強化を主張した人々を何というか。,連邦派/フェデラリスト,南北アメリカ
連邦派に対し，各州の自治権・主権を主張した人々を何というか。,反連邦派/アンチフェデラリスト,南北アメリカ
フランス革命以前の政治・社会体制の総称を何というか。,アンシャン＝レジーム/旧制度,ヨーロッパ
フランス革命時の国王で，1793年に処刑されたのは誰か。,ルイ16世,ヨーロッパ
フィリップ４世によって始められたフランスの身分制議会で，フランス革命直前，およそ175年ぶりに開催されたのは何か。,全国三部会,ヨーロッパ
全国三部会では身分別議決方法がとられたため，第三身分の人々は反発し，1789年６月新しい議会を結成したが，これを何というか。,国民議会,ヨーロッパ
国民議会の結成に際し，彼らが行った有名な誓いを何というか。,球戯場/テニスコートの誓い,ヨーロッパ
1789年7月14日，革命の火ぶたが切られた襲撃事件は何か。,バスティーユ牢獄の襲撃,ヨーロッパ
国民議会が1789年８月４日に発布した宣言で，領主裁判権や十分の一税の廃止を決定したことを何というか。,封建的特権の廃止,ヨーロッパ
1789年８月26日，国民議会が採択した宣言は何か。,人権宣言,ヨーロッパ
1791年憲法の制定をうけ，国民議会に代わって招集された議会を何というか。,立法議会,ヨーロッパ
立法議会において共和政の樹立を主張し有力となり，政権獲得後オーストリアに宣戦した派閥を何というか。,ジロンド派,ヨーロッパ
立法議会に代わって1792年９月に成立し，王政の廃止と共和政の樹立を宣言（第一共和政）した議会を何というか。,国民公会,ヨーロッパ
少数派ながら国民公会の主導権を握り，国王の処刑をはじめ様々な恐怖政治を行った派閥を何というか。,ジャコバン派,ヨーロッパ
ジャコバン派の中心人物で，反対派の粛清や恐怖政治の推進で革命の徹底をはかったが，クーデタによって処刑されたのは誰か。,ロベスピエール,ヨーロッパ
ロベスピエールが失脚した1794年７月の事件（クーデタ）を何というか。,テルミドールの反動,ヨーロッパ
1795年憲法の制定をうけ成立した新政府を何というか。,総裁政府,ヨーロッパ
イタリア・エジプト遠征で名声を高めたナポレオン＝ボナパルトが，1799年11月に総裁政府を倒し統領体制を樹立した事件を何というか。,ブリュメール18日のクーデタ,ヨーロッパ
1804年，ナポレオンはナポレオン法典を発布するとともに，自らをナポレオン１世と称して皇帝に就いたが，以後，1814年までのフランスの政治体制を何というか。,第一帝政,ヨーロッパ
1805年10 月，ネルソン率いるイギリス海軍がナポレオン軍を破った海戦を何というか。,トラファルガーの海戦,ヨーロッパ
ナポレオンがロシア遠征に失敗したのを機に，プロイセン・ロシア・オーストリアが立ち上がり，勝利した戦いを何というか。,ライプツィヒの戦い/諸国民戦争,ヨーロッパ
1815年６月，ナポレオンが最後に敗れた戦いを何というか。,ワーテルローの戦い,ヨーロッパ
ロベスピエールらのジャコバン政権が設置した委員会で，事実上政府の最高決定機関となったのは何か。,公安委員会,ヨーロッパ
国王処刑をうけ，1793年，イギリス首相ピットの提唱で結成された対仏軍事同盟を何というか。,第１回対仏大同盟,ヨーロッパ
総裁政府下で，政府転覆のクーデタを図ったが事前に発覚し逮捕されたのは誰か。,バブーフ,ヨーロッパ
ナポレオンのエジプト遠征を機に，1799年イギリス・ロシア・オーストリアなどが結んだ軍事同盟を何というか。,第２回対仏大同盟,ヨーロッパ
第一帝政の成立を機に，1805年イギリス・オーストリア・ロシアが結んだ軍事同盟を何というか。,第３回対仏大同盟,ヨーロッパ
ナポレオンがオーストリア・ロシアの連合軍を破り，上記⑤の消滅を招いた1805年12月の戦いを何というか。,アウステルリッツの戦い/三帝会戦,ヨーロッパ
ナポレオン保護下に，西南ドイツ諸邦をあわせて結成された同盟で，神聖ローマ帝国の消滅を招いたものを何というか。,ライン同盟,ヨーロッパ
プロイセン・ロシアを破ったナポレオンが，1807年に両国に結ばせた屈辱的な講和条約を何というか。,ティルジット条約,ヨーロッパ
シュタインの意思を継いでプロイセン改革を推進し，農民解放や行政の近代化などに努めたプロイセンの首相は誰か。,ハルデンベルク,ヨーロッパ
ナポレオンが最後に流された南大西洋上の孤島はどこか。,セントヘレナ島,ヨーロッパ
ラテンアメリカ諸国の独立運動を担った，現地生まれの白人を何というか。,クリオーリョ,南北アメリカ
トゥサン＝ルヴェルチュールを指導者に反乱を起こし，ナポレオン軍を撃退して成立した，史上初の黒人共和国はどこか。,ハイチ,南北アメリカ
ベネズエラ出身の独立運動の指導者で，ラテンアメリカ北部の独立に貢献し，1819年には大コロンビア共和国を樹立した人物は誰か。,ボリバル（シモン＝ボリバル）,南北アメリカ
チリ・ペルーの独立運動を指導した人物は誰か。,サン＝マルティン,南北アメリカ
1823年にヨーロッパとアメリカの相互不干渉を唱えたアメリカ大統領の宣言（教書）を何というか。,モンロー宣言（教書）,ヨーロッパ
フランス革命やナポレオン戦争後の秩序再建のため，1814～15年にオスマン帝国を除くヨーロッパ諸国が参加した会議は何か。,ウィーン会議,ヨーロッパ
ウィーン会議を主催したオーストリアの外相は誰か。,メッテルニヒ,ヨーロッパ
フランス代表のタレーランが提唱した会議の基本原則で，フランス革命前の状態への復帰を目指す考えを何というか。,正統主義,ヨーロッパ
ウィーン会議の後ロシア皇帝が国王を兼任することになった国はどこか。,ポーランド,ヨーロッパ
ウィーン議定書でイギリスがオランダから得た海外領土はケープ植民地とどこか。,スリランカ（セイロン島）,ヨーロッパ
35の君主国と４自由市からなり，オーストリアが議長を務めたドイツの国家連合を何というか。,ドイツ連邦,ヨーロッパ
1815年，キリスト教的友愛の精神で，オスマン帝国・イギリス・ローマ教皇を除くヨーロッパ各国君主により結成された同盟は何か。,神聖同盟,ヨーロッパ
神聖同盟を提唱したロシア皇帝は誰か。,アレクサンドル１世,ヨーロッパ
ウィーン体制を維持するため，イギリス・ロシア・オーストリア・プロイセンが参加し，1815年に結成された軍事・政治同盟は何か。,四国同盟,ヨーロッパ
ウィーン体制に対して，ブルジョワを中心に参政権，個人の自由，平等の尊重を求めて起こした運動を何というか。,自由主義,ヨーロッパ
ウィーン体制に対して，民族独立や国家統一を求める動きは何か。,ナショナリズム,ヨーロッパ
ドイツの自由と統一を求めて，1815年にイエナ大学で結成され大学生の団体を何というか。,ブルシェンシャフト,ヨーロッパ
イタリアの独立と統一を求めて結成され，1820年にナポリ，1821年にピエモンテで革命を起こした秘密結社を何というか。,カルボナリ,ヨーロッパ
1825年，ロシアの青年貴族将校が憲法制定や改革を求めて起こしたが，ニコライ１世によって鎮圧された反乱を何というか。,デカブリストの反乱,ヨーロッパ
イギリス・フランス・ロシアや西欧の義勇兵の支援を得て，1829年にオスマン帝国から独立を達成した国はどこか。,ギリシア,ヨーロッパ
一国のみが強力になり他国を支配しないよう，各国が均衡した力を有することを重視した考えを何というか。,勢力均衡,ヨーロッパ
スペイン＝ブルボン朝の専制に対し，1820年にリェーゴらの自由主義貴族がカディスで起こした革命を何というか。,スペイン立憲革命,ヨーロッパ
ラテンアメリカにおける白人とインディオの混血を何というか。,メスティーソ,南北アメリカ
ラテンアメリカにおける白人と黒人の混血を何というか。,ムラート,南北アメリカ
イダルゴの指導のもとで独立運動がおこり，1821年にスペインからの独立を達成した国はどこか。,メキシコ,南北アメリカ
亡命貴族に多額の補償金を与えるなどの反動政治を推進したために七月革命を招き，イギリスに亡命したブルボン朝の王は誰か。,シャルル10世,ヨーロッパ
1830年７月，フランス国王が国内政治に対する国民の不満を外に向けるために出兵した場所はどこか。,アルジェリア,ヨーロッパ
七月革命で即位したオルレアン家出身の王は誰か。,ルイ＝フィリップ,ヨーロッパ
七月革命で，ルイ＝フィリップによって創始された王政を何というか。,七月王政,ヨーロッパ
七月革命の影響でオランダから独立を達成した国はどこか。,ベルギー,ヨーロッパ
七月革命の影響を受けて，1830～31年にロシアに対して反乱を起こしたが，ロシアの反撃にあって失敗した東欧の国はどこか。,ポーランド,ヨーロッパ
イギリスで1828年に廃止された，非国教徒の公職就任を禁じた法律を何というか。,審査法,ヨーロッパ
オコネル（オコンネル）らの努力で1829年に成立し，カトリック教徒の公職就任が可能になった法律を何というか。,カトリック教徒解放法,ヨーロッパ
七月革命の影響で1832年にグレー内閣によって実現し，都市の産業資本家が議会へ進出することになった改革は何か。,第１回選挙法改正,ヨーロッパ
選挙法改正で廃止された，新興工業都市への人口集中によって有権者人口が激減した農村の選挙区を何というか。,腐敗選挙区,ヨーロッパ
反穀物法同盟を結成し，穀物法廃止を唱えたのはブライトと誰か。,コブデン,ヨーロッパ
アダム＝スミスにより提唱され，貿易における国家の干渉に反対し穀物法や航海法の廃止を要求した主張を何というか。,自由貿易主義,ヨーロッパ
第１回選挙法改正で選挙権を獲得できなかった労働者が中心となり，普通選挙の実施を求めて起こした運動を何というか。,チャーティスト運動,ヨーロッパ
労働者が議会に提出した請願書で，男子普通選挙・議員の財産資格廃止など６か条を内容としたものを何というか。,人民憲章,ヨーロッパ
労働者の待遇改善を唱え，アメリカで理想的協同社会ニューハーモニーの建設を試みたが失敗したイギリスの実業家は誰か。,（ロバート＝）オーウェン,ヨーロッパ
オーウェンらの努力で制定された，年少者の労働時間などを制限した法律を何というか。,工場法,ヨーロッパ
勤労階級による合理的な産業社会実現を構想したフランスの社会主義者は誰か。,サン＝シモン,ヨーロッパ
協同組合的理想社会の実現を唱えたフランスの社会主義者は誰か。,フーリエ,ヨーロッパ
ドイツ生まれの社会主義者で，哲学・経済学・歴史学を総合し弁証法と唯物史観を確立して，社会主義社会の実現を説いた人物は誰か。,マルクス,ヨーロッパ
1848年，マルクスがエンゲルスと協力して発表したもので，人類の歴史を階級闘争の歴史としてとらえた著作は何か。,『共産党宣言』,ヨーロッパ
ウィルバーフォースらの運動により，1833年にイギリスで植民地地主の反対を押し切って廃止されることになった制度は何か。,奴隷制,ヨーロッパ
1833年，東インド会社に認められていたある国との貿易独占権が廃止されたが，ある国とはどこか。,中国,ヨーロッパ
人道主義的立場から理想社会の実現をはかろうとした社会主義は何と呼ばれるか。,空想的社会主義,ヨーロッパ
マルクス・エンゲルスが唱えた社会主義を何というか。,科学的社会主義,ヨーロッパ
小生産者や労働者らの結合による社会の変革を主張し，無政府主義（アナーキズム）の先駆となったフランスの社会主義者は誰か。,プルードン,ヨーロッパ
極端な制限選挙を行う七月王政に対し，産業革命で力を増した中小ブルジョワや労働者が実施を求めたのは何か。,選挙権拡大（普通選挙）,ヨーロッパ
二月革命で打倒され，イギリスへ亡命した七月王政の王は誰か。,ルイ＝フィリップ,ヨーロッパ
二月革命によって成立した共和政を何というか。,第二共和政,ヨーロッパ
二月革命で組織された臨時政府に参加した社会主義者は誰か。,ルイ＝ブラン,ヨーロッパ
社会主義者らの主張で，失業労働者のために設置された機関は何か。,国立作業場,ヨーロッパ
国立作業場の閉鎖を機に，社会主義者・労働者が起こした事件を何というか。,六月蜂起,ヨーロッパ
ナポレオン１世の甥で，1848年12月の大統領選挙で当選した人物は誰か。,ルイ＝ナポレオン,ヨーロッパ
ルイ=ナポレオンが1851年のクーデタで独裁権を握り，翌52年に皇帝に就任して何と名乗ったか。,ナポレオン３世,ヨーロッパ
1852年のフランスで成立した政治体制を何というか。,第二帝政,ヨーロッパ
1848年３月，二月革命の影響を受けてウィーンなどドイツ連邦内でおきた革命を何というか。,三月革命,ヨーロッパ
1848年からの革命で失脚したオーストリアの宰相は誰か。,メッテルニヒ,ヨーロッパ
1848年３月，国王に憲法制定を約束させ，自由主義内閣を成立させた民衆蜂起が起こったドイツの都市はどこか。,ベルリン,ヨーロッパ
メッテルニヒの失脚で崩壊することになったヨーロッパの復古的国際秩序を何というか。,ウィーン体制,ヨーロッパ
1848年５月，ドイツ統一と憲法制定のために，自由主義者によって招集された議会を何というか。,フランクフルト国民議会,ヨーロッパ
オーストリアのドイツ人地域などを含めてドイツ統一を進める考え方を何というか。,大ドイツ主義,ヨーロッパ
オーストリアを除いて，プロイセンを中心にドイツ統一を達成しようとする考え方を何というか。,小ドイツ主義,ヨーロッパ
1848年から49年にかけてヨーロッパ各地で起こった自由主義・国民主義の運動を，総称して何というか。,「諸国民の春」,ヨーロッパ
1848年３月以降マジャール人の民族運動が活発化し，翌年４月に独立を宣言した地域はどこか。,ハンガリー,ヨーロッパ
ハンガリーの民族運動の指導者で，独立宣言後，執政官に選出されたが，革命の失敗によりアメリカに亡命した人物は誰か。,コシュート,ヨーロッパ
1848年６月チェック人がオーストリアからの自治を求め，民族運動をおこした地域はどこか。,ベーメン,ヨーロッパ
七月王政の首相として諸改革に反対し，二月革命を招くことになった政治家は誰か。,ギゾー,ヨーロッパ
二月革命前夜，フランス各地で開かれた選挙法改正を目指した集会を何というか。,改革宴会,ヨーロッパ
二月革命によって成立した臨時政府の事実上の首班となった共和主義者は誰か。,ラマルティーヌ,ヨーロッパ
1840年代後半，クラクフ・ポズナニで独立運動が起こったが鎮圧された地域はどこか。,ポーランド,ヨーロッパ
,,
19世紀にオスマン帝国領内の民族問題にヨーロッパ列強が介入して生じた国際的諸問題を，ヨーロッパ列強側から見て何というか。,東方問題,ヨーロッパ
オスマン帝国に対しエジプトのムハンマド＝アリーが領土を要求して開戦し，ヨーロッパ各国が介入した，二度の戦争を何というか。,エジプト＝トルコ戦争,ヨーロッパ
聖地管理権を失ったロシアが，1853年ギリシア正教徒の保護を口実にオスマン帝国に開戦した戦争を何というか。,クリミア戦争,ヨーロッパ
英仏などとの戦争に敗北してロシアの後進性を痛感し，1861年に農奴解放令を発布した皇帝は誰か。,アレクサンドル２世,ヨーロッパ
1863年，ロシアに対して反乱を起こした東欧の地域はどこか。,ポーランド,ヨーロッパ
学生・青年を中心に，農民の啓蒙による社会改革を目指し「ヴ＝ナロード（人民の中へ）」を唱えて農村に入った人々を何というか。,ナロードニキ,ヨーロッパ
ロシアがオーストリアやオスマン帝国に対抗し，バルカン方面への進出を正当化するために利用した思想・運動を何というか。,パン＝スラヴ主義,ヨーロッパ
1878年，ロシア＝トルコ戦争の講和のために結ばれ，ロシアがバルカン半島を事実上の支配下に置いた条約を何というか。,サン＝ステファノ条約,ヨーロッパ
ロシア＝トルコ戦争の講和条約にオーストリア・イギリスが猛反対したため，1878年，ビスマルクの仲介で開催された国際会議を何というか。,ベルリン会議,ヨーロッパ
ベルリン会議でボスニア・ヘルツェゴヴィナの行政権を得た国はどこか。,オーストリア,ヨーロッパ
19世紀後半，イギリスの黄金時代を現出した女王は誰か。,ヴィクトリア女王,ヨーロッパ
保守党の指導者として２度首相に就任し，スエズ運河会社株買収やインド帝国樹立を達成した政治家は誰か。,ディズレーリ,ヨーロッパ
自由党の指導者として４度首相に就任し，第３回選挙法改正や教育法・労働組合法制定などの国内改革に努力した政治家は誰か。,グラッドストン,ヨーロッパ
1867年，第２回選挙法改正で選挙権を獲得したのはどのような人々か。,都市労働者,ヨーロッパ
17世紀にクロムウェルによって征服され，以来，独立や自治を求める運動を行っていた地域はどこか。,アイルランド,ヨーロッパ
ナポレオン３世にスエズ運河の建設を提案した，フランスの外交官は誰か。,レセップス,ヨーロッパ
ナポレオン３世がイギリス・スペインを誘って出兵し，オーストリア皇帝の弟マクシミリアンを皇帝に擁立した国はどこか。,メキシコ,ヨーロッパ
ナポレオン３世が捕虜となり，第二帝政が崩壊した戦争は何か。,ドイツ＝フランス（プロイセン＝フランス）戦争,ヨーロッパ
第二帝政の崩壊後成立した政治体制を何というか。,第三共和政,ヨーロッパ
ドイツ＝フランス戦争の講和に反対してパリ民衆が組織した，史上初の労働者による自治政府を何というか。,パリ＝コミューン,ヨーロッパ
ロシアの農村共同体で，1861年の農奴解放令に際して，地主への土地買い戻し金の支払いなどで責任を負った組織を何というか。,ミール,ヨーロッパ
19世紀のロシアにおいて，急進的改革の担い手となった知識人階級を何というか。,インテリゲンツィア,ヨーロッパ
アメリカ合衆国への移民を加速させることになった，1840年代半ばに発生したアイルランドの飢饉を何というか。,ジャガイモ飢饉,ヨーロッパ
南半球にあるイギリスの流刑植民地で，1901年に連邦自治領となった地域はどこか。,オーストラリア,ヨーロッパ
中国に対し，フランスが宣教師殺害事件を口実にイギリスと出兵して起こった戦争は何か。,第２次アヘン戦争（アロー戦争）,ヨーロッパ
19世紀初頭，イタリアの独立と統一を目的に南イタリアで結成された，「炭焼き党」という意味の秘密結社を何というか。,カルボナリ,ヨーロッパ
1831年にマッツィーニによって結成された革命団体を何というか。,青年イタリア,ヨーロッパ
サルデーニャ（サルディニア）国王としてイタリア統一を推進し，1861年イタリア王国の初代国王として即位した人物は誰か。,ヴィットーリオ＝エマヌエーレ２世,ヨーロッパ
サルデーニャ王国の首相として内政・外交両面からイタリア統一運動を指導した人物は誰か。,カヴール,ヨーロッパ
1859年のイタリア統一戦争でサルデーニャ王国がオーストリアから獲得した地域はどこか。,ロンバルディア,ヨーロッパ
サルデーニャ王国が，中部イタリアの併合をフランスに承認してもらう見返りとして割譲した地域は，サヴォイアとどこか。,ニース,ヨーロッパ
千人隊（赤シャツ隊）を率いてナポリ王国（両シチリア王国）を征服し，それをサルデーニャ王に献上した人物は誰か。,ガリバルディ,ヨーロッパ
イタリア王国がヴェネツィアを併合したのはどの戦争のときか。,プロイセン＝オーストリア戦争,ヨーロッパ
イタリア王国がローマ教皇領を併合したのはどの戦争のときか。,ドイツ＝フランス（プロイセン＝フランス）戦争,ヨーロッパ
1870年のイタリア統一完成後もオーストリアの支配下にとどまったイタリア人居住地域を何というか。,「未回収のイタリア」,ヨーロッパ
「未回収のイタリア」のうち，アドリア海北東部にあった港市はどこか。,トリエステ,ヨーロッパ
プロイセンを中心に，1834年にドイツ連邦内の大多数の諸邦が参加して結成され，経済的統一を促進した同盟を何というか。,ドイツ関税同盟,ヨーロッパ
ビスマルクを首相として登用し，1871年にはドイツ帝国の初代皇帝に即位したプロイセン国王は誰か。,ヴィルヘルム１世,ヨーロッパ
ビスマルクが推進した軍備拡張政策を何というか。,鉄血政策,ヨーロッパ
エルベ川以東の地主貴族で，プロイセンの官僚や軍人を独占した階層を何というか。,ユンカー,ヨーロッパ
1864年，ユトランド半島南半部のシュレスヴィヒ・ホルシュタインを巡って勃発した戦争を何というか。,デンマーク戦争,ヨーロッパ
プロイセン＝オーストリア戦争に勝利したプロイセンが中心となって，1867年に結成した君主連合を何というか。,北ドイツ連邦,ヨーロッパ
オーストリアが少数民族の反抗を抑えるために，マジャール人の王国を認めて成立した同君連合国家を何というか。,オーストリア＝ハンガリー帝国,ヨーロッパ
1870～71年のドイツ（プロイセン）＝フランス戦争後，ドイツが多額の賠償金とともにフランスから獲得した地域はアルザスとどこか。,ロレーヌ,ヨーロッパ
ビスマルクが1878年に制定した社会主義運動を弾圧するための法律を何というか。,社会主義者鎮圧法,ヨーロッパ
1849年，マッツィーニらが指導してローマに樹立したが，フランス軍の介入により打倒された国家を何というか。,ローマ共和国,ヨーロッパ
サルデーニャ王国がイギリス・フランスとの関係を強化し，自国の国際的地位を高めるために参戦した戦争は何か。,クリミア戦争,ヨーロッパ
サルデーニャ王国がイタリア統一戦争でフランスの支援を得るため，1858年にナポレオン３世と結んだ密約を何というか。,プロンビエールの密約,ヨーロッパ
君主国と自由市の代表から構成され，議長はドイツ帝国の宰相が兼任した議会を何というか。,連邦参議院,ヨーロッパ
1871～80年頃の，ビスマルクと，それに反対する南ドイツのカトリック教会・中央党との抗争を何というか。,文化闘争,ヨーロッパ
独立宣言の起草者で，第３代アメリカ大統領となった人物は誰か。,ジェファソン,南北アメリカ
1812～14年第２次独立戦争とも呼ばれ，アメリカがイギリスからの経済的自立を果たした戦争を何というか。,アメリカ＝イギリス（米英）戦争,南北アメリカ
1823年，ラテンアメリカの独立に対するヨーロッパ諸国の干渉を排除するために出された，アメリカの大統領教書を何というか。,モンロー教書（宣言）,南北アメリカ
西部出身の最初の大統領で，農民・都市小市民・労働者の支持を得て，アメリカ民主主義の発展に貢献した人物は誰か。,ジャクソン,南北アメリカ
上記４が1830年に制定し，先住民をミシシッピ川以西に強制的に移住させた法律を何というか。,先住民強制移住法,南北アメリカ
アメリカ西部における文明地域と未開拓地域の境界線を何というか。,フロンティア,南北アメリカ
「アメリカの領土拡張は神からの使命である」という，西部開拓を正当化するために使われた言葉は何か。,マニフェスト＝デスティニー（明白なる運命）,南北アメリカ
綿花などの栽培を行うために南部で発達した大農場を何というか。,プランテーション,南北アメリカ
アメリカ南部の大農場で主に労働力として酷使されたのはどのような人々か。,黒人奴隷,南北アメリカ
イギリスの資本とその商品の流入から自国の産業資本を守るために，北部がとった貿易政策は何か。,保護関税政策,南北アメリカ
イギリスへの原料輸出を重視する南部が唱えた貿易政策は何か。,自由貿易政策,南北アメリカ
1848年，カリフォルニアで金鉱が発見されたため，以降移民が殺到し，人口が急増した現象を何というか。,ゴールドラッシュ,南北アメリカ
奴隷制拡大反対をスローガンに，1854年旧ホイッグ党のメンバーを中心に北部資本家の支持を得て結成された政党を何というか。,共和党,南北アメリカ
1861～65年，アメリカの北部諸州と南部諸州との間で起こった内戦を何というか。,南北戦争,南北アメリカ
アメリカ第16代大統領に就任し，南部諸州に対する戦争を指導して勝利に導いたのは誰か。,リンカン,南北アメリカ
1861年，南部11州によって結成された国家を何というか。,アメリカ連合国,南北アメリカ
リンカンが西部農民の支持を得るために，公有地に５年間定住した者に160エーカーの土地を無償で与えるとした法律を何というか。,ホームステッド（自営農地）法,南北アメリカ
リンカンが北部の結束を強化し内外世論の支持を得るため，1863年南部の反乱地域の奴隷を対象に出した宣言を何というか。,奴隷解放宣言,南北アメリカ
「人民の，人民による，人民のための政治」を表明したリンカンの演説が行われた場所はどこか。,ゲティスバーグ,南北アメリカ
1869年に完成し，これにより太平洋岸と東部が連結され，アメリカの経済的統一をもたらすことになった鉄道を何というか。,大陸横断鉄道,南北アメリカ
黒人奴隷制の害悪を人道的立場から描き，奴隷解放運動を推進した女性作家ストウの著作を何というか。,『アンクル＝トムの小屋』,南北アメリカ
奴隷制廃止後の南部で，収穫の半分ほどを地主におさめた黒人小作人を何というか。,シェアクロッパー（分益小作人）,南北アメリカ
1867年，アメリカがロシアから買収した地域はどこか。,アラスカ,南北アメリカ
1886年にアメリカで結成された，熟練労働者の職業別連合組織を何というか。,アメリカ労働総同盟（AFL）,南北アメリカ
古代ギリシア・ローマの文化を理想として調和と形式的な美しさを重視した文芸上の傾向を何というか。,古典主義,ヨーロッパ
『若きウェルテルの悩み』や『ファウスト』を執筆し，古典主義文学を大成した人物は誰か。,ゲーテ,ヨーロッパ
18世紀末から19世紀前半に盛んとなり，個人の感情や想像力を重んじ，歴史や民族文化の伝統を尊重した文芸上の傾向を何というか。,ロマン主義,ヨーロッパ
ギリシア独立戦争に参戦して病死したイギリスの詩人は誰か。,バイロン,ヨーロッパ
19世紀半ば，フランスを中心におこり，社会や人間を客観的でありのままに表現しようとした文芸上の傾向を何というか。,写実主義,ヨーロッパ
写実主義を確立し，『赤と黒』を著したフランスの作家は誰か。,スタンダール,ヨーロッパ
フランスの作家で，『人間喜劇』で市民社会と小市民の姿を生き生きと描いた作家は誰か。,バルザック,ヨーロッパ
19世紀後半におこった，社会の矛盾を追及し，人間の俗悪な部分も描写しようとした文芸上の傾向を何というか。,自然主義,ヨーロッパ
『居酒屋』を執筆する一方，ドレフュス事件では軍部を批判したフランスの作家は誰か。,ゾラ,ヨーロッパ
古典派音楽を大成し，交響曲「運命」・「田園」・「合唱」などを作曲した人物は誰か。,ベートーヴェン,ヨーロッパ
ロマン派の作曲家で，「冬の旅」・「未完成交響曲」などの作品を残したオーストリアの作曲家は誰か。,シューベルト,ヨーロッパ
弁証法哲学を提唱してドイツ観念論哲学を完成させた人物は誰か。,ヘーゲル,ヨーロッパ
「最大多数の最大幸福」を主張して功利主義を唱え，産業資本家の支持を得たイギリスの哲学者は誰か。,ベンサム,ヨーロッパ
実証主義を唱え，仮説を排し現実社会の経験のみに知識の源泉を求めて社会学の創始者となった，フランスの哲学者は誰か。,コント,ヨーロッパ
『人口論』を著し，人口の抑制によって貧困問題を解決しようとしたイギリスの経済学者は誰か。,マルサス,ヨーロッパ
アダム＝スミスの流れをくみ，マルサスやリカードらによって唱えられた自由放任を説く経済学を何というか。,古典派経済学,ヨーロッパ
近代歴史学の祖と呼ばれ，厳密な史料批判に基づく実証的歴史学を確立したドイツの歴史家は誰か。,ランケ,ヨーロッパ
リストによって提唱され，ドイツのような経済的後進国での保護貿易政策を説いた経済学を何というか。,歴史学派経済学,ヨーロッパ
『種の起源』を著し，進化論を提唱したイギリスの博物学者は誰か。,ダーウィン,ヨーロッパ
共同で放射性物質を研究し，ラジウムを発見した夫妻は誰か。,キュリー夫妻,ヨーロッパ
疾風怒濤運動の代表作とされる『群盗』を著し，強烈な人間像を描いた人物は誰か。,シラー,ヨーロッパ
『罪と罰』『カラマーゾフの兄弟』など人間の魂の救済をテーマに作品を著したロシアの作家は誰か。,ドストエフスキー,ヨーロッパ
『戦争と平和』でナポレオン戦争期のロシア貴族を描くなど，写実主義・自然主義・人道主義的な作品を著したロシアの作家は誰か。,トルストイ,ヨーロッパ
近代彫刻の開拓者であり，代表作「考える人」などで感情や内的生命の躍動を表現したフランスの彫刻家は誰か。,ロダン,ヨーロッパ
『純粋理性批判』『実践理性批判』などを著し，合理論と経験論を批判的に総合してドイツ観念論哲学を創始した哲学者は誰か。,カント,ヨーロッパ
ヘルムホルツと協力してエネルギー保存の法則を発見し，内燃機関の発達に貢献したドイツの物理学者は誰か。,マイヤー,ヨーロッパ
乳酸菌発見や狂犬病予防接種に成功した，フランスの細菌学者は誰か。,パストゥール,ヨーロッパ
19世紀前半に，電信機を発明したアメリカ人技師は誰か。,モース（モールス）,ヨーロッパ
1683年，オスマン帝国がポーランド王の援助を受けたオーストリア軍によって撃退され，帝国衰退の契機となった事件を何というか。,第２次ウィーン包囲,西アジア・北アフリカ
1699年，オスマン帝国がハンガリー・トランシルヴァニアなどをオーストリアに割譲した条約を何というか。,カルロヴィッツ条約,西アジア・北アフリカ
1798年，イギリスとインドの連絡を絶つために，当時オスマン帝国領であったエジプトに遠征したフランスの軍人は誰か。,ナポレオン,西アジア・北アフリカ
18世紀中頃，中央アラビアの豪族サウード家と結んで，原始イスラーム教への復帰を唱えた宗派を何というか。,ワッハーブ派,西アジア・北アフリカ
オスマン帝国から総督（パシャ）の地位を与えられ，エジプトの近代化を推し進めた人物は誰か。,ムハンマド＝アリー,西アジア・北アフリカ
ムハンマド＝アリーによって一時的に滅ぼされたアラビア半島の王国はどこか。,ワッハーブ王国,西アジア・北アフリカ
19世紀前半，上記５がシリアの領有やエジプトの世襲権を要求して，２度に渡りオスマン帝国と戦った戦争を何というか。,エジプト＝トルコ戦争,西アジア・北アフリカ
地中海と紅海を結ぶためにフランスの協力で建設され，1869年に開通した運河を何というか。,スエズ運河,西アジア・北アフリカ
スエズ運河の建設を指揮したフランスの外交官は誰か。,レセップス,西アジア・北アフリカ
1881～82年に，エジプトに対する列強の支配に反対して，「エジプト人のエジプト」をスローガンに蜂起した民族運動を何というか。,ウラービー運動,西アジア・北アフリカ
特権化し政治にも介入するようになったため，1826年にマフムト２世により解散させられたオスマン帝国の常備歩兵軍を何というか。,イェニチェリ,西アジア・北アフリカ
1839～76年，オスマン帝国が司法・行政・財政・軍事全般にわたって行った西欧化改革を何というか。,タンジマート（恩恵改革）,西アジア・北アフリカ
ギュルハネ勅令を発布し，タンジマートを開始したスルタンは誰か。,アブデュルメジト１世,西アジア・北アフリカ
1876年に制定され，二院制と責任内閣制を規定したオスマン帝国最初の憲法を何というか。,ミドハト憲法,西アジア・北アフリカ
1877～78年のロシア＝トルコ戦争を口実に，憲法を停止し議会を閉鎖したスルタンは誰か。,アブデュルハミト２世,西アジア・北アフリカ
1796年にイランに建国されたトルコ系王朝を何というか。,ガージャール朝,西アジア・北アフリカ
1828年にガージャール朝とロシアの間に結ばれ，ロシアが治外法権を獲得した不平等条約を何というか。,トルコマンチャーイ条約,西アジア・北アフリカ
政府の外国勢力への屈従などに反発し，1848年，シーア派系の神秘主義的宗派に結束したイラン民衆が起こした反乱を何というか。,バーブ教徒の反乱,西アジア・北アフリカ
1891年，イランにおける外国人業者のタバコ利権の独占に反対し，ウラマー・商人・民衆が起こした運動を何というか。,タバコ＝ボイコット運動,西アジア・北アフリカ
イランでタバコ利権を独占した国はどこか。,イギリス,西アジア・北アフリカ
1853年ロシアがオスマン帝国内のギリシア正教徒保護を口実に開戦し，オスマン帝国側の英仏軍と戦い敗北した戦争は何か。,クリミア戦争,西アジア・北アフリカ
ガージャール朝とのトルコマンチャーイ条約で，ロシアがその大半を獲得することになった，カスピ海と黒海の間の地域はどこか。,アルメニア,西アジア・北アフリカ
19世紀後半にロシアの支配下に置かれた中央アジアのウズベク人の国は，ブハラ＝ハン国，ヒヴァ＝ハン国とどこか。,コーカンド＝ハン国,西アジア・北アフリカ
イギリスがロシアの南下に対抗しインドの権益を守るために起こした，アフガニスタンへの３度にわたる侵略戦争を何というか。,アフガン戦争,西アジア・北アフリカ
1757年，イギリスの東インド会社軍がフランス・ベンガル太守連合軍を破った戦いを何というか。,プラッシーの戦い,南アジア
プラッシーの戦いで勝利したイギリス東インド会社は，ベンガル地方のどんな権利を獲得したか。,徴税権（ディーワーニー）,南アジア
1767～99年，イギリスが南インドを制圧した戦争を何というか。,マイソール戦争,南アジア
1775～1818年，イギリスがデカン高原西部を制圧した戦争を何というか。,マラーター戦争,南アジア
1845～49年，イギリスがインド西北部のパンジャーブ地方を制圧した戦争を何というか。,シク戦争,南アジア
ペルシア語で「兵士」を意味した東インド会社のインド人傭兵を何というか。,シパーヒー,南アジア
1857～58年，メーラトに駐屯するインド人傭兵の蜂起から始まり，農民・商工業者から封建領主の一部も参加した反乱を何というか。,インド大反乱,南アジア
1858年，イギリスがインドを直接支配するために解散させた組織は何か。,東インド会社,南アジア
1877年，インド帝国の皇帝として即位した人物は誰か。,ヴィクトリア女王,南アジア
イギリスがインド帝国内で内政権を認めた地方王権を何というか。,藩王国,南アジア
1830年以降ジャワ島でオランダが実施した経済政策で，コーヒー・サトウキビ・藍などを強制的に栽培させた制度を何というか。,強制栽培制度,東南アジア
1824～86年のビルマ（イギリス＝ビルマ）戦争でイギリスに敗北しインド帝国に併合されるまでビルマを支配した王朝を何というか。,コンバウン（アラウンパヤー）朝,東南アジア
植民地行政官のラッフルズがジョホール王から買収したマレー半島南端の島で，東南アジアでのイギリスの拠点となったのはどこか。,シンガポール,東南アジア
マレー半島南西岸の港市で，1511年のポルトガルの占領後，オランダの支配を経て，1824年正式にイギリス領となったのはどこか。,マラッカ,東南アジア
1826年，シンガポール・マラッカ・ペナン島をあわせて成立したイギリスの植民地を何というか。,海峡植民地,東南アジア
1895年，イギリスがマレー半島南部に成立させた保護領を何というか。,マレー連合州（マライ連邦）,東南アジア
1802年，フランス人宣教師ピニョーらの援助を受けてベトナムを統一し，阮朝を建てた人物は誰か。,阮福暎,東南アジア
1884～85年に起こった，ベトナムの保護国化をねらうフランスと，ベトナムに対する宗主権をもつ清の戦争を何というか。,清仏戦争,東南アジア
1887年，フランスがベトナム・カンボジアをあわせて成立させた植民地を何というか。,フランス領インドシナ連邦,東南アジア
1899年，フランスがフランス領インドシナ連邦に編入した地域はどこか。,ラオス,東南アジア
16世紀初め，ナーナクがイスラーム教の影響を受けて創始したヒンドゥー教の改革派を何というか。,シク教,南アジア
イギリスが北インドで実施した徴税制度で，ザミンダール（地主）に土地所有権を認め納税の義務を課した制度を何というか。,ザミンダーリー制,南アジア
イギリスが南インドとシンド地方で実施した徴税制度で，ライヤット（農民）に土地所有権を認め納税の義務を課した制度を何というか。,ライヤットワーリー制,南アジア
スマトラ島北西部のイスラーム王国で，オランダの侵略を受け，20世紀初めに滅亡した国はどこか。,アチェ王国,東南アジア
劉永福がベトナムで組織し，フランスの侵略に抵抗した中国人義勇軍を何というか。,黒旗軍,東南アジア
清がベトナムの宗主権を放棄し，フランスのベトナム保護国化を承認することになった清仏戦争の講和条約を何というか。,天津条約,東南アジア
18世紀末，四川・陝西・湖北境界の山間地域を中心に起こった，弥勒信仰の宗教結社を中心とする農民反乱を何というか。,白蓮教徒の乱,東アジア
1757年以来，清の唯一のヨーロッパ貿易港とされた都市はどこか。,広州,東アジア
広州において，対外貿易を担った特権商人の組合を何というか。,公行,東アジア
1793年に乾隆帝に謁見して対中国貿易の拡大を求めたが，不成功に終わったイギリスの外交官は誰か。,マカートニー,東アジア
イギリスが対中国貿易の赤字解消のために，植民地インドから中国に密輸品として持ち込んだものは何か。,アヘン,東アジア
アヘンを持ち込んだ結果，中国・インド・イギリス間に成立した貿易を何というか。,三角貿易,東アジア
清がアヘンの密輸を取り締まるために任命した欽差大臣は誰か。,林則徐,東アジア
1842年アヘン戦争の講和として，清が５港の開港，賠償金の支払い，公行の廃止などをイギリスに約束した条約を何というか。,南京条約,東アジア
アヘン戦争の講和条約で，清からイギリスに割譲された場所はどこか。,香港島,東アジア
1856年にイギリス船籍の船の中国人乗組員が海賊容疑で逮捕され，イギリスと清の間の外交問題に発展した事件を何というか。,アロー号事件,東アジア
アロー号事件とフランス人宣教師の殺害事件を口実に，1856年イギリスとフランスが中国に共同出兵した戦争を何というか。,第２次アヘン戦争（アロー戦争）,東アジア
第２次アヘン戦争の講和のために，1858年に清がイギリス・フランス・アメリカ・ロシアと結んだが，実効しなかった条約を何というか。,天津条約,東アジア
イエズス会宣教師カスティリオーネらが北京に設計した庭園で，イギリス・フランス軍が占領の時に破壊・略奪した庭園を何というか。,円明園,東アジア
イギリス・フランス軍が北京を占領し，1860年に清と結んだ第２次アヘン戦争の講和条約を何というか。,北京条約,東アジア
第２次アヘン戦争の講和条約で，清が天津など11港の開港，外国公使の北京駐在などとともに締結国に約束した，宗教に関する条項は何か。,キリスト教布教の自由,東アジア
第２次アヘン戦争の講和条約で，清からイギリスに割譲された場所はどこか。,九竜半島の一部,東アジア
1858年，ロシアが清と結んだもので，黒竜江以北をロシア領，ウスリー川以東を両国の共同管理とした条約を何というか。,アイグン条約,東アジア
第２次アヘン戦争の講和を調停した代償として，1860年ロシアがウスリー川以東（沿海州）を獲得した条約を何というか。,北京条約,東アジア
第２次アヘン戦争の講和条約の締結後，清が北京に設立した機関で，洋務（欧米列強との外交事務）を担当した機関を何というか。,総理各国事務衙門,東アジア
1875年，日本とロシアの間で結ばれた国境画定条約で，樺太をロシア領，千島列島を日本領とした条約を何というか。,樺太・千島交換条約,東アジア
南京条約に追加して，清がイギリスに領事裁判権（治外法権），協定関税（関税自主権の喪失），最恵国待遇などを認めた条約を何というか。,虎門寨追加条約,東アジア
1844年に清がアメリカと締結した不平等条約を何というか。,望厦条約,東アジア
1844年に清がフランスと締結した不平等条約を何というか。,黄埔条約,東アジア
ロシアの初代東シベリア総督として，アイグン条約や北京条約の交渉で活躍し，ロシアの領土拡大に貢献した人物は誰か。,ムラヴィヨフ,東アジア
新疆西北の中央アジアでの国境を画定するため，1881年，ロシアと清が結んだ条約を何というか。,イリ条約,東アジア
客家や貧農が参加したキリスト教的秘密結社を何というか。,拝上帝会（上帝会）,東アジア
太平天国の乱の指導者で，拝上帝会を組織して自らキリストの弟を称し，1851年広西省金田村で蜂起した人物は誰か。,洪秀全,東アジア
満洲人の清朝を滅ぼし，漢民族の国家を再興することを唱えた太平天国の民族的スローガンは何か。,「滅満興漢」,東アジア
漢人官僚が組織し，乱の鎮圧に貢献した義勇軍を何というか。,郷勇,東アジア
上記４のうち，湖南省で組織した湘軍（湘勇）を率い，太平天国の首都天京を攻略した人物は誰か。,曽国藩（曾国藩）,東アジア
郷里の安徽省で淮軍（淮勇）を組織し，太平天国の乱の鎮圧に活躍した人物は誰か。,李鴻章,東アジア
アメリカ人ウォードが創設し，彼の戦死後はイギリス人ゴードンが率いて太平天国軍の鎮圧に貢献した洋式の中国人軍隊を何というか。,常勝軍,東アジア
「中体西用」の精神で西洋の学問・技術を導入し富国強兵を目指した運動を何というか。,洋務運動,東アジア
太平天国の乱後，中国国内の秩序は一時的に安定したが，この時期のことを何というか。,同治の中興,東アジア
1854年，アメリカと江戸幕府によって結ばれ，幕府が下田と箱館の開港を認めて開国することを決めた条約を何というか。,日米和親条約,東アジア
第２次アヘン戦争を背景に，1858年幕府が５港開港，領事裁判権承認や最恵国待遇などをアメリカに認めた不平等条約を何というか。,日米修好通商条約,東アジア
江戸幕府を打倒して成立した新政権のもとで，近代国家建設を目指す諸改革を何というか。,明治維新,東アジア
1875年，朝鮮沿岸で日本軍と朝鮮軍が衝突した事件を何というか。,江華島事件,東アジア
1876年，江華島事件を契機に締結され，日本が朝鮮に釜山など３港の開港や領事裁判権を認めさせた不平等条約を何というか。,日朝修好条規（江華条約）,東アジア
1882年朝鮮において，大院君を擁立した軍隊が閔氏一派や日本公使館を襲撃したが，清朝の軍により鎮圧された事件を何というか。,壬午軍乱,東アジア
日本にならって朝鮮の改革を目指した開化派（独立党）の指導者で，甲申事変を起こすが失敗し日本へ亡命した人物は誰か。,金玉均,東アジア
1860年頃崔済愚が創始し，朝鮮の民間信仰に儒・仏・道教などを融合した新宗教を何というか。,東学,東アジア
1894年，東学の信徒を中心に困窮化した農民が蜂起し，日清両国の軍事介入を招くことになった反乱を何というか。,甲午農民戦争（東学の乱）,東アジア
伊藤博文と李鴻章の間で締結された日清戦争の講和条約は何か。,下関条約,東アジア
日清戦争後の講和条約で日本が獲得したが，三国干渉で清に返還した地はどこか。,遼東半島,東アジア
清が漢民族に強制した満洲人独特の髪型で，太平天国がその撤廃を決めたものは何か。,辮髪,東アジア
1871年，日本と清が正式な国交を樹立した条約を何というか。,日清修好条規,東アジア
1874年，漂着した琉球島民が殺害されたことを理由に，日本軍が出兵した場所はどこか。,台湾,東アジア
朝鮮国王高宗の父で，摂政として鎖国攘夷の政策を推進した人物は誰か。,大院君,東アジア
甲午農民戦争を指導して朝鮮各地に反乱を拡大させたが，日本軍に捕らえられ，処刑された人物は誰か。,全琫準,東アジア
欧米列強が独占資本主義の段階に達した経済を背景に軍拡競争を行い，世界を植民地や従属国として支配した動きを何というか。,帝国主義,ヨーロッパ
重化学工業を中心に電力・石油を動力源として用いるようになった技術革新を何というか。,第２次産業革命,ヨーロッパ
独占資本の形態で，同一業種の企業が独立性を維持しながら価格・生産量・販路などで協定を結ぶ仕組み（企業連合）を何というか。,カルテル,ヨーロッパ
独占資本の形態で，同一業種の企業が有力資本に吸収・合併され，資本の独占がはかられる仕組み（企業合同）を何というか。,トラスト,ヨーロッパ
1875年，イギリスのディズレーリ首相が，財政難に陥ったエジプトから買収したものは何か。,スエズ運河会社株,ヨーロッパ
イギリスの植民相として南アフリカ戦争を推進した人物は誰か。,ジョゼフ＝チェンバレン,ヨーロッパ
イギリスで，ウェッブ夫妻やバーナード＝ショーが参加して結成され，漸進的な社会改革を主張した社会主義者の団体を何というか。,フェビアン協会,ヨーロッパ
フェビアン協会や労働組合が結集して生まれた労働代表委員会を母体として，1906年に結成された政党を何というか。,労働党,ヨーロッパ
1887～89年第三共和政下のフランスで，元陸相が右翼・保守勢力の支援を得てクーデタを企てたが，失敗した事件を何というか。,ブーランジェ事件,ヨーロッパ
1894～99年反ユダヤ主義の中で起こったユダヤ系将校に対するスパイ容疑事件で，作家のゾラらが無罪を訴えた事件を何というか。,ドレフュス事件,ヨーロッパ
ビスマルクを辞任させて，1890年から親政を開始し積極的な世界政策や海軍拡張を行ったドイツ皇帝は誰か。,ヴィルヘルム２世,ヨーロッパ
社会主義者鎮圧法の廃止を機に党勢を伸ばし，第２インターナショナルを主導したドイツのマルクス主義政党を何というか。,社会民主党,ヨーロッパ
1903（1898）年ロシアで結成されたマルクス主義政党を何というか。,ロシア社会民主労働党,ヨーロッパ
1903年，ロシア社会民主労働党の分裂時にレーニンが率いた「多数派」で，労働者や農民に基礎を置く革命集団を目指したグループを何というか。,ボリシェヴィキ,ヨーロッパ
ロシア社会民主労働党の分裂時，プレハーノフが率いた「少数派」で，広く大衆に基礎を置き，漸進的革命を目指したグループを何というか。,メンシェヴィキ,ヨーロッパ
1901年に結成されたナロードニキ系統の農民政党を何というか。,エスエル,ヨーロッパ
日露戦争中の1905年１月，ペテルブルクでの平和請願のデモ隊に軍隊が発砲し，多数の死傷者を出した事件を何というか。,血の日曜日事件,ヨーロッパ
地の日曜日事件を契機に，農民蜂起や労働者のストライキ，兵士の反乱がロシア各地で続出し，十月宣言で沈静化した革命運動を何というか。,1905年革命（第１次ロシア革命）,ヨーロッパ
国会解散を強行し，ミールの解体などを行ったロシアの首相は誰か。,ストルイピン,ヨーロッパ
アメリカがフィリピンやグアムを獲得した戦争を何というか。,アメリカ＝スペイン（米西）戦争,ヨーロッパ
銀行資本と産業資本が結合し形成された独占資本を何というか。,金融資本,ヨーロッパ
自治や独立を求める動きを背景に，1905年，アイルランドの完全独立を主張して結成された政党を何というか。,シン＝フェイン党,ヨーロッパ
1914年，自由党内閣がアイルランドの独立運動対策として成立させたが，第一次世界大戦により実施が延期された法律を何というか。,アイルランド自治法,ヨーロッパ
革命ではなく議会主義的改革で社会主義を実現しようとするもので，ベルンシュタインらが提唱した考え方を何というか。,修正主義,ヨーロッパ
1905年，ニコライ２世の十月宣言で開設が約束されたロシアの国会（議会）を何というか。,ドゥーマ,ヨーロッパ
1898年，フィリピンやグアムの獲得，ハワイ併合などの帝国主義的政策を進めたアメリカ大統領は誰か。,マッキンリー,南北アメリカ
棍棒外交といわれるカリブ海政策を進めたアメリカ大統領は誰か。,セオドア＝ローズヴェルト,南北アメリカ
1884～85年，ベルギーのコンゴ領有をめぐる紛争を調停するためにビスマルクが開き，アフリカ分割の原則を定めた会議は何か。,ベルリン=コンゴ会議,アフリカ
イギリスがウラービー運動を鎮圧して保護国にした国はどこか。,エジプト,アフリカ
1881～98年，ムハンマド＝アフマドに率いられ，スーダンで反イギリス戦争を展開した勢力を何というか。,マフディー派,アフリカ
アフリカ南端の地で，オランダ領であったが，1814年にイギリス領となった地域はどこか。,ケープ植民地,アフリカ
オランダ系移民の子孫で，ケープ植民地がイギリス領になると北方に移住した人々を何というか。,ブール（ボーア）人,アフリカ
19世紀末，ケープ植民地の首相として，イギリスの帝国主義政策を推進し，周辺地域への侵攻を企図した人物は誰か。,ローズ（セシル＝ローズ）,アフリカ
ローズが建国したもので，1899～1902年の南アフリカ戦争でオレンジ自由国とともに侵略を受けイギリス領となった国はどこか。,トランスヴァール共和国,アフリカ
イギリスのアフリカ方面での世界政策を何というか。,アフリカ縦断政策,アフリカ
アルジェリアからサハラ砂漠を経てジブチ，マダガスカルへ進出しようとした，フランスのアフリカ方面での世界政策を何というか。,アフリカ横断政策,アフリカ
1898年，スーダンでイギリス軍とフランス軍が衝突したが，フランス側が譲歩して解決した事件を何というか。,ファショダ事件,アフリカ
1904年，イギリスとフランスが，イギリスのエジプト，フランスのモロッコにおける優越権を相互に承認した協定を何というか。,英仏協商,アフリカ
1896年，侵入してきたイタリア軍をアドワの戦いで破り，独立を維持した東アフリカの国はどこか。,エチオピア帝国,アフリカ
1911～12年の，トリポリ・キレナイカをめぐる戦争を何というか。,イタリア＝トルコ戦争,アフリカ
アメリカ植民地協会が，アメリカで解放された黒人奴隷を入植させ独立させたアフリカ最初の共和国はどこか。,リベリア共和国,アフリカ
カメハメハ朝のもとで立憲君主国となったが，1898年にアメリカに併合された太平洋の諸島はどこか。,ハワイ,南北アメリカ
1889年，アメリカがラテンアメリカにおいてヨーロッパ諸国の影響を排除し指導力を確立するため，主催して開いた会議を何というか。,パン＝アメリカ会議,南北アメリカ
1898年，アメリカ＝スペイン戦争で独立したが，プラット条項を受け入れて，事実上アメリカの保護国となった国はどこか。,キューバ,南北アメリカ
アメリカが運河建設をねらって，1903年にコロンビアから分離・独立させた中米の国はどこか。,パナマ,南北アメリカ
1877～1911年の間メキシコに君臨した独裁者は誰か。,ディアス,南北アメリカ
メキシコ革命を指導し，革命後大統領に就任した自由主義者は誰か。,マデロ,南北アメリカ
イギリス人宣教師で，アフリカ中央部や南部の内陸を探検し，ナイル川の水源調査を行った人物は誰か。,リヴィングストン,アフリカ
アメリカ人探検家で，中央アフリカ横断やベルギー国王の援助によるコンゴ探検などを行った人物は誰か。,スタンリー,アフリカ
1905年と1911年に起こったモロッコをめぐるドイツとフランスの対立事件を何というか。,モロッコ事件,アフリカ
オーストラリアの先住民を何というか。,アボリジニー,
ニュージーランドの先住民を何というか。,マオリ人,
マデロとともにメキシコ革命を指導した農民指導者は誰か。,サパタ,南北アメリカ
1873年，フランスを孤立化させるために，ビスマルクが中心となって結んだドイツ・オーストリア・ロシア間の同盟を何というか。,三帝同盟,ヨーロッパ
1882年，ドイツ・オーストリア・イタリア間に結ばれた同盟を何というか。,三国同盟,ヨーロッパ
三帝同盟が消滅したため，1887年，ビスマルクが推進して結んだドイツ・ロシア間の同盟条約を何というか。,再保障条約,ヨーロッパ
1890年にビスマルクを辞任させて親政を開始し，「世界政策」と称する膨張主義的な外交政策を実行したドイツ皇帝は誰か。,ヴィルヘルム２世,ヨーロッパ
1891～94年に締結され，フランスが国際的孤立から脱することになった同盟を何というか。,露仏同盟,ヨーロッパ
ケープタウン，カイロ，カルカッタを結び，インド洋をイギリスの内海にしようとした帝国主義政策を何というか。,３Ｃ政策,ヨーロッパ
ベルリン，ビザンティウム（イスタンブル），バグダードに鉄道を敷設して，中東進出をめざしたドイツの政策を何というか。,３Ｂ政策,ヨーロッパ
３Ｂ政策の一環として，ドイツが敷設を計画した鉄道を何というか。,バグダード鉄道,ヨーロッパ
どの国とも同盟を結ばないイギリスの伝統的外交を何というか。,「光栄ある孤立」,ヨーロッパ
1902年，イギリスが「光栄ある孤立」を放棄して結んだ同盟を何というか。,日英同盟,ヨーロッパ
1907年，イラン，アフガニスタン，チベットにおけるイギリス・ロシア両国の勢力範囲を定めた取り決めを何というか。,英露協商,ヨーロッパ
列強の利害と小国のナショナリズムが複雑に交錯していた，第一次世界大戦直前のバルカン半島の情勢を何というか。,「ヨーロッパの火薬庫」,ヨーロッパ
バルカン方面において，ロシアを中心にスラヴ系民族の勢力を拡大しようとした考え方を何というか。,パン＝スラヴ主義,ヨーロッパ
バルカン半島でパン＝スラヴ主義の先頭に立ち，オーストリアと鋭く対立した国はどこか。,セルビア,ヨーロッパ
1908年，オスマン帝国で現体制に不満を持つ青年層が，ミドハト憲法の復活や専制政治の打倒を求めて起こした革命を何というか。,青年トルコ革命,ヨーロッパ
青年トルコ革命の混乱に乗じて，オーストリアが併合した地域はどこか。,ボスニア・ヘルツェゴヴィナ,ヨーロッパ
1912年，ロシアの指導で，セルビアを中心にギリシア・ブルガリア・モンテネグロが参加して結成した同盟を何というか。,バルカン同盟,ヨーロッパ
1912年，バルカン同盟とオスマン帝国が戦い，敗北したオスマン帝国がイスタンブルを除くヨーロッパ領を失った戦争を何というか。,第１次バルカン戦争,ヨーロッパ
1913年，第１次バルカン戦争でオスマン帝国から得た領土配分をめぐる対立が原因で起こった戦争を何というか。,第２次バルカン戦争,ヨーロッパ
第２次バルカン戦争に敗北し，ドイツ・オーストリアに接近した国はどこか。,ブルガリア,ヨーロッパ
1890年代末から第一次世界大戦にかけて，イギリスとドイツの間で行われた海軍力の増強競争を何というか。,建艦競争,ヨーロッパ
1890年以降，ドイツ，オーストリアを中心にバルカン方面でドイツ系民族の勢力を拡大しようとした考え方を何というか。,パン＝ゲルマン主義,ヨーロッパ
1904年の英仏協商で，イギリスがフランスの優越権を承認した地域はどこか。,モロッコ,アフリカ
英仏協商で，フランスがイギリスの優越権を承認した地域はどこか。,エジプト,アフリカ
清末，列強が中国で獲得した利権の一つで，鉱山採掘権と並んで投資の対象となったものは何か。,鉄道敷設権,東アジア
三国干渉の代償として，ロシアが1896年に清から敷設権を獲得した鉄道を何というか。,東清鉄道,東アジア
ドイツが宣教師殺害事件を口実に占領し，1898年に租借した山東半島の湾を何というか。,膠州湾,東アジア
ロシアが1898年に租借し，旅順に軍港，大連に商港を建設した半島を何というか。,遼東半島（南部）,東アジア
イギリスが1898年に租借した山東半島の海港を何というか。,威海衛,東アジア
イギリスが1898年に租借した香港島対岸の半島を何というか。,九竜半島,東アジア
フランスが1899年に広東省で租借した場所はどこか。,広州湾,東アジア
中国進出の遅れを取り戻すため，1899～1900年に門戸開放宣言を行ったアメリカの国務長官は誰か。,ジョン＝ヘイ,東アジア
門戸開放宣言で提唱した内容は，門戸開放・領土保全ともう一つは何か。,機会均等,東アジア
清朝末期に起こり，日本の明治維新をモデルとして立憲君主政の樹立をめざした政治改革を何というか。,変法（変法自強）,東アジア
梁啓超らと改革を断行したが1898年戊戌の政変で失脚し，日本へ亡命した人物は誰か。,康有為,東アジア
康有為を登用して改革を断行したが，戊戌の政変で敗れて，幽閉された皇帝は誰か。,光緒帝,東アジア
戊戌の政変では，保守派の中心として暗躍し，甥の皇帝を幽閉して政治的実権を握った人物は誰か。,西太后,東アジア
19世紀後半に中国各地で起こった反キリスト教運動を何というか。,仇教運動,東アジア
1900～01年，白蓮教系の武術集団を中心に「扶清滅洋」を唱えて起こした排外運動と清朝が結び，列強に宣戦した戦争を何というか。,義和団戦争（義和団事件）,東アジア
義和団事件の講和として，1901年，列強11カ国が清に多額の賠償金と外国軍隊の北京駐兵権などを認めさせた条約を何というか。,北京議定書（辛丑和約）,東アジア
日露戦争の講和として，1905年に結ばれた条約を何というか。,ポーツマス条約,東アジア
ポーツマス条約により，韓国の保護権，南満洲鉄道の利権などとともにロシアから日本に割譲された地域はどこか。,樺太南半（南樺太）,東アジア
1905年以降激化した，朝鮮民衆の抗日武装闘争を何というか。,義兵闘争,東アジア
1910年の韓国併合後，日本が朝鮮を統治するためにソウルに設置した機関を何というか。,朝鮮総督府,東アジア
フランス資本を導入して1891年に着工した，ロシア領内を東西に走る世界最長の鉄道を何というか。,シベリア鉄道,東アジア
日本が韓国の保護国化を進めるために韓国と結んだ，３次にわたる協約を何というか。,日韓協約,東アジア
1905年，伊藤博文が韓国の外交を監督するために就任した職を何というか。,統監,東アジア
1909年，伊藤博文を中国東北地方のハルビンで暗殺した韓国の愛国者は誰か。,安重根,東アジア
1905年，清が廃止を断行した伝統的な官吏任用制度は何か。,科挙,東アジア
1908年，清が日本の明治憲法を模範として，立憲制へ向けて発表した憲法のひな型を何というか。,憲法大綱,東アジア
1905年，清の打倒をめざして興中会・光復会・華興会など革命諸組織が結集し，東京で成立した革命団体を何というか。,中国同盟会,東アジア
中国同盟会が革命の基本理念として提唱した「民族の独立」・「民権の伸張」・「民生の安定」を何というか。,三民主義,東アジア
1911年，民族資本家や地方有力者らが鉄道国有令に反対して成都を中心に起こした武装蜂起を何というか。,四川暴動,東アジア
辛亥革命の発端となった，湖北省における軍隊内の革命派の武装蜂起を何というか。,武昌蜂起,東アジア
1912年１月，臨時大総統に選出された孫文が南京で建国を宣言した，アジア初の共和国を何というか。,中華民国,東アジア
革命側に寝返ることを条件に，孫文から臨時大総統の地位を譲り受けた北洋軍の実力者は誰か。,袁世凱,東アジア
辛亥革命で退位した清朝最後の皇帝は誰か。,宣統帝（溥儀）,東アジア
袁世凱の死後，列強の支援を得て各地に分立割拠した軍事政権を何というか。,軍閥,東アジア
1885年，イギリスが対英協調のためインド人有力者につくらせたが，次第にイギリスへの批判を強めていった機関を何というか。,インド国民会議,南アジア
ヒンドゥー・イスラーム両教徒を反目させ，民族運動を分断させる目的で，イギリスが1905年に制定した法律を何というか。,ベンガル分割令,南アジア
インド国民会議が1906年に大会を開き，反英闘争の方針として，英貨排斥（英製品の不買）など4綱領を採択した都市はどこか。,カルカッタ,南アジア
4綱領のうち，「国産品愛用」を意味する綱領は何か。,スワデーシ,南アジア
4綱領のうち，「自治」・「独立」を意味する綱領は何か。,スワラージ,南アジア
フィリピン独立運動の指導者で，言論活動でスペインの暴政を批判したため，スペインに逮捕・銃殺されたのは誰か。,ホセ＝リサール,東南アジア
1904年，ベトナムで維新会を組織し，反仏運動を指導したのは誰か。,ファン＝ボイ＝チャウ,東南アジア
日露戦争での日本の勝利に刺激され，ファン＝ボイ＝チャウが呼びかけた日本への留学運動を何というか。,ドンズー（東遊）運動,東南アジア
日露戦争の影響で，1908年ギリシアのサロニカにおいて，立憲王政の樹立と西欧的自由主義を掲げて起こった革命を何というか。,青年トルコ革命,西アジア・北アフリカ
日露戦争の影響で，イランにおいて，英・露の侵略に無力な政府に対し，1905～11年に起こった立憲運動を何というか。,イラン立憲革命,西アジア・北アフリカ
インド国民会議急進派を指導し，4綱領採択に貢献したのは誰か。,ティラク,南アジア
フィリピン革命に参加して共和国の大統領に就任したが，アメリカ軍に敗れて，その地位を追われた人物は誰か。,アギナルド,東南アジア
イスラーム勢力が団結して，列強からの侵略に対抗しようとする思想を何というか。,パン＝イスラーム主義,西アジア・北アフリカ
パン＝イスラーム主義を説き，イスラーム諸国の立憲的改革や民族運動に大きな影響を与えたイラン出身の思想家は誰か。,アフガーニー,西アジア・北アフリカ
1906年，イギリスがヒンドゥー教徒主体のインド国民会議派に対抗させるために，ムスリムに結成させた組織を何というか。,全インド＝ムスリム連盟,南アジア
1911～12年，ジャワ商人が結成し，後にオランダに対して自治を要求するようになった民族団体を何というか。,イスラーム同盟（サレカット＝イスラム）,東南アジア
1914年6月，第一次世界大戦の引き金となった，オーストリア帝位継承者夫妻暗殺事件を何というか。,サライェヴォ事件,ヨーロッパ
第一次世界大戦において，イギリス・フランス・ロシアを主力とした国々を何というか。,協商国（連合国）,ヨーロッパ
協商国に対抗したドイツ・オーストリアなどの国々を何というか。,同盟国,ヨーロッパ
第一次世界大戦中の1915年，日本が中国の袁世凱政府に提出した要求を何というか。,二十一カ条の要求,ヨーロッパ
ドイツ・オーストリアとロシアとの戦いを何というか。,東部戦線,ヨーロッパ
1914年８月，ドイツのヒンデンブルク将軍がロシア軍を撃滅した戦いを何というか。,タンネンベルクの戦い,ヨーロッパ
ドイツとフランスとの国境方面の戦いを何というか。,西部戦線,ヨーロッパ
1914年９月，ベルギーを突破したドイツ軍を，フランスが阻止した戦いを何というか。,マルヌの戦い,ヨーロッパ
ロンドン秘密条約で，参戦と引き替えにイタリアに割譲が約束された地域を何というか。,「未回収のイタリア」,ヨーロッパ
1915年，オスマン帝国内のアラブ人の協力を得るために，イギリスがアラブ人国家の建設を認めた協定を何というか。,フセイン・マクマホン協定,ヨーロッパ
1916年，イギリス・フランス・ロシアの間で，オスマン帝国領の分割やパレスチナの国際管理について取り決めた協定を何というか。,サイクス・ピコ協定,ヨーロッパ
1917年，イギリスがパレスチナにおけるユダヤ人国家建設の支持を約束した宣言を何というか。,バルフォア宣言,ヨーロッパ
全国民を動員して生産を行い，補給体制を整えるような戦い方を何というか。,総力戦,ヨーロッパ
第一次世界大戦の際，偵察や爆撃に活躍した新兵器は何か。,航空機,ヨーロッパ
アメリカ合衆国の参戦の理由となったドイツの作戦を何というか。,無制限潜水艦作戦,ヨーロッパ
ドイツ革命の引き金となった反乱を何というか。,キール軍港の水兵反乱,ヨーロッパ
ドイツ臨時政府代表が調印し，大戦の終了となった条約は何か。,ドイツ休戦協定,ヨーロッパ
1918年１月，アメリカのウィルソン大統領が発表した大戦終結のための平和原則を何というか。,十四カ条(十四カ条の平和原則),ヨーロッパ
各国の軍事力を協議の上，削減することを何というか。,軍備縮小,ヨーロッパ
各民族が自主的に自らの運命を決定する権利を持ち，国家を建設できることを何というか。,民族自決,ヨーロッパ
ロシア革命の出発点となった1917年３月の出来事は何か。,ペトログラード蜂起,ヨーロッパ
1917年３月，ペトログラードにおいて結成された，労働者と兵士の代表による評議会を何というか。,ソヴィエト,ヨーロッパ
二月革命（三月革命）によって退位に追い込まれた，ロマノフ朝最後の皇帝は誰か。,ニコライ２世,ヨーロッパ
二月革命後に成立した臨時政府に参加した有力政党で，ナロードニキの流れをくむ政党は何か。,エスエル（社会主義者・革命家党）,ヨーロッパ
エスエルの有力者で，臨時政府の首相を務めた人物は誰か。,ケレンスキー,ヨーロッパ
ボリシェヴィキの指導者で，二月革命が起こると亡命先のスイスから帰国した人物は誰か。,レーニン,ヨーロッパ
レーニンが発表した，ボリシェヴィキの基本方針を何というか。,四月テーゼ,ヨーロッパ
ボリシェヴィキ武装蜂起によって，ブルジョワ支配の臨時政府を打倒した革命を何というか。,十月革命（十一月革命）,ヨーロッパ
十月革命の最中に開かれた，ソヴィエトの全国大会を何というか。,全ロシア=ソヴィエト会議,ヨーロッパ
新政権が発表した外交政策で，無併合・無賠償・民族自決を訴えたものを何というか。,「平和に関する布告」,ヨーロッパ
新政権によって発表された国内政策で，生産手段の公有化を目指したものを何というか。,「土地に関する布告」,ヨーロッパ
1918年，ドイツとロシアとの間で調印された講和条約は何か。,ブレスト＝リトフスク条約,ヨーロッパ
ボリシェヴィキの指導者の一人で，新政権で初代外務人民委員を務めた人物は誰か。,トロツキー,ヨーロッパ
トロツキーが提唱した共産主義運動の理論を何というか。,世界革命論,ヨーロッパ
1918年の第７回党大会で，ボリシェヴィキは何と改称されたか。,ロシア共産党,ヨーロッパ
ソヴィエト政権の軍隊のことを何というか。,赤軍,ヨーロッパ
革命によって成立したソヴィエト政権を打倒するために，連合国がおこなった戦いを何というか。,対ソ干渉戦争,ヨーロッパ
1919年，世界各地の共産党など左派勢力がモスクワに集まり，結成された組織を何というか。,コミンテルン（第３インターナショナル）,ヨーロッパ
1918～21年，内戦や諸外国の干渉に対抗するため，食料配給制や穀物の強制徴発を行った経済政策を何というか。,戦時共産主義,ヨーロッパ
1921～28年，低下した農民の労働意欲や生産力を回復するために行われた経済政策を何というか。,新経済政策（ネップ）,ヨーロッパ
反革命的動きの摘発や取り締まりのために設置された全ロシア非常委員会の略称は何か。,チェカ,ヨーロッパ
ソヴィエト政権に反対する地主・貴族らによって結成された軍隊を何というか。,白軍（反革命軍）,ヨーロッパ
ソヴィエト政権への干渉を目的に，チェコ兵救出を名目として日本軍を中心にアメリカや中国などによって行われた軍事行動は何か。,シベリア出兵,ヨーロッパ
ポーランドが，領土拡大を目的にソ連に侵入して起こした戦争を何というか。,ソヴィエト＝ポーランド戦争,ヨーロッパ
1922年，ソヴィエト政権とドイツとの間で結ばれたもので，両国の国交回復を規定した条約を何というか。,ラパロ条約,ヨーロッパ
第一次世界大戦後，英・仏・米など連合国が，独・墺など同盟国に対する講和条件を討議した会議を何というか。,パリ講和会議,ヨーロッパ
パリ講和会議で十四カ条をもとに秘密外交の廃止や民族自決の一部承認など理想主義を主張したアメリカ大統領は誰か。,ウィルソン,ヨーロッパ
パリ講和会議で厳しい対独制裁を主張したフランス首相は誰か。,クレマンソー,ヨーロッパ
パリ講和会議でフランスとアメリカの仲介役を果たしたイギリス首相は誰か。,ロイド＝ジョージ,ヨーロッパ
パリ講和会議でドイツに関する部分をまとめたもので，ドイツの軍備制限や賠償などを決めた条約を何というか。,ヴェルサイユ条約,ヨーロッパ
ヴェルサイユ条約でフランスに割譲された土地はどこか。,アルザス・ロレーヌ,ヨーロッパ
戦勝国とオーストリアとの間で締結された講和条約で，オーストリア＝ハンガリー帝国の解体を確認したものを何というか。,サン＝ジェルマン条約,ヨーロッパ
1918年，オーストリアから独立を宣言して初代大統領にマサリクが就任し，サン＝ジェルマン条約で承認された国はどこか。,チェコスロヴァキア,ヨーロッパ
第一次世界大戦後独立を果たしたセルブ＝クロアート＝スロヴェーン王国が，クーデタにより改組・改称され何となったか。,ユーゴスラヴィア,ヨーロッパ
敗戦国であるドイツの植民地やオスマン帝国領の大半は，第一次世界大戦後どのような方式で統治されたか。,委任統治,ヨーロッパ
十四カ条に基づき設立された史上初の国際安全保障機構で，国際協調主義の中心を担ったものは何か。,国際連盟,ヨーロッパ
1921～22年，第一次世界大戦後のアジア太平洋地域における国際秩序を形成するもととなった会議を何というか。,ワシントン会議,ヨーロッパ
1922年，軍拡競争の歯止めのため，主力艦の保有比率を定めた条約を何というか。,ワシントン海軍軍備制限条約,ヨーロッパ
米・英・日・仏・伊・中などの国々が，中国の主権・独立尊重，領土保全，機会均等，門戸開放などを約束した条約を何というか。,九カ国条約,ヨーロッパ
米・英・日・仏が，太平洋地域の領土と権益を相互承認した条約を何というか。,四カ国条約,ヨーロッパ
四カ国条約で解消された日本とヨーロッパの国との同盟は何か。,日英同盟,ヨーロッパ
1925年に調印された西ヨーロッパの安全保障条約で，ドイツの国際連盟加入を実施の条件とした条約を何というか。,ロカルノ条約,ヨーロッパ
「国際紛争の解決は武力によらない」ということを掲げ，1928年パリで調印された条約を何というか。,不戦条約,ヨーロッパ
不戦条約の成立に尽力したアメリカ合衆国の国務長官は誰か。,ケロッグ,ヨーロッパ
不戦条約の成立に尽力したフランスの外務大臣は誰か。,ブリアン,ヨーロッパ
講和条約により，非武装とされたドイツの地域はどこか。,ラインラント,ヨーロッパ
1919年，連合国とブルガリアとの間で締結された講和条約は何か。,ヌイイ条約,ヨーロッパ
1920年，連合国とハンガリーとの間で締結された講和条約は何か。,トリアノン条約,ヨーロッパ
1920年，連合国とオスマン帝国との間で締結された講和条約は何か。,セーヴル条約,ヨーロッパ
国際連盟の本部が置かれた都市はどこか。,ジュネーヴ,ヨーロッパ
発足当初の国際連盟の常任理事国は，フランス・イタリア・日本とどこか。,イギリス,ヨーロッパ
提唱国でありながら，国際連盟不参加であった国はどこか。,アメリカ,ヨーロッパ
1930年，英・米・日の補助艦保有比率を規定した会議を何というか。,ロンドン（軍縮）会議,ヨーロッパ
1919年，イギリスから独立を宣言し，1922年にはイギリスからも自治領として認められた国はどこか。,アイルランド自由国,ヨーロッパ
アイルランドが，1937年にイギリス連邦から離脱し完全な独立国を目指して改称した国名を何というか。,エール,ヨーロッパ
第一次世界大戦中反戦を主張し，労働党内閣，挙国一致内閣で首相となった人物は誰か。,マクドナルド,ヨーロッパ
19世紀末に成立したドイツの社会主義政党で，第一次世界大戦がおこると戦争推進の立場に転じた政党は何か。,社会民主党,ヨーロッパ
カール＝リープクネヒトら社会民主党の左派を中心に結成された急進的革命組織を何というか。,スパルタクス団,ヨーロッパ
カール＝リープクネヒトとともにスパルタクス団の組織を指導した女性革命家は誰か。,ローザ＝ルクセンブルク,ヨーロッパ
1919年に制定された当時もっとも民主的といわれたドイツ共和国憲法を何というか。,ヴァイマル憲法,ヨーロッパ
ヴァイマル共和国の初代大統領は誰か。,エーベルト,ヨーロッパ
1923～25年，ドイツの賠償支払い遅延を口実に，フランスとベルギーが行った軍事行動を何というか。,ルール占領,ヨーロッパ
1923年，インフレーションを収拾するために発行された紙幣を何というか。,レンテンマルク,ヨーロッパ
1924年に成立した，アメリカ資本の貸与と，賠償の支払い方法と期限の緩和を内容とするドイツ経済再建案を何というか。,ドーズ案,ヨーロッパ
第一次世界大戦後，イタリアやドイツにあらわれた議会制民主主義を否定する独裁政治を何というか。,ファシズム,ヨーロッパ
第一次世界大戦後，イタリアで独裁を行ったのは誰か。,ムッソリーニ,ヨーロッパ
ムッソリーニが，暴力的右派組織をまとめて創設した政党を何というか。,ファシスト党,ヨーロッパ
ムッソリーニが，政権奪取のために行ったクーデタを何というか。,ローマ進軍,ヨーロッパ
レーニンの死後，一国社会主義論を主張し，対立するトロツキーらを失脚させてソ連の実権を握ったのは誰か。,スターリン,ヨーロッパ
ソ連において，新経済政策（ネップ）による生産力の回復後，1928年からはじまった本格的な社会主義計画経済を何というか。,第１次五カ年計画,ヨーロッパ
農業の集団化のためにつくられたソ連の集団農場を何というか。,コルホーズ,ヨーロッパ
モンロー主義の延長にあるアメリカ合衆国の外交主張で，ヨーロッパによるアメリカへの不干渉・不介入を主張したものを何というか。,孤立主義,ヨーロッパ
海外からアメリカへの人の流入を抑制するために設けられた，アメリカの排外的法律を何というか。,移民法,ヨーロッパ
イギリスやアメリカなどにおいて，第一次世界大戦で重要な役割を担った女性が戦後に獲得した権利は何か。,参政権,ヨーロッパ
ドイツの政治家で，1923年大連合内閣首相となり，通貨安定とドイツ経済の再建に尽力した人物は誰か。,シュトレーゼマン,ヨーロッパ
1929年に成立したドイツの新賠償方式で，賠償総額を約358億金マルクとし，支払い期間を59年間に緩和する内容のものは何か。,ヤング案,ヨーロッパ
1870年のローマ教皇領併合以来断絶していた，ローマ教皇庁とイタリア政府が和解した条約を何というか。,ラテラノ条約,ヨーロッパ
山東の旧ドイツ権益の譲渡などを求め，1915年日本の大隈内閣が中国の袁世凱政府に提出したものは何か。,二十一カ条の要求,東アジア
中国における新文化運動や民族的運動などの中心となった大学はどこか。,北京大学,東アジア
中華民国初期の思想家で，雑誌『新青年』を創刊し，1921年にはコミンテルンの支援で中国共産党を創設した人物は誰か。,陳独秀,東アジア
旧来の難解な文語による文学を否定し，口語により文学を表現しようとする運動を何というか。,白話（白話文学）運動,東アジア
1917年，北京大学教授となり，実用主義の立場から儒教思想を批判し，白話運動の提唱者でもある人物は誰か。,胡適,東アジア
北京大学教授を務めたマルクス主義思想家で，民族運動の理論的指導者ともなった人物は誰か。,李大釗,東アジア
『狂人日記』や『阿Ｑ正伝』を著した中華民国初期の文学者は誰か。,魯迅,東アジア
1910年に設立された日本の朝鮮支配の最高機関を何というか。,朝鮮総督府,東アジア
1919年，朝鮮民衆が日本からの独立を求めて起こした運動は何か。,三・一独立運動（万歳事件）,東アジア
1919年，パリ講和会議で二十一カ条の要求廃棄が拒否されたことを契機に北京で始まった，中国の民族運動を何というか。,五・四運動,東アジア
1914年に孫文が組織した中華革命党を，五・四運動を機に改称し大衆政党となった政党は何か。,中国国民党,東アジア
1924～27年，「連ソ・容共・扶助工農」を掲げた中国国民党と，中国共産党との間に成立した協力体制を何というか。,第１次国共合作,東アジア
1925年，上海の日本人経営の工場ストライキから始まった反帝国主義運動を何というか。,五・三〇運動,東アジア
1925年，中国国民党が政府を成立させた中国南部の都市はどこか。,広州,東アジア
1925年の孫文の死後頭角を表し，国民革命軍の総司令ともなった中国国民党の指導者は誰か。,蔣介石,東アジア
1926～28年国民革命軍が，北方の軍閥を倒して中国の統一を目指した戦いを何というか。,北伐,東アジア
上海を中心に，中国経済界を支配した中国の資本家の一団を何というか。,浙江財閥,東アジア
1927年，蔣介石が，帝国主義諸国や資本家の支援を受けて，上海で起こした反共クーデタを何というか。,上海クーデタ,東アジア
1927年４月，蔣介石が成立させた政府を何というか。,南京国民政府,東アジア
東北軍閥奉天派の首領で，1928年に日本軍に爆殺されたのは誰か。,張作霖,東アジア
中国の新文化運動の一環で，雑誌『新青年』を舞台に，胡適・陳独秀らの活躍で広まった動きを何というか。,文学革命,東アジア
1924年，ソ連に次ぐ第２の社会主義国として成立した国はどこか。,モンゴル人民共和国,東アジア
スヘ＝バートルやチョイバルサンらが結成したモンゴルの社会主義政党を何というか。,モンゴル人民革命党,東アジア
韓国併合後，憲兵や軍隊などを使って日本が行った力による韓国支配を何というか。,武断政治,東アジア
1918年8月～22年，日本の寺内内閣・原内閣により行われたソヴィエト干渉戦争を何というか。,シベリア出兵,東アジア
1925年，日本で発布された労働運動・民主化運動弾圧のための法規を何というか。,治安維持法,東アジア
張作霖の長男で，父の死後東北の実権を握り，日本に対抗したのは誰か。,張学良,東アジア
1919年，イギリス支配下のインド政庁が発布したインド人に対する弾圧法を何というか。,ローラット法,南アジア
当初，インド人の不満をそらすためにイギリスが結成させた政治結社で，のちイギリスと対立し独立運動の中心になったのは何か。,国民会議派,南アジア
インド独立運動の先頭に立った「インド独立の父」は誰か。,ガンディー,南アジア
ガンディーのとった闘争方式を何というか。,非暴力の「非協力運動」（非暴力・不服従運動）,南アジア
1929年，国民会議派の大会で決議された「完全なる独立」を意味する言葉は何か。,プールナ＝スワラージ,南アジア
1920年代後半から，国民会議派の議長として反英闘争を指導したのは誰か。,ネルー,南アジア
1935年にイギリスが制定したもので，インド人の不満をそらすために，各州の自治などが盛り込まれた法律は何か。,1935年インド統治法,南アジア
もとは「われらビルマ人協会」と称し，ビルマ独立運動を指導した政党は何か。,タキン党,東南アジア
インドネシア独立運動を推進し，1926～27年の反乱後に厳しい弾圧を受けてほぼ壊滅した政党は何か。,インドネシア共産党,東南アジア
インドネシア国民党を創建した独立運動の指導者は誰か。,スカルノ,東南アジア
インドシナ民族運動の中心を担い，労働者・農民に支持された政党は何か。,インドシナ共産党（ベトナム共産党）,東南アジア
インドシナ共産党の指導者であるベトナムの革命家は誰か。,ホー＝チ＝ミン,東南アジア
侵入してきたギリシア軍を撃退し亡国の危機を救うとともに，1919～23年トルコ革命を推進したトルコの軍人は誰か。,ムスタファ＝ケマル,西アジア・北アフリカ
1923年に締結された，トルコ新政権と連合国の新しい講和条約を何というか。,ローザンヌ条約,西アジア・北アフリカ
新たにトルコ共和国の首都とされたのはどこか。,アンカラ,西アジア・北アフリカ
「代表」を意味し，独立運動を指導したエジプトの民族主義政党は何か。,ワフド党,西アジア・北アフリカ
イギリスが掌握していた権限で，エジプトに対する政治的・軍事的支配の基礎となったものは何か。,スエズ運河地帯駐屯権,西アジア・北アフリカ
1917年，イギリスが，ユダヤ人の支持を得るためにユダヤ人国家の建設支持を表明した宣言を何というか。,バルフォア宣言,西アジア・北アフリカ
1932年，イブン＝サウードがアラビア半島の大半を統一して建てた国を何というか。,サウジアラビア王国,西アジア・北アフリカ
クーデタによって実権を握り，ガージャール朝に代わってパフレヴィー朝を建てたのは誰か。,レザー＝ハーン,西アジア・北アフリカ
塩の専売制に反対してガンディーらが行った行動を何というか。,塩の行進,南アジア
インドの人々の不満をそらし，独立運動を押さえるために，イギリスがインドの指導者をロンドンに招いて開催した会議を何というか。,英印円卓会議,南アジア
1922年，ムスタファ＝ケマルによって廃止が宣言されたオスマン帝国の皇帝位を何というか。,スルタン,西アジア・北アフリカ
トルコの新政権が政教分離を徹底するために行ったことは何か。,カリフ制廃止,西アジア・北アフリカ
19世紀末からはじまった，パレスチナにユダヤ人国家を建設しようとする考え方を何というか。,シオニズム,西アジア・北アフリカ
1915年イギリスが，旧オスマン帝国領にアラブ人国家の建設を認めた協定を何というか。,フセイン（フサイン）・マクマホン協定,西アジア・北アフリカ
イギリスの委任統治領とされ，1921年に王国が成立し，1932年独立が承認された国はどこか。,イラク,西アジア・北アフリカ
イギリスの保護国であったが，1919年独立を宣言し，戦争を経て独立が承認された中央アジアの国はどこか。,アフガニスタン,西アジア・北アフリカ
1929年，世界恐慌の引き金となった株価の大暴落が起こったのはどこの株式市場か。,ニューヨーク株式市場,南北アメリカ
世界恐慌が始まった当時のアメリカ大統領は誰か。,フーヴァー,南北アメリカ
1931年アメリカ大統領が，ドイツ経済救済のために出した戦債・賠償支払い猶予令を何というか。,フーヴァー＝モラトリアム,南北アメリカ
フーヴァーにかわって就任し，恐慌対策を行った民主党出身の大統領は誰か。,フランクリン＝ローズヴェルト,南北アメリカ
フランクリン＝ローズヴェルトが行った一連の恐慌克服策を何というか。,ニューディール,南北アメリカ
アメリカの恐慌克服策の一環として制定されたもので，農産物価格の安定をはかるための法律を何というか。,農業調整法（AAA）,南北アメリカ
アメリカの恐慌克服策の一環として制定されたもので，生産の規制・適正な利潤の確保・労働者の保護などを内容とする法律を何というか。,全国産業復興法（NIRA）,南北アメリカ
1933年，アメリカの恐慌克服策の一環としてテネシー川流域の総合開発を目的につくられた政府機関を何というか。,テネシー川流域開発公社（TVA）,南北アメリカ
フランクリン＝ローズヴェルトが行った孤立主義・膨張主義・ドル外交を排除する外交政策を何というか。,善隣外交,ヨーロッパ
恐慌克服のために，1931年イギリスにおいて労働党出身のマクドナルド首相が，保守党・自由党と組んで組織した内閣を何というか。,マクドナルド挙国一致内閣,ヨーロッパ
世界恐慌への対策として，多くの植民地を持つイギリスやフランスなどが行った排他的経済政策を何というか。,ブロック経済,ヨーロッパ
1932年，世界恐慌への対応として，イギリス連邦内の関税を取り決め，経済ブロックを形成することになった会議を何というか。,オタワ連邦会議,ヨーロッパ
反ユダヤ・反共を掲げたドイツの右派政党を何というか。,国民社会主義ドイツ労働者党（ナチ党）,ヨーロッパ
ナチ党の党首となり，後にドイツにおいて独裁的権力を獲得した政治家は誰か。,ヒトラー,ヨーロッパ
ナチ党が第１党になったのは何年の選挙か。,1932年,ヨーロッパ
1933年ヒトラー内閣のもとで成立した，政府に立法権を委ねるという法律を何というか。,全権委任法,ヨーロッパ
1933年，ドイツの共産党が非合法化・解散に追い込まれることになった事件は何か。,国会議事堂放火事件,ヨーロッパ
1933年，国際連盟で軍備平等権の主張が否決されたドイツがとった対応はどのようなものか。,国際連盟脱退,ヨーロッパ
1933年，スターリン時代のソ連が開始した経済政策を何というか。,第２次五カ年計画,ヨーロッパ
1936年に発布されたソ連の憲法は何と呼ばれるか。,スターリン憲法,ヨーロッパ
1935年，全国産業復興法が違憲とされたのを受けて制定された，労働者の団結権や団体交渉権を認めた法律を何というか。,ワグナー法,南北アメリカ
1931年，恐慌克服のためマクドナルド内閣が停止した制度は何か。,金本位制,ヨーロッパ
1923年，ヴァイマル共和国打倒と政権獲得を目指してナチスが起こしたクーデタを何というか。,ミュンヘン一揆,ヨーロッパ
反対派を暴力で排除するため街頭での実力行使を担ったナチスの組織を何というか。,突撃隊（ＳＡ）,ヨーロッパ
ナチス幹部の警護のために設立され，後には秘密警察の役割も担った組織を何というか。,親衛隊（ＳＳ）,ヨーロッパ
1933年に，ヒトラーを首相に任命した大統領は誰か。,ヒンデンブルク,ヨーロッパ
日本の関東軍が起こした柳条湖事件に始まる侵略戦争は何か。,満洲事変,東アジア
日本の国際連盟脱退に結びついた国際連盟の紛争調査委員会を何というか。,リットン調査団,東アジア
清朝最後の皇帝溥儀を皇帝とした日本の傀儡国家を何というか。,満洲国,東アジア
1931年，瑞金を首都として成立した共産党の臨時政府を何というか。,中華ソヴィエト共和国臨時政府,東アジア
中華ソヴィエト共和国臨時政府の主席は誰か。,毛沢東,東アジア
長征途上の1935年，中国共産党が内戦の停止と抗日民族統一戦線の結成を呼びかけた宣言を何というか。,八・一宣言,東アジア
抗日を第一とする共産党に共鳴した張学良らが，対共産軍強硬姿勢の蔣介石を武力で監禁した事件を何というか。,西安事件,東アジア
日中戦争の引き金となった，1937年７月７日に起こった事件は何か。,盧溝橋事件,東アジア
1937年９月，日本に対抗するために成立した，中国国民党と中国共産党の協力関係を何というか。,第２次国共合作,東アジア
1935年ドイツがヴェルサイユ条約を破棄し，徴兵制の復活，国防費の大幅拡大を行うとした宣言を何というか。,再軍備宣言,ヨーロッパ
1936年，ヴェルサイユ条約・ロカルノ条約を破棄し，ドイツが行った軍事行動は何か。,ラインラント進駐,ヨーロッパ
1935～36年，恐慌による経済混乱から国民の目をそらすためにイタリアが行った対外的な行動は何か。,エチオピア侵攻,ヨーロッパ
1936年，国際的に孤立したドイツ・イタリア両国の間に成立した提携関係を何というか。,ベルリン＝ローマ枢軸,ヨーロッパ
1936年，反ソ・反共産主義のために日本とドイツとの間で締結され，翌年イタリアも加わった協定を何というか。,日独伊防共協定,ヨーロッパ
1935年モスクワで開催され，反ファシズムのため各国共産党が様々な勢力と協力関係を築くことが決定された会議は何か。,コミンテルン第７回大会,ヨーロッパ
1936年，フランスの左派勢力が協力し，反ファシズムの政策を掲げて成立した内閣を何というか。,人民戦線内閣,ヨーロッパ
人民戦線内閣の首相は誰か。,ブルム,ヨーロッパ
スペインの軍人で，1936年共和派政府に対する反乱を起こし，後に国家主席となって独裁的権力を握った人物は誰か。,フランコ,ヨーロッパ
フランコの反乱に始まる政府軍と反乱軍の戦いを何というか。,スペイン内戦,ヨーロッパ
スペイン内戦において，ファシズム勢力と戦うために，世界各地から集まった人々によって形成された軍を何というか。,国際義勇軍,ヨーロッパ
1936年，共産主義拡大への対処を目的に，日本とドイツが結んだ協定を何というか。,日独防共協定,ヨーロッパ
1937年12月，日本が南京占領の際に多数の中国人を殺害し，国際的非難をあびた事件を何というか。,南京事件,東アジア
国民党左派の政治家で，南京に日本の傀儡政権を樹立した人物は誰か。,汪兆銘,東アジア
1935年，住民投票によりドイツ編入が決定され，ナチス政権下最初の領土拡大の舞台となった地域はどこか。,ザール地方,ヨーロッパ
1938年３月，ドイツが併合を強行した国はどこか。,オーストリア,ヨーロッパ
1938年９月，ドイツが領土を要求したチェコスロヴァキアの地方はどこか。,ズデーテン地方,ヨーロッパ
ドイツによる領土要求問題に関する，英・独・仏・伊首脳の会談を何というか。,ミュンヘン会談,ヨーロッパ
イギリスの首相ネヴィル＝チェンバレンが，ドイツに対してとり続けた譲歩的な政策を何というか。,宥和政策,ヨーロッパ
ドイツの領土要求に乗じて，イタリアが1939年４月に併合した国はどこか。,アルバニア,ヨーロッパ
1939年，ドイツとソ連との間で締結された条約を何というか。,独ソ不可侵条約,ヨーロッパ
独ソ不可侵条約に基づき，1940年ソ連が正式に併合したのはどこか。,バルト三国,ヨーロッパ
独ソ不可侵条約締結の後，1939年9月1日にドイツが侵攻を開始した国はどこか。,ポーランド,ヨーロッパ
ソ連が領土交換を要求して拒否されたため，1939年11月に宣戦して侵攻した北欧の国はどこか。,フィンランド,ヨーロッパ
第二次世界大戦開始後，ネヴィル＝チェンバレンに代わってイギリス首相となったのは誰か。,チャーチル,ヨーロッパ
ドイツ軍によるパリ占領後，フランスに成立した親ドイツ政権を何というか。,ヴィシー政権,ヨーロッパ
第一次世界大戦の際に活躍した軍人で，親ドイツ政権の首班を務めた人物は誰か。,ペタン,ヨーロッパ
ドイツ軍によるパリ占領後，ロンドンに亡命し自由フランス政府を樹立したのは誰か。,ド＝ゴール,ヨーロッパ
ド＝ゴールの呼びかけに応じて，フランス国内で起こったドイツに対する抵抗運動を何というか。,レジスタンス,ヨーロッパ
ナチスに対して，主に東ヨーロッパ方面などで行われた，非正規の組織による遊撃戦・抵抗運動を何というか。,パルチザン,ヨーロッパ
1941年６月に始まった，ドイツとソ連の戦いを何というか。,独ソ戦,ヨーロッパ
ドイツが，政治犯や多くのユダヤ人を移送した施設を何というか。,強制収容所,ヨーロッパ
ポーランド南部に設置され，ユダヤ人絶滅政策の中心となった強制収容所はどこか。,アウシュヴィッツ,ヨーロッパ
アメリカがファシズム諸国との戦いのため，イギリスやソ連に対して武器や軍需品を提供した法律を何というか。,武器貸与法,ヨーロッパ
内戦終結後は独裁体制をとり，第二次世界大戦勃発後は参戦を回避し続けた西欧の国はどこか。,スペイン,ヨーロッパ
第二次世界大戦において，日本と連合軍の戦争を何というか。,太平洋戦争,東アジア
連合国に対し，日本・ドイツ・イタリアなどの陣営を何と呼ぶか。,枢軸国,東アジア
日本軍が，1940年９月フランスの降伏を機に北部に進駐し，さらに1941年７月に資源調達を目指して南部に進駐した地域はどこか。,フランス領インドシナ,東南アジア
1940年９月に成立した，日本・ドイツ・イタリア間の軍事同盟を何というか。,日独伊三国同盟,東アジア
1941年，日本とソ連との間で相互不可侵を決めた条約は何か。,日ソ中立条約,東アジア
日本の南方進出に対するアメリカ・イギリス・オランダの対日石油輸出禁止措置に中国を加えた状況を，日本の軍部は何と呼んだか。,ＡＢＣＤ包囲陣,東アジア
1941年12月８日に日本軍が最初に上陸し，その後占領した東南アジアの地域はどこか。,マレー半島,東アジア
1941年12月8日，日本軍によるハワイのアメリカ太平洋艦隊への奇襲攻撃を何というか。,真珠湾攻撃,東アジア
アジアの解放を名目に唱えられた，日本を盟主とする東アジア・東南アジアなどの経済・政治・軍事ブロックを何というか。,大東亜共栄圏,東アジア
朝鮮半島の人々に，日本式の氏名を強制した政策を何というか。,創氏改名,東アジア
1942年６月，日本海軍機動部隊の主力が壊滅的打撃を受け，太平洋戦線における転換点となった戦いは何か。,ミッドウェー海戦,東アジア
1942年8月～43年2月，ドイツ軍が敗退し独ソ戦の転換点となった戦いは何か。,スターリングラードの戦い,ヨーロッパ
ムッソリーニの逮捕後に成立し，1943年９月連合国に無条件降伏したイタリアの新政府を何というか。,バドリオ政府,ヨーロッパ
1944年６月に連合軍が上陸したのは北フランスのどこか。,ノルマンディー,ヨーロッパ
住民を巻き込む激しい戦闘の末，1945年６月にアメリカに占領された日本の島はどこか。,沖縄,東アジア
大西洋上会談の際に，米英両首脳によって発表されたもので，民族自決や平和機構の再建などが謳われているものは何か。,大西洋憲章,ヨーロッパ
1943年11月，ローズヴェルト，チャーチル，蔣介石が対日戦の基本方針を討議した会談は何か。,カイロ会談,ヨーロッパ
1943年11～12月，ローズヴェルト，チャーチル，スターリンが，第二戦線問題を討議し，ソ連が対日参戦を約束した会談は何か。,テヘラン会談,ヨーロッパ
1945年2月，ローズヴェルト，チャーチル，スターリンが参加し，戦後ドイツの４国管理やソ連の対日参戦を決定した会議は何か。,ヤルタ会談,ヨーロッパ
1945年7月，日本に無条件降伏を勧告した米・英・中の三国による共同宣言を何というか。,ポツダム宣言,ヨーロッパ
1945年４～６月，連合国50カ国によって開かれた会議は何か。,サンフランシスコ会議,ヨーロッパ
大西洋憲章を基礎理念として，1945年10月に発足し，その本部がニューヨークにおかれた国際平和機構を何というか。,国際連合,ヨーロッパ
常任理事国に拒否権を与えるなど最も強力な権限を持つ，国際連合の主要機関は何か。,安全保障理事会,ヨーロッパ
国際的な為替の安定のために1945年末設立された，国際連合の専門機関は何か。,国際通貨基金（IMF）,ヨーロッパ
1947年10月，自由で平等な貿易の促進を目的に，23カ国の間で調印された協定を何というか。,関税と貿易に関する一般協定（GATT）,ヨーロッパ
ティトー指導のもと，独自の社会主義路線をとり，コミンフォルムを除名された東ヨーロッパの国はどこか。,ユーゴスラヴィア,ヨーロッパ
1947年3月，ソ連に対する封じ込め政策の一環として，アメリカ大統領がギリシア・トルコへの援助を表明した宣言を何というか。,トルーマン＝ドクトリン,ヨーロッパ
1947年6月，ヨーロッパの共産主義化を防ぐために，アメリカの国務長官が提案したヨーロッパの復興計画を何というか。,マーシャル＝プラン,ヨーロッパ
アメリカの復興計画に対抗して，ソ連と東欧の国々を中心に結成された経済協力機構を何というか。,コメコン,ヨーロッパ
西ドイツ首相として，経済復興や1954年のパリ協定による主権回復などに成功し，西側諸国の一員としての立場を確立したのは誰か。,アデナウアー,ヨーロッパ
アメリカ・カナダや西欧諸国12カ国が参加して，1949年に結成された集団安全保障の軍事同盟を何というか。,北大西洋条約機構（NATO）,ヨーロッパ
西欧諸国の軍事同盟に対抗して，ソ連を中心に東欧諸国が参加して1955年に結成された軍事同盟を何というか。,ワルシャワ条約機構,ヨーロッパ
1949年10月に建国された，中華人民共和国の初代主席は誰か。,毛沢東,東アジア
1949年12月，台湾に逃れた蔣介石の政権を何というか。,中華民国政府,東アジア
抗日戦の指導者で，朝鮮民主主義人民共和国の初代首相は誰か。,金日成,東アジア
1948年８月に成立した大韓民国の初代大統領は誰か。,李承晩,東アジア
1950～53年，朝鮮民主主義人民共和国と大韓民国の間で勃発した戦争を何というか。,朝鮮戦争,東アジア
北緯38度線付近の軍事境界線における朝鮮半島南北分断を決定した協定を何というか。,朝鮮休戦協定,東アジア
1951年，社会主義国や一部のアジア諸国を除いて締結され，日本が独立を回復した平和条約を何というか。,サンフランシスコ平和条約,東アジア
1951年，日米の間で締結された防衛条約を何というか。,日米安全保障条約,東アジア
教育・科学・文化を通じて平和を促進する目的で設立された国連の専門機関は何か。,ユネスコ（国際連合教育科学文化機関，UNESCO）,ヨーロッパ
戦後復興と発展途上国開発の融資を目的に設立された国連の専門機関は何か。,国際復興開発銀行（IBRD）,ヨーロッパ
連合国が，ナチス＝ドイツの中心的指導者を裁いた裁判は何か。,ニュルンベルク国際軍事裁判所,ヨーロッパ
イギリスのチャーチル元首相は，冷戦を比喩的に何と表現したか。,「鉄のカーテン」,ヨーロッパ
1948年3月，イギリス・フランス・ベネルクス３国が結んだ条約で，後のNATOの雛形となったのは何か。,西ヨーロッパ連合条約（ブリュッセル条約）,ヨーロッパ
1950年，朝鮮戦争の勃発に際してＧＨＱの指令で発足した，自衛隊の前身の組織を何というか。,警察予備隊,東アジア
朝鮮戦争によって，アメリカ軍から日本に大量の戦争関連製品が発注されたことを何というか。,特需景気,東アジア
大戦中に日本の支配から脱した後，1946年にアメリカから独立した東南アジアの国はどこか。,フィリピン,東南アジア
日本降伏後の1945年に独立を宣言したが，その後オランダとの戦争に発展した東南アジアの国はどこか。,インドネシア,東南アジア
大戦後に独立したインドネシアの指導者は誰か。,スカルノ,東南アジア
日本占領下のフランス領インドシナにおいて，独立を目指すホー＝チ＝ミンによる抵抗組織を何というか。,ベトナム独立同盟会（ベトミン）,東南アジア
日本降伏後，1945年ホー＝チ＝ミンが独立を宣言して成立した国を何というか。,ベトナム民主共和国,東南アジア
ベトナム民主共和国とフランスとの間で，1946年勃発した戦争を何というか。,インドシナ戦争,東南アジア
ベトナム民主共和国の成立を認めないフランスが，1949年阮朝最後の王バオダイを擁立して発足させた国を何というか。,ベトナム国,東南アジア
インドシナ戦争において，1954年にフランスが大敗した戦いを何というか。,ディエンビエンフーの戦い,東南アジア
1954年に締結されたインドシナ戦争の講和条約を何というか。,ジュネーヴ休戦協定,東南アジア
講和条約で軍事境界線とされたのは，北緯何度か。,北緯17度,東南アジア
共産主義化を防ぐ目的でアメリカが支援し，ゴ＝ディン＝ジエムを首班として1955年にベトナム南部に樹立された国を何というか。,ベトナム共和国,東南アジア
日本降伏後にフランス領に復帰し，その後1953年に完全独立を果たした東南アジアの国はどこか。,カンボジア,東南アジア
カンボジアの国王で中立政策を促進したのは誰か。,シハヌーク,東南アジア
パキスタンの分離・独立を目指す全インド＝ムスリム連盟の指導者は誰か。,ジンナー,南アジア
インドの分離・独立後，ヒンドゥー・イスラーム両教徒の対立の中，1948年に暗殺された指導者は誰か。,ガンディー,南アジア
インドの初代首相として諸国との関係を構築し，国内では社会の近代化を推進したのは誰か。,ネルー,南アジア
第二次世界大戦後にアラブ民族主義が高まる中，アラブの独立と連帯を目指す地域機構を何というか。,アラブ連盟,西アジア・北アフリカ
1948年，イスラエル建国をきっかけとして勃発した，イスラエルとアラブ諸国との戦争を何というか。,第１次中東戦争,西アジア・北アフリカ
イランにおいて，イギリス系企業が独占してきた石油産業を1951年に国有化したのは誰か。,モサッデグ,西アジア・北アフリカ
1953年に米英と結び，モサッデグを失脚させたイラン国王は誰か。,パフレヴィー２世,西アジア・北アフリカ
アウン＝サンらの抵抗で日本に勝利したものの，大戦後イギリス領に戻り，1948年に独立を果たした東南アジアの国はどこか。,ミャンマー（ビルマ）,東南アジア
太平洋戦争初期から日本軍が占領し，戦後イギリス領に復帰した後，1957年に独立した国を何というか。,マラヤ連邦,東南アジア
1948年にイギリス連邦内の自治領として独立し，1960年には世界初の女性首相を輩出したインド南方の島国はどこか。,スリランカ,南アジア
1947年，パレスチナ地域をアラブ人国家とユダヤ人国家に分ける国連の決議を何というか。,国連パレスチナ分割決議,西アジア・北アフリカ
アラブ人とユダヤ人の対立からアラブ諸国とイスラエルの戦争が繰り返され，多くの犠牲者や難民が発生する問題を何というか。,パレスチナ問題,西アジア・北アフリカ
1948年，パン＝アメリカ会議で成立したアメリカ大陸における協力組織を何というか。,米州機構（OAS）,南北アメリカ
1951年，アメリカ・オーストラリア・ニュージーランドの３カ国で締結された安全保障条約を何というか。,太平洋安全保障条約（ANZUS）,
1954年，アメリカ・英・仏・豪・ニュージーランド・フィリピン・タイ・パキスタンの８カ国で結ばれた反共軍事同盟を何というか。,東南アジア条約機構（SEATO）,東南アジア
1955年，トルコ・イラク相互防衛条約にイギリス・イラン・パキスタンが参加して成立した反共軍事同盟を何というか。,バグダード（中東）条約機構（METO）,西アジア・北アフリカ
当初アメリカが独占し，その後ソ連やイギリスなども開発した大量破壊兵器を何というか。,核兵器,
反共主義が高まる1950年代のアメリカにおいて，共産主義者などを攻撃する動きを何というか。,赤狩り,南北アメリカ
第二次世界大戦中は司令官として活躍し，戦後1953年に朝鮮戦争の解決を公約にアメリカの大統領に当選したのは誰か。,アイゼンハワー,南北アメリカ
フランス・西ドイツ・ベネルクス３国・イタリアで結成した石炭・鉄鋼の共同運営機関を何というか。,ヨーロッパ石炭鉄鋼共同体（ECSC）,ヨーロッパ
ヨーロッパにおける原子力資源の統合・管理のため，1958年に発足した機関を何というか。,ヨーロッパ原子力共同体（EURATOM）,ヨーロッパ
1957年，ヨーロッパ石炭鉄鋼共同体をもとに発展させ，すべての分野で経済統合を行った機関を何というか。,ヨーロッパ経済共同体（EEC）,ヨーロッパ
1967年７月，政治面での統合も視野に入れて発足したヨーロッパの機関は何か。,ヨーロッパ共同体（EC）,ヨーロッパ
1958年にフランス大統領となり，第五共和政を始めたのは誰か。,ド＝ゴール,ヨーロッパ
1960年代の日本の急速な経済成長を何というか。,高度経済成長,東アジア
1965年，日本と韓国の国交を正常化した条約を何というか。,日韓基本条約,東アジア
スターリンの死後，党第一書記となり，ソ連共産党第20回大会でスターリン批判をおこなった人物は誰か。,フルシチョフ,ヨーロッパ
ソ連共産党第20回大会で発表された考え方で，中ソ対立激化の原因となったのは何か。,平和共存,ヨーロッパ
1956年，ソ連と日本の国交を回復した条約を何というか。,日ソ共同宣言,ヨーロッパ
1956年６月，ポーランドのポズナニで，生活苦や抑圧への不満を高めた労働者・学生が，軍や警察と衝突した事件を何というか。,ポーランド事件,ヨーロッパ
1956年10月，ブダペストで社会主義体制とソ連からの離脱を求めて民衆が蜂起し，ソ連軍が介入して鎮圧した事件を何というか。,ハンガリー事件,ヨーロッパ
1961年，東西ベルリンの交通を遮断した建造物を何というか。,ベルリンの壁,ヨーロッパ
1954年，ビキニ環礁においてアメリカの水爆実験によって日本の漁船が被爆し，乗組員に被害が出た事件を何というか。,第五福竜丸事件,
1957年，ラッセル＝アインシュタイン宣言に基づき開催された科学と国際問題に関する会議を何というか。,パグウォッシュ会議,
アメリカにおける，政府や軍部と軍需産業が癒着した連合体を何と表現するか。,軍産複合体,
ヨーロッパの地域統合に反発したイギリスが，1960年北欧諸国やオーストリア・スイスなどと共に結成した共同市場を何というか。,ヨーロッパ自由貿易連合（EFTA）,ヨーロッパ
1962年7月，ド＝ゴール政権のフランスが独立を認めた北アフリカの植民地はどこか。,アルジェリア,アフリカ
日本において，1955年に保守政党が合同して成立し，その後は長期にわたり単独で政権を担うことになった政党を何というか。,自由民主党,東アジア
1956年，日本とソ連が国交を回復したことにより，日本が国際社会において実現したことは何か。,国際連合加盟,東アジア
1954年，ネルー・周恩来会談で出された外交上の原則は何か。,平和五原則,東アジア
1955年，インドネシアのバンドンで行われた史上初のアジア・アフリカ諸国の首脳会議は何か。,アジア・アフリカ会議（バンドン会議）,東南アジア
アジア・アフリカ諸国の首脳会議で採択された，平和共存や反植民地主義などを含む宣言を何というか。,平和十原則,東南アジア
1961年ユーゴスラヴィアなどが主導してベオグラードで開催され，平和共存や植民地主義打破を掲げた会議を何というか。,第１回非同盟諸国首脳会議,ヨーロッパ
自由将校団を組織してエジプト革命を起こし，1956年にエジプトの大統領となったのは誰か。,ナセル,西アジア・北アフリカ
1952年，ナイル川上流に建設が計画された巨大ダムは何か。,アスワン＝ハイダム,西アジア・北アフリカ
巨大ダムの建設資金をアメリカが凍結したのに対抗して，エジプトが国有化を宣言したものは何か。,スエズ運河,西アジア・北アフリカ
エジプトによるアスワン＝ハイダムの国有化宣言に対して，英・仏・イスラエルが協力してエジプトを攻撃した戦争を何というか。,第２次中東戦争,西アジア・北アフリカ
1957年3月，エンクルマ（ンクルマ）の指導で，サハラ以南において初めて自力独立の黒人共和国となった国はどこか。,ガーナ,アフリカ
アフリカにおいて，17カ国が独立した1960年は何と呼ばれるか。,「アフリカの年」,アフリカ
アフリカの諸問題討議のため，1963年に結成された機構は何か。,アフリカ統一機構（OAU）,アフリカ
1960年，独立後のコンゴに対し，鉱物資源の権益を狙い旧宗主国のベルギーが干渉して起こった内乱を何というか。,コンゴ動乱,アフリカ
先進国と開発途上国の南北問題の是正を目指して結成された，国連の機関を何というか。,国連貿易開発会議（UNCTAD）,ヨーロッパ
アルゼンチンにおいて，外国資本の国有化など民族主義的な社会改革を行い，反米的な立場をとった大統領は誰か。,ペロン,南北アメリカ
1959年1月のキューバ革命で親米の独裁政権を打倒し，首相になったのは誰か。,カストロ,南北アメリカ
1962年，ソ連のミサイル基地建設問題を契機に，米ソ間の対立が深まり核戦争の危機に直面した事件を何というか。,キューバ危機,南北アメリカ
キューバ危機の時のアメリカ大統領は誰か。,ケネディ,南北アメリカ
1963年，地下を除く大気圏内，宇宙空間，水中における核実験を禁止した条約を何というか。,部分的核実験禁止条約,南北アメリカ
1968年，62カ国により締結された五大国以外の核兵器を禁止した条約を何というか。,核拡散防止条約（NPT）,南北アメリカ
1969年から始まった，米ソ間の核兵器軍縮の交渉を何というか。,第１次戦略兵器制限交渉（SALTⅠ）,南北アメリカ
米ソの東西陣営に対し，台頭してきたアジア・アフリカ・ラテンアメリカ諸国のことは何と呼ばれるようになったか。,第三世界,
アルジェリア戦争で，フランスと戦ったアルジェリアの武装組織を何というか。,民族解放戦線（FNL）,アフリカ
植民地支配時代，輸出を目的として種類が限定された農作物栽培や原料生産に偏った経済を何というか。,モノカルチャー経済,
キューバにおいて，アメリカ資本と結びついた親米独裁政権を何というか。,バティスタ政権,南北アメリカ
アメリカが支援して樹立されたベトナム共和国の大統領で，独裁を強めていったのは誰か。,ゴ＝ディン＝ジエム,東南アジア
1960年，南ベトナムの解放を目指すために結成された，様々な勢力からなる組織を何というか。,南ベトナム解放民族戦線,東南アジア
南ベトナム解放民族戦線を支援した北ベトナムの国名を答えよ。,ベトナム民主共和国,東南アジア
1965年，北ベトナムによる南ベトナム解放民族戦線への支援を絶つことを名目にアメリカが行った軍事行動を何というか。,北爆,東南アジア
1973年，ベトナム戦争の停戦やアメリカ軍の撤退を取り決めた協定を何というか。,ベトナム（パリ）和平協定,東南アジア
ベトナム戦争終結後，ハノイを首都に成立した国家を何というか。,ベトナム社会主義共和国,東南アジア
沖縄の米軍基地がベトナム戦争に利用されていたことへの批判をきっかけに，1972年に実現した領土変更は何か。,沖縄返還,東アジア
カンボジアにおいて，親米右派勢力に対し，ポル＝ポト率いる赤色クメールなどが勝利して成立した国家を何というか。,民主カンプチア（民主カンボジア）,東南アジア
中国の支援を受けたポル＝ポト政権に対し，1978年末に軍事介入して政権転覆を狙った国はどこか。,ベトナム,東南アジア
ベトナムによるカンボジアへの軍事介入をきっかけに，1979年２月に起こった国境紛争を何というか。,中越戦争,東南アジア
民主党出身でニューフロンティア政策を打ち出し，カトリック教徒として初めてアメリカ大統領に就任したのは誰か。,ケネディ,南北アメリカ
アメリカにおいて，アフリカ系住民を中心に人種差別撤廃を求める運動を何というか。,公民権運動,南北アメリカ
アフリカ系住民に対する人種差別の撤廃運動の指導者として活躍し，のち暗殺された人物は誰か。,キング牧師,南北アメリカ
1964年の選挙権や施設での人種差別禁止を定めた法律は何か。,公民権法,南北アメリカ
「偉大な社会」をスローガンとして1963年アメリカ大統領に就任し，ベトナム戦争にも介入を強めたのは誰か。,ジョンソン,南北アメリカ
1972年，関係正常化を目指して訪中したアメリカ大統領は誰か。,ニクソン,南北アメリカ
大統領再選を目指すニクソンの陣営が民主党本部を盗聴しようとし，辞任するきっかけとなった事件を何というか。,ウォーターゲート事件,南北アメリカ
フルシチョフ解任後，ソ連共産党第一書記として共産党体制を強化し，チェコスロヴァキアの民主化を阻止するなどした人物は誰か。,ブレジネフ,ヨーロッパ
1968年１月チェコスロヴァキアで起こった，民主化や自由化を求める市民運動は何と呼ばれるか。,「プラハの春」,ヨーロッパ
西ドイツの首相として，ソ連や東欧諸国との関係改善を目指す東方外交を展開したのは誰か。,ブラント,ヨーロッパ
チェコスロヴァキアの民主化を求める運動の中，共産党第一書記に就任し自由化を推進したのは誰か。,ドプチェク,ヨーロッパ
緊張緩和の中の1972年末，ベルリンの現状維持を受け東西ドイツが相互に行ったことは何か。,東西ドイツの相互承認,ヨーロッパ
東西ドイツの相互承認の結果生じた，両国の国際的立場の変化を答えよ。,国際連合加盟,ヨーロッパ
スペインにおいて，フランコの死後後継者に指名され，民主化を進め立憲君主政とした人物は誰か。,フアン＝カルロス１世,ヨーロッパ
毛沢東が主導して急激な社会主義建設を目指した結果，多くの餓死者を出すなどして失敗した運動を何というか。,大躍進,東アジア
大躍進を推進するため，主に農村で組織されたのは何か。,人民公社,東アジア
ソ連のフルシチョフがスターリン批判とともに表明し，その後の中ソ対立の論点となった政策を何というか。,平和共存,東アジア
1966～70年代初頭，文化・思想面での闘争として展開された中国の権力闘争を何というか。,プロレタリア文化大革命,東アジア
1959年，毛沢東にかわって中国の国家主席に就任したが，実権派の最高指導者として徹底批判された人物は誰か。,劉少奇,東アジア
プロレタリア文化大革命の終了後，経済建設を重視する方針に転換し，農業・工業・国防・科学技術の近代化を推進することを何というか。,「四つの現代化」,東アジア
1972年，首脳の訪問で中国が関係正常化に合意した国はどこか。,日本,東アジア
1972年に日本が中国と国交を正常化した後，1978年に両国間で締結した条約を何というか。,日中平和友好条約,東アジア
1971年，中華人民共和国と台湾の中華民国との間で変更になった国際上の地位は何か。,国連代表権の交代,東アジア
1961年のクーデタで政権掌握後，韓国の大統領として日韓の国交正常化や「漢江の奇跡」と呼ばれる経済成長を実現したのは誰か。,朴正熙,東アジア
インドネシア独立後，国内の共産党と協力し中国との関係も強めたが，九・三〇事件で失脚した大統領は誰か。,スカルノ,東南アジア
1965年，九・三〇事件後にインドネシアの実権を握ったのは誰か。,スハルト,東南アジア
1963年，マラヤ連邦がシンガポールやイギリス領のボルネオ北部などと合体して成立した国を何というか。,マレーシア,東南アジア
フィリピンにおいて独裁により農業開発やインフラ整備を進めたが，汚職が蔓延し革命によって失脚したのは誰か。,マルコス,東南アジア
1965年，中国系住民を中心にマレーシアから独立した国はどこか。,シンガポール,東南アジア
1967年インドネシア・タイなど５カ国で結成し，反共同盟の性格もあったが，後に地域の自立を目指す協力機構となったものは何か。,東南アジア諸国連合（ASEAN）,東南アジア
インド・パキスタン間で帰属を巡り争っている地域はどこか。,カシミール地方,南アジア
1971年，インドに支援された東パキスタンが独立して成立した国を何というか。,バングラデシュ,南アジア
チリで，1970年に成立し，農地改革や産業国有化を目指した左翼連合政権の首班は誰か。,アジェンデ,南北アメリカ
チリの左翼連合政権をクーデタによって倒し，経済や貿易の自由化を促進する一方で1990年まで軍部独裁をしいたのは誰か。,ピノチェト,南北アメリカ
1959年，社会主義化や中国化の強制に対し，反中国運動がおこったのはどこか。,チベット,東アジア
プロレタリア文化大革命において，大衆運動のため若い世代を中心に動員された組織を何というか。,紅衛兵,東アジア
1972年，中国を訪問して両国の国交正常化を達成した日本の内閣総理大臣は誰か。,田中角栄,東アジア
1960年代頃から韓国やインドネシアなどで見られた，政治運動や社会運動を強権的に抑圧しつつ工業化を押し進める体制を何というか。,開発独裁,東アジア
韓国大統領暗殺後の1980年，民主化運動が起こったものの軍部によって弾圧された事件を何というか。,光州事件,東アジア
マレーシアから分離独立したシンガポールを経済発展に導いた首相は誰か。,リー=クアンユー,東南アジア
第二次世界大戦後，ドルを基軸通貨としてアメリカが世界経済を支えてきた国際経済体制を何というか。,ブレトン＝ウッズ国際経済体制,
1971年，アメリカのニクソン大統領による金とドルとの交換停止の発表で，ドルの価値が急激に下落したことを何というか。,ドル＝ショック,南北アメリカ
石油輸出国機構の中のアラブ諸国が結成した協議機関を何というか。,アラブ石油輸出国機構（OAPEC）,西アジア・北アフリカ
第４次中東戦争の際，石油輸出国機構による原油価格の大幅引き上げ等が，先進工業国の経済に打撃を与えた出来事を何というか。,第１次石油危機,西アジア・北アフリカ
経済の減速などを背景に，経済・金融・エネルギーなどの諸問題に対応するため1975年以降毎年開催されている会議を何というか。,サミット,ヨーロッパ
1977年にアメリカ大統領に就任して「人権外交」を展開し，パナマ運河返還の条約成立や中東和平合意の仲介を行ったのは誰か。,カーター,南北アメリカ
ホメイニが指導してイスラーム共和国が成立し，その結果第２次石油危機となるきっかけとなったイスラーム革命を何というか。,イラン革命,西アジア・北アフリカ
1970年代以降，急速に経済成長を遂げた韓国・香港・シンガポール・ブラジルなどの国や地域を何と呼ぶか。,新興工業経済地域（NIES）,
1986年に爆発事故を起こしたソ連の原子力発電所を何というか。,チェルノブイリ原子力発電所,ヨーロッパ
アラブ民族国家の樹立と社会主義の実現を主張するバース党の実権を掌握し，1979年にイラクの大統領に就任した人物は誰か。,サダム＝フセイン,西アジア・北アフリカ
1980年，サダム＝フセインがイランとの間に起こした戦争を何というか。,イラン＝イラク戦争,西アジア・北アフリカ
イラン＝イラク戦争により悪化した財政を立て直すため，1990年イラクが侵攻した国はどこか。,クウェート,西アジア・北アフリカ
イラクによるクウェート侵攻に対応して，1991年アメリカを中心とした多国籍軍が派遣され，イラクを攻撃して起こった戦争を何というか。,湾岸戦争,西アジア・北アフリカ
1981年に「強いアメリカ」の復活を唱えてアメリカ大統領に就任し，当初，核軍拡やソ連に対する強硬姿勢をとった人物は誰か。,レーガン,南北アメリカ
減税や規制緩和などにより，民間の活力を利用して財政規模を縮小し，経済への介入の最小化を目指す政府を何と呼ぶか。,「小さな政府」,南北アメリカ
ソ連によるアフガニスタン侵攻やアメリカによるグレナダ侵攻などを背景に，米ソの対立が再び激化した状況を何というか。,第２次冷戦,ヨーロッパ
1985年，ソ連共産党書記長に就任し，情報公開（グラスノスチ）やペレストロイカなどの改革を行ったのは誰か。,ゴルバチョフ,ヨーロッパ
米ソ間で，核兵器搭載可能な中距離ミサイルの廃棄とその後の製造の中止を取り決め，1987年に調印された条約を何というか。,中距離核戦力（INF）全廃条約,南北アメリカ
1989年アメリカ大統領に就任し，冷戦終結に尽力した人物は誰か。,ブッシュ,南北アメリカ
1989年，米ソ両首脳が冷戦の終結を宣言した会談を何というか。,マルタ会談,南北アメリカ
1973年以降実施されている，為替相場を市場の取引に委ねる制度を何というか。,変動相場制,
第４次中東戦争に際し，アラブ産油国が行った戦略を何というか。,石油戦略,西アジア・北アフリカ
1972年スウェーデンのストックホルムで開催され，人間環境宣言が採択された国際会議を何というか。,国連人間環境会議,
イギリス保守党の女性首相で，規制緩和による民営化などの行政改革を行い，対外的にはフォークランド戦争に対応したのは誰か。,サッチャー,ヨーロッパ
西ドイツにおいて中道右派連立政権を率いて，ドイツ統一やヨーロッパ統合に尽力した首相は誰か。,コール,ヨーロッパ
日本の自由民主党政権の首相で，電電公社や国鉄・専売公社の民営化を進めた人物は誰か。,中曽根康弘,東アジア
1980年ポーランドに成立した，政府から自立した新しい自主管理労働組合を何というか。,連帯,ヨーロッパ
自主管理労働組合の議長を務め，後にポーランド大統領となったのは誰か。,ワレサ,ヨーロッパ
ルーマニアで独裁体制を敷いていたが，1989年反体制派により政権が崩壊して処刑された大統領は誰か。,チャウシェスク,ヨーロッパ
1989年，東ドイツ政府が東西ドイツ間の交通制限を解除したことによって開放されたものは何か。,ベルリンの壁,ヨーロッパ
1991年，東欧の民主化や東西ドイツ統一の流れの中で解消された，ソ連と東欧諸国の経済協力機構は何か。,経済相互援助会議（コメコン）,ヨーロッパ
冷戦終結後，1991年に解散したソ連と東欧諸国の軍事同盟は何か。,ワルシャワ条約機構,ヨーロッパ
ソ連の改革に反対する保守派クーデタを打倒し，ゴルバチョフに代わって実権を掌握したのは誰か。,エリツィン,ヨーロッパ
1991年ソ連から独立を承認されたエストニア・ラトヴィア・リトアニアの３国のことを何というか。,バルト３国,ヨーロッパ
1991年12月，ロシア連邦を中心に，ウクライナ・ベラルーシなど11の共和国によって結成された組織を何というか。,独立国家共同体（CIS）,ヨーロッパ
2000年から，エリツィンの後を受けてロシア連邦大統領となり，その後長期政権となったのは誰か。,プーチン,ヨーロッパ
独立を巡り，ロシアと激しく抗争した北カフカスの共和国はどこか。,チェチェン共和国,ヨーロッパ
1980年のティトーの死後，1991年に内戦が勃発した国はどこか。,ユーゴスラヴィア,ヨーロッパ
GATTを継承し，農産物や金融・知的所有権などの分野でも自由化や貿易紛争解決を図るために発足した国際機関を何というか。,世界貿易機関（WTO）,
1993年，マーストリヒト条約が発効して成立したヨーロッパの地域統合機構を何というか。,ヨーロッパ連合（EU）,ヨーロッパ
ヨーロッパの19カ国で導入されている共通通貨を何というか。,ユーロ,ヨーロッパ
1992年アメリカ・カナダ・メキシコの３カ国が調印し，関税の撤廃などを目指した自由貿易協定をアルファベットで答えよ。,NAFTA,南北アメリカ
1989年日本やアメリカ・オーストラリア・ASEAN諸国などで結成された，アジア太平洋地域の経済協力体制を何というか。,アジア太平洋経済協力会議（APEC）,太平洋
アフリカ統一機構を発展改組して2002年に成立した，アフリカ諸国の地域機構を何というか。,アフリカ連合（AU）,アフリカ
先進国に新興経済国11カ国を加えて2008年に発足した，金融に関する国際会議を何というか。,G20,
高い経済成長を続けるブラジル・インド・ロシア・中国・南アフリカの５カ国をまとめて何と呼称するか，アルファベットで答えよ。,BRICS,
旧ソ連のロシア共和国が改称し，旧ソ連政府を継承した国はどこか。,ロシア連邦,ヨーロッパ
東欧の民主化の流れの中で西ドイツへの脱出者が急増し，1989年失脚・辞任した東ドイツの共産党書記長は誰か。,ホネカー,ヨーロッパ
1991年，ユーゴスラヴィアから分離独立を宣言したのは，スロヴェニアとどこか。,クロアティア,ヨーロッパ
ユーゴスラヴィアが解体する中，1992年にセルビアとモンテネグロが結成した連邦を何というか。,新ユーゴスラヴィア連邦,ヨーロッパ
セルビア領内におけるアルバニア系住民への自治縮小から分離独立へと発展し，その後武装抗争が生じた地域はどこか。,コソヴォ,ヨーロッパ
イギリスとのフォークランド戦争（1982）に敗北し，1983年に軍部政権が倒れた南米の国を何というか。,アルゼンチン,南北アメリカ
1970年，チリにおいて左翼連合政権が樹立され，その首班となった人物は誰か。,アジェンデ,南北アメリカ
1973年，チリの左翼連合政権をクーデタによって打倒し，その後軍部による独裁を続け，選挙の結果1990年に失脚した人物は誰か。,ピノチェト,南北アメリカ
1979年の朴正熙大統領暗殺後，1980年に発生した民主化運動を何というか。,光州事件,東アジア
米ソ間の緊張緩和・冷戦終結の中，韓国とソ連が国交正常化し，その後1991年に南北朝鮮が行ったことは何か。,国連加盟,東アジア
1993年，韓国大統領に就任した文民出身の人物は誰か。,金泳三,東アジア
1998年に韓国大統領に就任し，太陽政策を展開して南北朝鮮の首脳会談を実現したのは誰か。,金大中,東アジア
1988年，台湾の総統に就任し，民主化を推進した人物は誰か。,李登輝,東アジア
インドネシアにおいて長期の独裁政権を維持したが，アジア通貨危機をきっかけに1998年退陣した大統領は誰か。,スハルト,東南アジア
文化大革命終了後，中国新指導部の中心となった人物は誰か。,鄧小平,東アジア
1989年，学生や知識人らの民主化要求運動に対し，中国政府が武力で鎮圧した事件を何というか。,天安門事件,東アジア
天安門事件を理由に解任された趙紫陽に代わって共産党総書記に就任し，1993年には国家主席となり改革を推進した人物は誰か。,江沢民,東アジア
1997年，イギリスから中国へ返還され，一国二制度が導入された地域はどこか。,香港,東アジア
1999年，ポルトガルから中国へ返還された地域はどこか。,マカオ,東アジア
胡錦濤の後，経済力と軍事力を強化する中でアメリカと対立し，国内では香港などへの統制を強めた中国の共産党総書記は誰か。,習近平,東アジア
1986年，ベトナムで採用された改革開放路線を何というか。,ドイモイ,東南アジア
1979年，ベトナム軍の介入によって崩壊したカンボジアの左派政権を何というか。,ポル＝ポト政権,東南アジア
ポル＝ポト政権崩壊を原因として勃発した，ベトナムと中国の紛争を何というか。,中越戦争,東南アジア
1994年，北朝鮮の金日成の死去により後継者となり，経済危機や食糧危機の中で核開発を進めるなどした人物は誰か。,金正日,東アジア
2003年，北朝鮮の核開発問題への対応のために関係各国により開かれた協議を何というか。,６カ国協議,東アジア
1958年に農村における集団生産などを目的に編成されたが，1985年には全て解体された組織を何というか。,人民公社,東アジア
2002年江沢民に代わって共産党総書記に就任し，2003年には国家主席に就任して中国の急速な経済成長を達成したのは誰か。,胡錦濤,東アジア
モンゴル人民共和国は，ソ連解体などの世界情勢の中，1992年に社会主義から離脱して何という国名に変更したか。,モンゴル国,東アジア
南アフリカ共和国の白人政権が行った人種隔離政策を何というか。,アパルトヘイト,アフリカ
アフリカ民族会議（ＡＮＣ）に参加して人種隔離政策の撤廃運動に活躍し，後に南アフリカ共和国の大統領となったのは誰か。,マンデラ,アフリカ
1991～92年頃に内戦が発生し，国連ＰＫＯの介入も失敗に終わったアフリカ東部の国はどこか。,ソマリア,アフリカ
1990年ツチ族とフツ族の対立から内戦が起こった国はどこか。,ルワンダ,アフリカ
ハイレ＝セラシエの帝政が倒れた後社会主義となったものの，経済政策に失敗し，その後反政府勢力によって政権が崩壊した国はどこか。,エチオピア,アフリカ
1993年，アメリカのクリントン大統領の仲介により，イスラエルとパレスチナの間で調印された協定を何というか。,パレスチナ暫定自治協定,西アジア・北アフリカ
1990年のイラクによるクウェート侵攻に対し，1991年アメリカを中心とする多国籍軍が派遣されて始まった戦争を何というか。,湾岸戦争,西アジア・北アフリカ
2001年，ニューヨークなどにおいて，アル＝カーイダなどが旅客機をハイジャックして起こした事件を何というか。,アメリカ同時多発テロ事件,南北アメリカ
2001年，ターリバーン政権がアル＝カーイダを匿っているとしてアメリカが攻撃した国はどこか。,アフガニスタン,中央アジア
紛争の平和的解決や治安維持を目的に，国連から派遣される軍隊や監視団を何というか。,国連平和維持活動（PKO）,
ドイツ生まれのユダヤ系物理学者で，相対性理論を発表し，第二次世界大戦後は平和運動にも努めた人物は誰か。,アインシュタイン,
1903年，ライト兄弟によって完成し，第一次世界大戦には兵器として活用され，以降は交通・輸送に利用されているものは何か。,航空機,
宇宙開発の分野において，世界で初めて人工衛星を打ち上げたのはどこの国か。,ソ連,
二酸化炭素など温室効果ガスによって引き起こされる地球規模の環境変化を何というか。,地球温暖化,
2015年の国連サミットで採択され，2030年までの15年間で世界の様々な課題を解決するための共通の目標を何というか。,SDGs,
生物学的な性別とは別に，社会規範や価値観等によって作られる性差を何というか。,ジェンダー,
各民族や地域の文化は，それぞれ独自の意義をもつものとして互いに尊重し，集団同士の共存と統合を目指す考え方を何というか。,多文化主義,